-- phpMyAdmin SQL Dump
-- version 5.2.1
-- https://www.phpmyadmin.net/
--
-- Máy chủ: 127.0.0.1
-- Thời gian đã tạo: Th12 06, 2025 lúc 08:00 AM
-- Phiên bản máy phục vụ: 10.4.32-MariaDB
-- Phiên bản PHP: 8.0.30

SET SQL_MODE = "NO_AUTO_VALUE_ON_ZERO";
START TRANSACTION;
SET time_zone = "+00:00";


/*!40101 SET @OLD_CHARACTER_SET_CLIENT=@@CHARACTER_SET_CLIENT */;
/*!40101 SET @OLD_CHARACTER_SET_RESULTS=@@CHARACTER_SET_RESULTS */;
/*!40101 SET @OLD_COLLATION_CONNECTION=@@COLLATION_CONNECTION */;
/*!40101 SET NAMES utf8mb4 */;

--
-- Cơ sở dữ liệu: `tracnghiemonline`
--

-- --------------------------------------------------------

--
-- Cấu trúc bảng cho bảng `cauhoi`
--

CREATE TABLE `cauhoi` (
  `macauhoi` int(11) NOT NULL,
  `noidung` varchar(500) NOT NULL,
  `dapan_dung` char(1) DEFAULT NULL CHECK (`dapan_dung` is null or `dapan_dung` in ('A','B','C','D')),
  `dokho` int(11) NOT NULL,
  `mamonhoc` varchar(20) NOT NULL,
  `machuong` int(11) NOT NULL,
  `nguoitao` varchar(50) DEFAULT NULL,
  `trangthai` int(11) DEFAULT 1,
  `loai` varchar(20) NOT NULL DEFAULT 'mcq',
  `madv` int(11) DEFAULT NULL,
  `hinhanh` mediumblob DEFAULT NULL
) ENGINE=InnoDB DEFAULT CHARSET=utf8mb4 COLLATE=utf8mb4_general_ci;

--
-- Đang đổ dữ liệu cho bảng `cauhoi`
--

INSERT INTO `cauhoi` (`macauhoi`, `noidung`, `dapan_dung`, `dokho`, `mamonhoc`, `machuong`, `nguoitao`, `trangthai`, `loai`, `madv`, `hinhanh`) VALUES
(1, 'Mô tả các thành phần chính của một trang web, bao gồm cấu trúc, phong cách và tương tác.', NULL, 1, 'LTW001', 1, 'GVBM001', 1, 'essay', NULL, NULL),
(2, 'Giải thích sự khác biệt giữa lập trình web tĩnh và lập trình web động, đưa ra ví dụ cho từng loại.', NULL, 1, 'LTW001', 1, 'GVBM001', 1, 'essay', NULL, NULL),
(3, 'Trình bày vai trò của CSS trong lập trình web và nêu một số selector cơ bản.', NULL, 2, 'LTW001', 1, 'GVBM001', 1, 'essay', NULL, NULL),
(4, 'Phân biệt giữa JavaScript client-side và server-side, đưa ra ví dụ ứng dụng.', NULL, 2, 'LTW001', 1, 'GVBM001', 1, 'essay', NULL, NULL),
(5, 'Mô tả cách hoạt động của trình duyệt web khi xử lý một trang web.', NULL, 2, 'LTW001', 1, 'GVBM001', 1, 'essay', NULL, NULL),
(6, 'Giải thích khái niệm server và client trong lập trình web, với ví dụ minh họa.', NULL, 3, 'LTW001', 1, 'GVBM001', 1, 'essay', NULL, NULL),
(7, 'So sánh các ngôn ngữ lập trình phổ biến cho backend như PHP, Node.js và Python.', NULL, 3, 'LTW001', 1, 'GVBM001', 1, 'essay', NULL, NULL),
(8, 'Trình bày các công cụ phát triển web cơ bản như editor code và dev tools trên trình duyệt.', NULL, 3, 'LTW001', 1, 'GVBM001', 1, 'essay', NULL, NULL),
(9, 'Đánh giá ưu nhược điểm của việc sử dụng framework frontend như React so với vanilla JavaScript.', NULL, 3, 'LTW001', 1, 'GVBM001', 1, 'essay', NULL, NULL),
(10, 'Trình bày khái niệm HTML và vai trò của nó trong việc xây dựng cấu trúc trang web.', NULL, 1, 'LTW001', 2, 'GVBM001', 1, 'essay', NULL, NULL),
(11, 'Giải thích khái niệm CSS và cách nó giúp định dạng giao diện trang web.', NULL, 1, 'LTW001', 2, 'GVBM001', 1, 'essay', NULL, NULL),
(12, 'Mô tả sự khác biệt giữa HTML và CSS, đưa ra ví dụ minh họa.', NULL, 1, 'LTW001', 2, 'GVBM001', 1, 'essay', NULL, NULL),
(13, 'Phân biệt các loại selector trong CSS (như class, id, tag) và nêu ví dụ sử dụng.', NULL, 2, 'LTW001', 2, 'GVBM001', 1, 'essay', NULL, NULL),
(14, 'Giải thích cách sử dụng thuộc tính CSS để định dạng văn bản, bao gồm font, color và alignment.', NULL, 2, 'LTW001', 2, 'GVBM001', 1, 'essay', NULL, NULL),
(15, 'Trình bày quy trình cascade trong CSS và cách priority được xác định.', NULL, 2, 'LTW001', 2, 'GVBM001', 1, 'essay', NULL, NULL),
(16, 'So sánh inline CSS, internal CSS và external CSS, đánh giá ưu nhược điểm của từng loại.', NULL, 3, 'LTW001', 2, 'GVBM001', 1, 'essay', NULL, NULL),
(17, 'Mô tả cách sử dụng Flexbox trong CSS để bố cục responsive, đưa ra ví dụ.', NULL, 3, 'LTW001', 2, 'GVBM001', 1, 'essay', NULL, NULL),
(18, 'Giải thích nguyên lý hoạt động của media queries trong CSS và ứng dụng trong thiết kế responsive.', NULL, 3, 'LTW001', 2, 'GVBM001', 1, 'essay', NULL, NULL),
(19, 'Đánh giá ưu nhược điểm của việc sử dụng framework CSS như Bootstrap so với viết CSS thuần.?', NULL, 2, 'LTW001', 2, 'GVBM001', 1, 'essay', NULL, NULL),
(20, 'Trình bày khái niệm JavaScript và vai trò của nó trong lập trình web.', NULL, 1, 'LTW001', 3, 'GVBM001', 1, 'essay', NULL, NULL),
(21, 'Giải thích sự khác biệt giữa JavaScript và các ngôn ngữ lập trình khác như HTML/CSS.', NULL, 1, 'LTW001', 3, 'GVBM001', 1, 'essay', NULL, NULL),
(22, 'Mô tả cách JavaScript giúp tạo ra các tương tác động trên trang web, đưa ra ví dụ minh họa.', NULL, 1, 'LTW001', 3, 'GVBM001', 1, 'essay', NULL, NULL),
(23, 'Phân biệt giữa biến, hằng số và kiểu dữ liệu cơ bản trong JavaScript.', NULL, 2, 'LTW001', 3, 'GVBM001', 1, 'essay', NULL, NULL),
(24, 'Giải thích cách sử dụng hàm (function) trong JavaScript, nêu ví dụ về hàm có tham số và hàm trả về giá trị.', NULL, 2, 'LTW001', 3, 'GVBM001', 1, 'essay', NULL, NULL),
(25, 'Trình bày quy trình xử lý sự kiện (event handling) trong JavaScript và cách gắn sự kiện vào các phần tử HTML.', NULL, 2, 'LTW001', 3, 'GVBM001', 1, 'essay', NULL, NULL),
(26, 'So sánh các cấu trúc điều khiển như if-else, switch và vòng lặp (for, while) trong JavaScript.', NULL, 3, 'LTW001', 3, 'GVBM001', 1, 'essay', NULL, NULL),
(27, 'Mô tả cách thao tác với DOM (Document Object Model) bằng JavaScript để thay đổi nội dung trang web động.', NULL, 3, 'LTW001', 3, 'GVBM001', 1, 'essay', NULL, NULL),
(28, 'Giải thích nguyên lý hoạt động của AJAX trong JavaScript và ứng dụng trong việc tải dữ liệu không đồng bộ.', NULL, 3, 'LTW001', 3, 'GVBM001', 1, 'essay', NULL, NULL),
(29, 'Đánh giá ưu nhược điểm của việc sử dụng thư viện JavaScript như jQuery so với JavaScript thuần.', NULL, 4, 'LTW001', 3, 'GVBM001', 1, 'essay', NULL, NULL),
(30, 'Trình bày khái niệm HTML và vai trò của nó trong việc xây dựng cấu trúc trang web.', NULL, 1, 'LTW001', 4, 'GVBM001', 1, 'essay', NULL, NULL),
(31, 'Giải thích khái niệm CSS và cách nó giúp định dạng giao diện trang web.', NULL, 1, 'LTW001', 4, 'GVBM001', 1, 'essay', NULL, NULL),
(32, 'Mô tả sự khác biệt giữa HTML và CSS, hãy đưa ra ví dụ minh họa cụ thể.', NULL, 1, 'LTW001', 4, 'GVBM001', 1, 'essay', NULL, NULL),
(33, 'HTML là ngôn ngữ đánh dấu hay ngôn ngữ lập trình? Giải thích lý do.', NULL, 1, 'LTW001', 4, 'GVBM001', 1, 'essay', NULL, NULL),
(34, 'Phân biệt các loại selector phổ biến trong CSS (tag selector, class selector, ID selector) và đưa ra ví dụ sử dụng từng loại.', NULL, 2, 'LTW001', 4, 'GVBM001', 1, 'essay', NULL, NULL),
(35, 'Giải thích cách sử dụng các thuộc tính CSS để định dạng văn bản (font-family, font-size, color, text-align, line-height…), kèm ví dụ code.', NULL, 2, 'LTW001', 4, 'GVBM001', 1, 'essay', NULL, NULL),
(36, 'Trình bày quy trình cascade trong CSS và cách trình duyệt xác định ưu tiên khi nhiều rule CSS cùng áp dụng cho một phần tử.', NULL, 2, 'LTW001', 4, 'GVBM001', 1, 'essay', NULL, NULL),
(37, 'Specificity trong CSS là gì? Hãy giải thích cách tính điểm specificity và đưa ra ví dụ khi có xung đột giữa class và ID.', NULL, 2, 'LTW001', 4, 'GVBM001', 1, 'essay', NULL, NULL),
(38, 'So sánh 3 cách nhúng CSS (inline, internal, external), phân tích ưu nhược điểm của từng cách và khuyến nghị sử dụng trong dự án thực tế.', NULL, 3, 'LTW001', 4, 'GVBM001', 1, 'essay', NULL, NULL),
(39, 'Mô tả cách sử dụng Flexbox để tạo bố cục responsive. Hãy giải thích ít nhất 5 thuộc tính quan trọng và viết ví dụ tạo thanh navigation ngang co giãn theo màn hình.', NULL, 3, 'LTW001', 4, 'GVBM001', 1, 'essay', NULL, NULL),
(40, 'Giải thích nguyên lý hoạt động của media queries và viết đoạn code chuyển layout từ 3 cột (desktop) thành 1 cột (mobile) khi màn hình ≤ 768px.', NULL, 3, 'LTW001', 4, 'GVBM001', 1, 'essay', NULL, NULL),
(41, 'Trình bày khái niệm “mobile-first” và cách viết media queries theo hướng mobile-first, kèm ví dụ minh họa.', NULL, 3, 'LTW001', 4, 'GVBM001', 1, 'essay', NULL, NULL),
(42, 'Đánh giá ưu điểm và nhược điểm của việc sử dụng framework CSS như Bootstrap so với viết CSS thuần (vanilla CSS).', NULL, 3, 'LTW001', 4, 'GVBM001', 1, 'essay', NULL, NULL),
(43, 'Bootstrap sử dụng hệ thống grid như thế nào? Hãy giải thích cấu tạo grid trong Bootstrap 5 và viết ví dụ layout 3 cột responsive (1 cột trên mobile, 3 cột trên desktop).', NULL, 3, 'LTW001', 4, 'GVBM001', 1, 'essay', NULL, NULL),
(44, 'Phân tích lý do tại sao nên sử dụng normalize.css hoặc reset CSS trong hầu hết các dự án web hiện đại.', NULL, 3, 'LTW001', 4, 'GVBM001', 1, 'essay', NULL, NULL),
(45, 'HTML là viết tắt của:', NULL, 1, 'LTW001', 2, 'GVBM001', 1, 'mcq', NULL, NULL),
(46, 'Thẻ nào dùng để tạo tiêu đề lớn nhất trong HTML?', NULL, 1, 'LTW001', 2, 'GVBM001', 1, 'mcq', NULL, NULL),
(47, 'Thẻ &lt;br&gt; có ý nghĩa gì trong HTML?', NULL, 1, 'LTW001', 2, 'GVBM001', 1, 'mcq', NULL, NULL),
(48, 'Thẻ nào dùng để chèn hình ảnh trong HTML?', NULL, 1, 'LTW001', 2, 'GVBM001', 1, 'mcq', NULL, NULL),
(49, 'Thuộc tính &quot;href&quot; được sử dụng trong thẻ nào?', NULL, 1, 'LTW001', 2, 'GVBM001', 1, 'mcq', NULL, NULL),
(50, 'CSS là viết tắt của:', NULL, 1, 'LTW001', 2, 'GVBM001', 1, 'mcq', NULL, NULL),
(51, 'Selector nào dưới đây chọn phần tử theo ID?', NULL, 2, 'LTW001', 2, 'GVBM001', 1, 'mcq', NULL, NULL),
(52, 'Để nhúng file CSS bên ngoài vào HTML, dùng thẻ nào?', NULL, 2, 'LTW001', 2, 'GVBM001', 1, 'mcq', NULL, NULL),
(53, 'Thuộc tính CSS nào dùng để thay đổi màu chữ?', NULL, 2, 'LTW001', 2, 'GVBM001', 1, 'mcq', NULL, NULL),
(54, 'Trong Flexbox, thuộc tính &quot;justify-content&quot; dùng để:', NULL, 2, 'LTW001', 2, 'GVBM001', 1, 'mcq', NULL, NULL),
(55, 'Thuộc tính nào sau đây KHÔNG thuộc về flex container?', NULL, 2, 'LTW001', 2, 'GVBM001', 1, 'mcq', NULL, NULL),
(56, 'Media query trong CSS được viết trong dấu nào?', NULL, 2, 'LTW001', 2, 'GVBM001', 1, 'mcq', NULL, NULL),
(57, 'Trong CSS, độ ưu tiên (specificity) cao nhất thuộc về:', NULL, 3, 'LTW001', 2, 'GVBM001', 1, 'mcq', NULL, NULL),
(58, 'Khi sử dụng Bootstrap 5, class nào tạo ra một container có chiều rộng cố định và căn giữa?', NULL, 3, 'LTW001', 2, 'GVBM001', 1, 'mcq', NULL, NULL),
(59, 'Trong hệ thống grid của Bootstrap 5, &quot;col-md-6&quot; có nghĩa là:', NULL, 3, 'LTW001', 2, 'GVBM001', 1, 'mcq', NULL, NULL),
(60, 'Thuộc tính nào trong Flexbox dùng để cho phép các item tự động xuống dòng khi hết chỗ?', NULL, 3, 'LTW001', 2, 'GVBM001', 1, 'mcq', NULL, NULL),
(61, 'Để override một rule CSS có !important, cách duy nhất là:', NULL, 3, 'LTW001', 2, 'GVBM001', 1, 'mcq', NULL, NULL),
(62, 'Trong Tailwind CSS, class &quot;md:text-xl&quot; có nghĩa là:', NULL, 3, 'LTW001', 2, 'GVBM001', 1, 'mcq', NULL, NULL),
(63, 'HTML là viết tắt của:', NULL, 1, 'LTW001', 1, 'GVBM001', 1, 'mcq', NULL, NULL),
(64, 'Thẻ nào dùng để tạo tiêu đề lớn nhất trong HTML?', NULL, 1, 'LTW001', 1, 'GVBM001', 1, 'mcq', NULL, NULL),
(65, 'Thẻ &lt;br&gt;có ý nghĩa gì trong HTML?&lt;/p&gt;', NULL, 1, 'LTW001', 1, 'GVBM001', 1, 'mcq', NULL, NULL),
(66, 'Thẻ nào dùng để chèn hình ảnh trong HTML?', NULL, 1, 'LTW001', 1, 'GVBM001', 1, 'mcq', NULL, NULL),
(67, 'Thuộc tính &quot;href&quot; được sử dụng trong thẻ nào?', NULL, 1, 'LTW001', 1, 'GVBM001', 1, 'mcq', NULL, NULL),
(68, 'CSS là viết tắt của:', NULL, 1, 'LTW001', 1, 'GVBM001', 1, 'mcq', NULL, NULL),
(69, 'Selector nào dưới đây chọn phần tử theo ID?', NULL, 2, 'LTW001', 1, 'GVBM001', 1, 'mcq', NULL, NULL),
(70, 'Để nhúng file CSS bên ngoài vào HTML, dùng thẻ nào?', NULL, 2, 'LTW001', 1, 'GVBM001', 1, 'mcq', NULL, NULL),
(71, 'Thuộc tính CSS nào dùng để thay đổi màu chữ?', NULL, 2, 'LTW001', 1, 'GVBM001', 1, 'mcq', NULL, NULL),
(72, 'Trong Flexbox, thuộc tính &quot;justify-content&quot; dùng để:', NULL, 2, 'LTW001', 1, 'GVBM001', 1, 'mcq', NULL, NULL),
(73, 'Thuộc tính nào sau đây KHÔNG thuộc về flex container?', NULL, 2, 'LTW001', 1, 'GVBM001', 1, 'mcq', NULL, NULL),
(74, 'Media query trong CSS được viết trong dấu nào?', NULL, 2, 'LTW001', 1, 'GVBM001', 1, 'mcq', NULL, NULL),
(75, 'Trong CSS, độ ưu tiên (specificity) cao nhất thuộc về:', NULL, 3, 'LTW001', 1, 'GVBM001', 1, 'mcq', NULL, NULL),
(76, 'Khi sử dụng Bootstrap 5, class nào tạo ra một container có chiều rộng cố định và căn giữa?', NULL, 3, 'LTW001', 1, 'GVBM001', 1, 'mcq', NULL, NULL),
(77, 'Trong hệ thống grid của Bootstrap 5, &quot;col-md-6&quot; có nghĩa là:', NULL, 3, 'LTW001', 1, 'GVBM001', 1, 'mcq', NULL, NULL),
(78, 'Thuộc tính nào trong Flexbox dùng để cho phép các item tự động xuống dòng khi hết chỗ?', NULL, 3, 'LTW001', 1, 'GVBM001', 1, 'mcq', NULL, NULL),
(79, 'Để override một rule CSS có !important, cách duy nhất là:', NULL, 3, 'LTW001', 1, 'GVBM001', 1, 'mcq', NULL, NULL),
(80, 'Trong Tailwind CSS, class &quot;md:text-xl&quot; có nghĩa là:', NULL, 3, 'LTW001', 1, 'GVBM001', 1, 'mcq', NULL, NULL),
(81, 'JavaScript được sử dụng chủ yếu để:', NULL, 1, 'LTW001', 3, 'GVBM001', 1, 'mcq', NULL, NULL),
(82, 'Thẻ nào dùng để nhúng JavaScript trực tiếp vào file HTML?', NULL, 1, 'LTW001', 3, 'GVBM001', 1, 'mcq', NULL, NULL),
(83, 'Câu lệnh nào dùng để hiển thị hộp thoại cảnh báo?', NULL, 1, 'LTW001', 3, 'GVBM001', 1, 'mcq', NULL, NULL),
(84, 'Biến trong JavaScript được khai báo bằng từ khóa nào sau đây là đúng?', NULL, 1, 'LTW001', 3, 'GVBM001', 1, 'mcq', NULL, NULL),
(85, 'Kiểu dữ liệu của giá trị null trong JavaScript là:', NULL, 1, 'LTW001', 3, 'GVBM001', 1, 'mcq', NULL, NULL),
(86, 'Kết quả của 10 + &quot;5&quot; trong JavaScript là:', NULL, 1, 'LTW001', 3, 'GVBM001', 1, 'mcq', NULL, NULL),
(87, 'Hàm document.getElementById() dùng để:', NULL, 2, 'LTW001', 3, 'GVBM001', 1, 'mcq', NULL, NULL),
(88, 'Sự kiện &quot;click&quot; được gắn vào phần tử như thế nào?', NULL, 2, 'LTW001', 3, 'GVBM001', 1, 'mcq', NULL, NULL),
(89, 'Phương thức nào dùng để thay đổi nội dung HTML của một phần tử?', NULL, 2, 'LTW001', 3, 'GVBM001', 1, 'mcq', NULL, NULL),
(90, 'Để ngăn hành vi mặc định của một liên kết (&lt;a&gt;), dùng lệnh nào trong sự kiện?', NULL, 2, 'LTW001', 3, 'GVBM001', 1, 'mcq', NULL, NULL),
(91, 'Kết quả của &quot;5&quot; == 5 trong JavaScript là:', NULL, 2, 'LTW001', 3, 'GVBM001', 1, 'mcq', NULL, NULL),
(92, 'Để thêm một phần tử con mới vào cuối một thẻ cha, dùng phương thức nào?', NULL, 2, 'LTW001', 3, 'GVBM001', 1, 'mcq', NULL, NULL),
(93, 'Sự khác biệt giữa == và === trong JavaScript là:', NULL, 3, 'LTW001', 3, 'GVBM001', 1, 'mcq', NULL, NULL),
(94, 'Event bubbling và event capturing khác nhau ở:', NULL, 3, 'LTW001', 3, 'GVBM001', 1, 'mcq', NULL, NULL),
(95, 'Phương thức addEventListener() có tham số thứ ba là true nghĩa là:', NULL, 3, 'LTW001', 3, 'GVBM001', 1, 'mcq', NULL, NULL),
(96, 'Để lấy giá trị người dùng nhập vào ô input, dùng thuộc tính nào?', NULL, 3, 'LTW001', 3, 'GVBM001', 1, 'mcq', NULL, NULL),
(97, 'Khi nào nên dùng debounce hoặc throttle trong JavaScript?', NULL, 3, 'LTW001', 3, 'GVBM001', 1, 'mcq', NULL, NULL),
(98, 'Kết quả của biểu thức 3 + 5 + &quot;8&quot; trong JavaScript là:', NULL, 1, 'LTW001', 5, 'GVBM001', 1, 'mcq', NULL, NULL),
(99, 'Câu lệnh console.log() dùng để:', NULL, 1, 'LTW001', 5, 'GVBM001', 1, 'mcq', NULL, NULL),
(100, 'Từ khóa const khác với let ở điểm nào?', NULL, 1, 'LTW001', 5, 'GVBM001', 1, 'mcq', NULL, NULL),
(101, 'Arrow function có cú pháp ngắn nhất là:', NULL, 1, 'LTW001', 5, 'GVBM001', 1, 'mcq', NULL, NULL),
(102, 'Phương thức querySelector() trả về:', NULL, 2, 'LTW001', 5, 'GVBM001', 1, 'mcq', NULL, NULL),
(103, 'Để thay đổi thuộc tính src của thẻ &lt;img&gt;, dùng cách nào?', NULL, 2, 'LTW001', 5, 'GVBM001', 1, 'mcq', NULL, NULL),
(104, 'Sự kiện &quot;DOMContentLoaded&quot; xảy ra khi nào?', NULL, 2, 'LTW001', 5, 'GVBM001', 1, 'mcq', NULL, NULL),
(105, 'Để xóa toàn bộ nội dung bên trong một thẻ div, dùng lệnh nào?', NULL, 2, 'LTW001', 5, 'GVBM001', 1, 'mcq', NULL, NULL),
(106, 'Template literal trong JavaScript được đặt trong dấu nào?', NULL, 2, 'LTW001', 5, 'GVBM001', 1, 'mcq', NULL, NULL),
(107, 'Phương thức nào dùng để chuyển chuỗi JSON thành object JavaScript?', NULL, 2, 'LTW001', 5, 'GVBM001', 1, 'mcq', NULL, NULL),
(108, 'Thẻ HTML semantic nào dùng để định nghĩa phần đầu trang (header)?', NULL, 1, 'LTW001', 1, 'GVBM001', 1, 'mcq', NULL, NULL),
(109, 'Thẻ &lt;nav&gt; được dùng để:', NULL, 1, 'LTW001', 1, 'GVBM001', 1, 'mcq', NULL, NULL),
(110, 'Thuộc tính CSS &quot;display: none&quot; khác với &quot;visibility: hidden&quot; ở điểm nào?', NULL, 1, 'LTW001', 1, 'GVBM001', 1, 'mcq', NULL, NULL),
(111, 'Đơn vị \"rem\" trong CSS dựa trên kích thước font của:', NULL, 1, 'LTW001', 1, 'GVBM001', 1, 'mcq', NULL, NULL),
(112, 'Viewport meta tag quan trọng nhất trong responsive là:', NULL, 1, 'LTW001', 1, 'GVBM001', 1, 'mcq', NULL, NULL),
(113, 'Thẻ &lt;main&gt; nên xuất hiện bao nhiêu lần trong một trang HTML?', NULL, 2, 'LTW001', 1, 'GVBM001', 1, 'mcq', NULL, NULL),
(114, 'Để tạo layout 2 cột (sidebar trái + nội dung phải) bằng Flexbox, thuộc tính nào đặt lên thẻ cha?', NULL, 2, 'LTW001', 1, 'GVBM001', 1, 'mcq', NULL, NULL),
(115, 'Thuộc tính CSS nào dùng để căn giữa tuyệt đối một phần tử con bên trong phần tử cha?', NULL, 2, 'LTW001', 1, 'GVBM001', 1, 'mcq', NULL, NULL),
(116, 'Breakpoint phổ biến cho tablet trong hầu hết framework là khoảng:', NULL, 2, 'LTW001', 1, 'GVBM001', 1, 'mcq', NULL, NULL),
(117, 'Trong Bootstrap 5, class .d-none sẽ:', NULL, 2, 'LTW001', 1, 'GVBM001', 1, 'mcq', NULL, NULL),
(118, 'Thuộc tính CSS grid-template-columns: repeat(3, 1fr) có nghĩa là:', NULL, 2, 'LTW001', 1, 'GVBM001', 1, 'mcq', NULL, NULL),
(119, 'Thẻ &lt;article&gt; và &lt;section&gt; khác nhau chủ yếu ở:', NULL, 3, 'LTW001', 1, 'GVBM001', 1, 'mcq', NULL, NULL),
(120, 'Để ưu tiên tải hình ảnh phù hợp với thiết bị, nên dùng thẻ/cấu trúc nào?', NULL, 3, 'LTW001', 1, 'GVBM001', 1, 'mcq', NULL, NULL),
(121, 'Trong CSS Grid, &quot;grid-gap&quot; đã được đổi tên chính thức thành gì từ năm 2020?', NULL, 3, 'LTW001', 1, 'GVBM001', 1, 'mcq', NULL, NULL),
(122, 'Accessibility (a11y): thuộc tính nào bắt buộc phải có khi dùng thẻ &lt;img&gt; có nội dung hình ảnh quan trọng?', NULL, 3, 'LTW001', 1, 'GVBM001', 1, 'mcq', NULL, NULL),
(123, 'Khi nào nên dùng display: contents trong CSS?', NULL, 3, 'LTW001', 1, 'GVBM001', 1, 'mcq', NULL, NULL),
(124, 'Trong Tailwind CSS, class nào tạo khoảng cách giữa các phần tử con đều nhau (giống justify-content: space-between)?', NULL, 3, 'LTW001', 1, 'GVBM001', 1, 'mcq', NULL, NULL),
(125, 'Kỹ thuật &quot;mobile-first&quot; yêu cầu:', NULL, 3, 'LTW001', 1, 'GVBM001', 1, 'mcq', NULL, NULL),
(126, 'Thuộc tính CSS container-type: inline-size dùng để kích hoạt:', NULL, 3, 'LTW001', 1, 'GVBM001', 1, 'mcq', NULL, NULL),
(127, 'Để làm cho một trang web đạt điểm tốt về Core Web Vitals, yếu tố nào dưới đây KHÔNG quan trọng nhất trong phần giao diện?', NULL, 3, 'LTW001', 1, 'GVBM001', 1, 'mcq', NULL, NULL),
(128, 'Ai là người phát minh ra World Wide Web?', NULL, 1, 'LTW001', 1, 'GVBM001', 1, 'reading', 82, NULL),
(129, 'Trang web đầu tiên trên thế giới ra đời vào ngày tháng năm nào?', NULL, 1, 'LTW001', 1, 'GVBM001', 1, 'reading', 82, NULL),
(130, 'Có bao nhiêu công nghệ cốt lõi tạo nên World Wide Web?', NULL, 1, 'LTW001', 1, 'GVBM001', 1, 'reading', 82, NULL),
(131, 'CERN đã làm gì vào năm 1993 để thúc đẩy sự phát triển của web?', NULL, 1, 'LTW001', 1, 'GVBM001', 1, 'reading', 82, NULL),
(132, 'Ban đầu, World Wide Web chỉ hiển thị được gì?', NULL, 1, 'LTW001', 1, 'GVBM001', 1, 'reading', 82, NULL),
(133, 'Thành phần nào được gọi là Client trong mô hình web?', NULL, 2, 'LTW001', 1, 'GVBM001', 1, 'reading', 83, NULL),
(134, 'DNS có nhiệm vụ chính là gì?', NULL, 2, 'LTW001', 1, 'GVBM001', 1, 'reading', 83, NULL),
(135, 'Giao thức chính để truyền tải trang web là gì?', NULL, 2, 'LTW001', 1, 'GVBM001', 1, 'reading', 83, NULL),
(136, 'Bước đầu tiên khi nhập “facebook.com” vào trình duyệt là gì?', NULL, 2, 'LTW001', 1, 'GVBM001', 1, 'reading', 83, NULL),
(137, 'Server trả về cho trình duyệt những loại dữ liệu chính nào?', NULL, 2, 'LTW001', 1, 'GVBM001', 1, 'reading', 83, NULL),
(138, 'Website tĩnh có đặc điểm nào sau đây?', NULL, 2, 'LTW001', 1, 'GVBM001', 1, 'reading', 84, NULL),
(139, 'Website động thường cần công nghệ nào phía server?', NULL, 2, 'LTW001', 1, 'GVBM001', 1, 'reading', 84, NULL),
(140, 'Ví dụ điển hình của website động là gì?', NULL, 2, 'LTW001', 1, 'GVBM001', 1, 'reading', 84, NULL),
(141, 'Ưu điểm lớn nhất của website tĩnh là gì?', NULL, 2, 'LTW001', 1, 'GVBM001', 1, 'reading', 84, NULL),
(142, 'Hiện nay hầu hết các trang thương mại điện tử thuộc loại nào?', NULL, 2, 'LTW001', 1, 'GVBM001', 1, 'reading', 84, NULL),
(143, 'Frontend chủ yếu sử dụng công nghệ nào?', NULL, 3, 'LTW001', 1, 'GVBM001', 1, 'reading', 85, NULL),
(144, 'Backend chịu trách nhiệm chính về gì?', NULL, 3, 'LTW001', 1, 'GVBM001', 1, 'reading', 85, NULL),
(145, 'Full-stack developer có khả năng gì?', NULL, 3, 'LTW001', 1, 'GVBM001', 1, 'reading', 85, NULL),
(146, 'Ngày nay các công ty vừa và nhỏ thường ưu tiên tuyển loại lập trình viên nào?', NULL, 3, 'LTW001', 1, 'GVBM001', 1, 'reading', 85, NULL),
(147, 'Phần nào người dùng cuối KHÔNG nhìn thấy trực tiếp?', NULL, 3, 'LTW001', 1, 'GVBM001', 1, 'reading', 85, NULL),
(148, 'HTML là viết tắt của gì?', NULL, 1, 'LTW001', 2, 'GVBM001', 1, 'reading', 86, NULL),
(149, 'CSS được sử dụng để làm gì?', NULL, 1, 'LTW001', 2, 'GVBM001', 1, 'reading', 86, NULL),
(150, 'Thẻ nào được dùng để tạo tiêu đề chính trong HTML?', NULL, 1, 'LTW001', 2, 'GVBM001', 1, 'reading', 86, NULL),
(151, 'Để tạo một liên kết trong HTML, ta dùng thẻ nào?', NULL, 1, 'LTW001', 2, 'GVBM001', 1, 'reading', 86, NULL),
(152, 'Trong CSS, thuộc tính nào dùng để thay đổi màu nền?', NULL, 1, 'LTW001', 2, 'GVBM001', 1, 'reading', 86, NULL),
(153, '', NULL, 2, 'LTW001', 2, 'GVBM001', 0, 'reading', 87, NULL),
(154, 'Selector nào trong CSS dùng để chọn tất cả các thẻ &lt;p&gt;?', NULL, 2, 'LTW001', 2, 'GVBM001', 0, 'reading', 87, NULL),
(155, 'Để áp dụng CSS cho một thẻ cụ thể, ta có thể dùng gì?', NULL, 2, 'LTW001', 2, 'GVBM001', 0, 'reading', 87, NULL),
(156, 'Thuộc tính CSS nào dùng để thay đổi khoảng cách bên ngoài của một thẻ?', NULL, 2, 'LTW001', 2, 'GVBM001', 0, 'reading', 87, NULL),
(157, 'Thẻ HTML nào dùng để liên kết file CSS ngoài?', NULL, 2, 'LTW001', 2, 'GVBM001', 0, 'reading', 87, NULL),
(158, 'Thuộc tính CSS nào dùng để sắp xếp các phần tử theo hàng hoặc cột?', NULL, 3, 'LTW001', 2, 'GVBM001', 1, 'reading', 88, NULL),
(159, 'Media query trong CSS dùng để làm gì?', NULL, 3, 'LTW001', 2, 'GVBM001', 1, 'reading', 88, NULL),
(160, 'Thuộc tính nào trong CSS dùng để tạo lưới layout?', NULL, 3, 'LTW001', 2, 'GVBM001', 1, 'reading', 88, NULL),
(161, 'Responsive design giúp trang web hiển thị tốt trên thiết bị nào?', NULL, 3, 'LTW001', 2, 'GVBM001', 1, 'reading', 88, NULL),
(162, 'Flexbox trong CSS thường dùng để làm gì?', NULL, 3, 'LTW001', 2, 'GVBM001', 1, 'reading', 88, NULL),
(163, 'JavaScript là ngôn ngữ chạy ở đâu chính?', NULL, 1, 'LTW001', 3, 'GVBM001', 1, 'reading', 89, NULL),
(164, 'JavaScript giúp trang web trở nên như thế nào?', NULL, 1, 'LTW001', 3, 'GVBM001', 1, 'reading', 89, NULL),
(165, 'Ngôn ngữ JavaScript có thể làm gì cho HTML?', NULL, 1, 'LTW001', 3, 'GVBM001', 1, 'reading', 89, NULL),
(166, 'JavaScript thường dùng để phản hồi hành động nào của người dùng?', NULL, 1, 'LTW001', 3, 'GVBM001', 1, 'reading', 89, NULL),
(167, 'Để viết JavaScript trong HTML, ta dùng thẻ nào?', NULL, 1, 'LTW001', 3, 'GVBM001', 1, 'reading', 89, NULL),
(168, '', NULL, 2, 'LTW001', 3, 'GVBM001', 0, 'reading', 90, NULL),
(169, 'Kiểu dữ liệu nào trong JavaScript dùng để lưu văn bản?', NULL, 2, 'LTW001', 3, 'GVBM001', 0, 'reading', 90, NULL),
(170, 'Kết quả của phép toán 5 + &quot;5&quot; là gì trong JavaScript?', NULL, 2, 'LTW001', 3, 'GVBM001', 0, 'reading', 90, NULL),
(171, 'Kiểu dữ liệu Boolean có giá trị nào?', NULL, 2, 'LTW001', 3, 'GVBM001', 0, 'reading', 90, NULL),
(172, 'Để tạo mảng lưu nhiều giá trị, ta dùng cú pháp nào?', NULL, 2, 'LTW001', 3, 'GVBM001', 0, 'reading', 90, NULL),
(173, 'DOM là gì trong JavaScript?', NULL, 3, 'LTW001', 3, 'GVBM001', 1, 'reading', 91, NULL),
(174, 'Để chọn phần tử theo id, ta dùng phương thức nào?', NULL, 3, 'LTW001', 3, 'GVBM001', 1, 'reading', 91, NULL),
(175, 'Sự kiện nào dùng để xử lý khi người dùng nhấn nút chuột?', NULL, 3, 'LTW001', 3, 'GVBM001', 1, 'reading', 91, NULL),
(176, 'Phương thức nào dùng để thay đổi nội dung HTML của một phần tử?', NULL, 3, 'LTW001', 3, 'GVBM001', 1, 'reading', 91, NULL),
(177, 'Phương thức nào dùng để thêm hàm xử lý sự kiện vào phần tử?', NULL, 3, 'LTW001', 3, 'GVBM001', 1, 'reading', 91, NULL),
(178, 'Ajax trong JavaScript dùng để làm gì?', NULL, 3, 'LTW001', 3, 'GVBM001', 1, 'reading', 92, NULL),
(179, 'Hàm fetch thường trả về dữ liệu ở định dạng nào?', NULL, 3, 'LTW001', 3, 'GVBM001', 1, 'reading', 92, NULL),
(180, 'Để xử lý dữ liệu nhận về từ server, ta thường dùng gì?', NULL, 3, 'LTW001', 3, 'GVBM001', 1, 'reading', 92, NULL),
(181, 'Framework JavaScript nào giúp tạo tương tác động và component dễ dàng?', NULL, 3, 'LTW001', 3, 'GVBM001', 1, 'reading', 92, NULL),
(182, 'Khi dùng Ajax, hành vi nào xảy ra mà không cần tải lại trang?', NULL, 3, 'LTW001', 3, 'GVBM001', 1, 'reading', 92, NULL),
(183, '', NULL, 2, 'LTW001', 3, 'GVBM001', 0, 'reading', 90, NULL),
(184, 'Kiểu dữ liệu nào trong JavaScript dùng để lưu văn bản?', NULL, 2, 'LTW001', 3, 'GVBM001', 0, 'reading', 90, NULL),
(185, 'Kết quả của phép toán 5 + &amp;quot;5&amp;quot; là gì trong JavaScript?', NULL, 2, 'LTW001', 3, 'GVBM001', 0, 'reading', 90, NULL),
(186, 'Kiểu dữ liệu Boolean có giá trị nào?', NULL, 2, 'LTW001', 3, 'GVBM001', 0, 'reading', 90, NULL),
(187, 'Để tạo mảng lưu nhiều giá trị, ta dùng cú pháp nào?', NULL, 2, 'LTW001', 3, 'GVBM001', 0, 'reading', 90, NULL),
(188, '', NULL, 2, 'LTW001', 3, 'GVBM001', 0, 'reading', 90, NULL),
(189, 'Kiểu dữ liệu nào trong JavaScript dùng để lưu văn bản?', NULL, 2, 'LTW001', 3, 'GVBM001', 0, 'reading', 90, NULL),
(190, 'Kết quả của phép toán 5 + &amp;amp;quot;5&amp;amp;quot; là gì trong JavaScript?', NULL, 2, 'LTW001', 3, 'GVBM001', 0, 'reading', 90, NULL),
(191, 'Kiểu dữ liệu Boolean có giá trị nào?', NULL, 2, 'LTW001', 3, 'GVBM001', 0, 'reading', 90, NULL),
(192, 'Để tạo mảng lưu nhiều giá trị, ta dùng cú pháp nào?', NULL, 2, 'LTW001', 3, 'GVBM001', 0, 'reading', 90, NULL),
(193, '', NULL, 2, 'LTW001', 3, 'GVBM001', 0, 'reading', 90, NULL),
(194, 'Kiểu dữ liệu nào trong JavaScript dùng để lưu văn bản?', NULL, 2, 'LTW001', 3, 'GVBM001', 0, 'reading', 90, NULL),
(195, 'Kết quả của phép toán 5 + &amp;amp;amp;quot;5&amp;amp;amp;quot; là gì trong JavaScript?', NULL, 2, 'LTW001', 3, 'GVBM001', 0, 'reading', 90, NULL),
(196, 'Kiểu dữ liệu Boolean có giá trị nào?', NULL, 2, 'LTW001', 3, 'GVBM001', 0, 'reading', 90, NULL),
(197, 'Để tạo mảng lưu nhiều giá trị, ta dùng cú pháp nào?', NULL, 2, 'LTW001', 3, 'GVBM001', 0, 'reading', 90, NULL),
(198, '', NULL, 2, 'LTW001', 2, 'GVBM001', 0, 'reading', 87, NULL),
(199, 'Selector nào trong CSS dùng để chọn tất cả các thẻ &amp;lt;p&amp;gt;?', NULL, 2, 'LTW001', 2, 'GVBM001', 0, 'reading', 87, NULL),
(200, 'Để áp dụng CSS cho một thẻ cụ thể, ta có thể dùng gì?', NULL, 2, 'LTW001', 2, 'GVBM001', 0, 'reading', 87, NULL),
(201, 'Thuộc tính CSS nào dùng để thay đổi khoảng cách bên ngoài của một thẻ?', NULL, 2, 'LTW001', 2, 'GVBM001', 0, 'reading', 87, NULL),
(202, 'Thẻ HTML nào dùng để liên kết file CSS ngoài?', NULL, 2, 'LTW001', 2, 'GVBM001', 0, 'reading', 87, NULL),
(203, 'Thẻ &lt;p&gt; dùng để làm gì?', NULL, 2, 'LTW001', 1, 'GVBM001', 1, 'mcq', NULL, NULL),
(204, '', NULL, 2, 'LTW001', 2, 'GVBM001', 0, 'reading', 87, NULL),
(205, 'Selector nào trong CSS dùng để chọn tất cả các thẻ &amp;amp;lt;p&amp;amp;gt;?', NULL, 2, 'LTW001', 2, 'GVBM001', 0, 'reading', 87, NULL),
(206, 'Để áp dụng CSS cho một thẻ cụ thể, ta có thể dùng gì?', NULL, 2, 'LTW001', 2, 'GVBM001', 0, 'reading', 87, NULL),
(207, 'Thuộc tính CSS nào dùng để thay đổi khoảng cách bên ngoài của một thẻ?', NULL, 2, 'LTW001', 2, 'GVBM001', 0, 'reading', 87, NULL),
(208, 'Thẻ HTML nào dùng để liên kết file CSS ngoài?', NULL, 2, 'LTW001', 2, 'GVBM001', 0, 'reading', 87, NULL),
(209, '', NULL, 2, 'LTW001', 2, 'GVBM001', 0, 'reading', 87, NULL),
(210, 'Selector nào trong CSS dùng để chọn tất cả các thẻ &amp;amp;amp;lt;p&amp;amp;amp;gt;?', NULL, 2, 'LTW001', 2, 'GVBM001', 0, 'reading', 87, NULL),
(211, 'Để áp dụng CSS cho một thẻ cụ thể, ta có thể dùng gì?', NULL, 2, 'LTW001', 2, 'GVBM001', 0, 'reading', 87, NULL),
(212, 'Thuộc tính CSS nào dùng để thay đổi khoảng cách bên ngoài của một thẻ?', NULL, 2, 'LTW001', 2, 'GVBM001', 0, 'reading', 87, NULL),
(213, 'Thẻ HTML nào dùng để liên kết file CSS ngoài?', NULL, 2, 'LTW001', 2, 'GVBM001', 0, 'reading', 87, NULL),
(214, '', NULL, 2, 'LTW001', 2, 'GVBM001', 0, 'reading', 87, NULL),
(215, 'Selector nào trong CSS dùng để chọn tất cả các thẻ &amp;amp;amp;amp;lt;p&amp;amp;amp;amp;gt;?', NULL, 2, 'LTW001', 2, 'GVBM001', 0, 'reading', 87, NULL),
(216, 'Để áp dụng CSS cho một thẻ cụ thể, ta có thể dùng gì?', NULL, 2, 'LTW001', 2, 'GVBM001', 0, 'reading', 87, NULL),
(217, 'Thuộc tính CSS nào dùng để thay đổi khoảng cách bên ngoài của một thẻ?', NULL, 2, 'LTW001', 2, 'GVBM001', 0, 'reading', 87, NULL),
(218, 'Thẻ HTML nào dùng để liên kết file CSS ngoài?', NULL, 2, 'LTW001', 2, 'GVBM001', 0, 'reading', 87, NULL),
(219, '', NULL, 2, 'LTW001', 2, 'GVBM001', 0, 'reading', 87, NULL),
(220, 'Để áp dụng CSS cho một thẻ cụ thể, ta có thể dùng gì?', NULL, 2, 'LTW001', 2, 'GVBM001', 0, 'reading', 87, NULL),
(221, 'Thuộc tính CSS nào dùng để thay đổi khoảng cách bên ngoài của một thẻ?', NULL, 2, 'LTW001', 2, 'GVBM001', 0, 'reading', 87, NULL),
(222, 'Thẻ HTML nào dùng để liên kết file CSS ngoài?', NULL, 2, 'LTW001', 2, 'GVBM001', 0, 'reading', 87, NULL),
(223, 'CSS có thể được nhúng bằng cách nào?', NULL, 2, 'LTW001', 2, 'GVBM001', 0, 'reading', 87, NULL),
(224, '', NULL, 2, 'LTW001', 2, 'GVBM001', 0, 'reading', 87, NULL),
(225, 'Thuộc tính CSS nào dùng để thay đổi khoảng cách bên ngoài của một thẻ?', NULL, 2, 'LTW001', 2, 'GVBM001', 0, 'reading', 87, NULL),
(226, 'CSS có thể được nhúng bằng cách nào?', NULL, 2, 'LTW001', 2, 'GVBM001', 0, 'reading', 87, NULL),
(227, 'Thẻ HTML nào dùng để liên kết file CSS ngoài?', NULL, 2, 'LTW001', 2, 'GVBM001', 0, 'reading', 87, NULL),
(228, '', NULL, 2, 'LTW001', 3, 'GVBM001', 0, 'reading', 90, NULL),
(229, 'Kiểu dữ liệu nào trong JavaScript dùng để lưu văn bản?', NULL, 2, 'LTW001', 3, 'GVBM001', 0, 'reading', 90, NULL),
(230, 'Kết quả của phép toán 5 + &lt;5&gt; là gì trong JavaScript?', NULL, 2, 'LTW001', 3, 'GVBM001', 0, 'reading', 90, NULL),
(231, 'Để tạo mảng lưu nhiều giá trị, ta dùng cú pháp nào?', NULL, 2, 'LTW001', 3, 'GVBM001', 0, 'reading', 90, NULL),
(232, 'Kiểu dữ liệu Boolean có giá trị nào?', NULL, 2, 'LTW001', 3, 'GVBM001', 0, 'reading', 90, NULL),
(233, '', NULL, 2, 'LTW001', 3, 'GVBM001', 0, 'reading', 90, NULL),
(234, 'Kiểu dữ liệu nào trong JavaScript dùng để lưu văn bản?', NULL, 2, 'LTW001', 3, 'GVBM001', 0, 'reading', 90, NULL),
(235, 'Để tạo mảng lưu nhiều giá trị, ta dùng cú pháp nào?', NULL, 2, 'LTW001', 3, 'GVBM001', 0, 'reading', 90, NULL),
(236, 'Kiểu dữ liệu Boolean có giá trị nào?', NULL, 2, 'LTW001', 3, 'GVBM001', 0, 'reading', 90, NULL),
(237, '', NULL, 2, 'LTW001', 2, 'GVBM001', 0, 'reading', 87, NULL),
(238, 'Thuộc tính CSS nào dùng để thay đổi khoảng cách bên ngoài của một thẻ?', NULL, 2, 'LTW001', 2, 'GVBM001', 0, 'reading', 87, NULL),
(239, 'Thẻ HTML nào dùng để liên kết file CSS ngoài?', NULL, 2, 'LTW001', 2, 'GVBM001', 0, 'reading', 87, NULL),
(240, 'Để khai báo một biến không thay đổi giá trị, dùng từ khóa nào?', NULL, 2, 'LTW001', 3, 'GVBM001', 1, 'reading', 90, NULL),
(241, 'Kiểu dữ liệu nào trong JavaScript dùng để lưu văn bản?', NULL, 2, 'LTW001', 3, 'GVBM001', 1, 'reading', 90, NULL),
(242, 'Để tạo mảng lưu nhiều giá trị, ta dùng cú pháp nào?', NULL, 2, 'LTW001', 3, 'GVBM001', 1, 'reading', 90, NULL),
(243, 'Kiểu dữ liệu Boolean có giá trị nào?', NULL, 2, 'LTW001', 3, 'GVBM001', 1, 'reading', 90, NULL),
(244, 'Thẻ nào &lt;p&gt; dùng để nhấn mạnh cho văn bản', NULL, 2, 'LTW001', 2, 'GVBM001', 1, 'mcq', NULL, NULL),
(245, '', NULL, 2, 'LTW001', 2, 'GVBM001', 0, 'reading', 87, NULL),
(246, 'Thuộc tính CSS nào dùng để thay đổi khoảng cách bên ngoài của một thẻ?', NULL, 2, 'LTW001', 2, 'GVBM001', 0, 'reading', 87, NULL),
(247, 'Thẻ HTML nào dùng để liên kết file CSS ngoài?', NULL, 2, 'LTW001', 2, 'GVBM001', 0, 'reading', 87, NULL),
(248, 'Để áp dụng CSS cho một thẻ cụ thể, ta có thể dùng gì?', NULL, 2, 'LTW001', 2, 'GVBM001', 1, 'reading', 87, NULL),
(249, 'Thẻ HTML nào dùng để liên kết file CSS ngoài?', NULL, 2, 'LTW001', 2, 'GVBM001', 1, 'reading', 87, NULL),
(250, 'Thuộc tính CSS nào dùng để thay đổi khoảng cách bên ngoài của một thẻ?', NULL, 2, 'LTW001', 2, 'GVBM001', 1, 'reading', 87, NULL),
(251, 'chọn ảnh đúng', NULL, 2, 'LTDD001', 21, 'GVBM001', 1, 'mcq', NULL, NULL),
(252, 'Ảnh nào là thằng thuận', NULL, 2, 'LTDD001', 21, 'GVBM001', 1, 'mcq', NULL, NULL),
(253, 'mmmmmmm', NULL, 2, 'LTDD001', 22, 'GVBM001', 1, 'mcq', NULL, NULL),
(254, 'thẻ <a>', NULL, 2, 'LTDD001', 22, 'GVBM001', 1, 'mcq', NULL, NULL),
(255, 'thê <a>', NULL, 3, 'LTDD001', 21, 'GVBM001', 1, 'mcq', NULL, NULL);

-- --------------------------------------------------------

--
-- Cấu trúc bảng cho bảng `cautraloi`
--

CREATE TABLE `cautraloi` (
  `macautl` int(11) NOT NULL,
  `macauhoi` int(11) NOT NULL,
  `noidungtl` varchar(500) NOT NULL,
  `ladapan` tinyint(1) NOT NULL,
  `hinhanh` mediumblob DEFAULT NULL
) ENGINE=InnoDB DEFAULT CHARSET=utf8mb4 COLLATE=utf8mb4_general_ci;

--
-- Đang đổ dữ liệu cho bảng `cautraloi`
--

INSERT INTO `cautraloi` (`macautl`, `macauhoi`, `noidungtl`, `ladapan`, `hinhanh`) VALUES
(9, 47, 'Tạo đoạn văn mới', 0, NULL),
(10, 47, 'Ngắt dòng (line break)', 1, NULL),
(11, 47, 'Tạo liên kết', 0, NULL),
(12, 47, 'In đậm văn bản', 0, NULL),
(13, 48, '&lt;picture&gt;', 0, NULL),
(14, 48, '&lt;img&gt;', 1, NULL),
(15, 48, '&lt;image&gt;', 0, NULL),
(16, 48, '&lt;src&gt;', 0, NULL),
(17, 49, '&lt;img&gt;', 0, NULL),
(18, 49, '&lt;div&gt;', 0, NULL),
(19, 49, '&lt;a&gt;', 1, NULL),
(20, 49, '&lt;p&gt;', 0, NULL),
(21, 50, 'Creative Style Sheets', 0, NULL),
(22, 50, 'Cascading Style Sheets', 1, NULL),
(23, 50, 'Computer Style Sheets', 0, NULL),
(24, 50, 'Colorful Style Sheets', 0, NULL),
(25, 51, '.myclass', 0, NULL),
(26, 51, '#myid', 1, NULL),
(27, 51, 'p', 0, NULL),
(28, 51, '*', 0, NULL),
(29, 52, '&lt;style&gt;', 0, NULL),
(30, 52, '&lt;css&gt;', 0, NULL),
(31, 52, '&lt;link&gt;', 1, NULL),
(32, 52, '&lt;script&gt;', 0, NULL),
(33, 53, 'font-color', 0, NULL),
(34, 53, 'text-color', 0, NULL),
(35, 53, 'color', 1, NULL),
(36, 53, 'font-style', 0, NULL),
(37, 54, 'Căn chỉnh các item theo trục chính', 1, NULL),
(38, 54, 'Căn chỉnh các item theo trục phụ', 0, NULL),
(39, 54, 'Thay đổi hướng flex', 0, NULL),
(40, 54, 'Tạo khoảng cách giữa các item', 0, NULL),
(41, 55, 'flex-direction', 0, NULL),
(42, 55, 'justify-content', 0, NULL),
(43, 55, 'align-items', 0, NULL),
(44, 55, 'order', 1, NULL),
(45, 56, '{ }', 0, NULL),
(46, 56, '( )', 0, NULL),
(47, 56, '@media', 1, NULL),
(48, 56, 'a', 0, NULL),
(49, 57, 'Element selector', 0, NULL),
(50, 57, 'Class selector', 0, NULL),
(51, 57, 'ID selector', 0, NULL),
(52, 57, '!important', 1, NULL),
(53, 58, '.container', 1, NULL),
(54, 58, '.container-fluid', 0, NULL),
(55, 58, '.wrapper', 0, NULL),
(56, 58, '.box', 0, NULL),
(57, 59, 'Chiếm 6 cột trên mọi màn hình', 0, NULL),
(58, 59, 'Chiếm 50% chiều rộng từ breakpoint medium trở lên', 1, NULL),
(59, 59, 'Chiếm 6 cột chỉ trên mobile', 0, NULL),
(60, 59, 'Chiếm 6 cột trên màn hình lớn nhất', 0, NULL),
(61, 60, 'flex-wrap: wrap', 1, NULL),
(62, 60, 'flex-flow: row', 0, NULL),
(63, 60, 'align-content: stretch', 0, NULL),
(64, 60, 'justify-content: space-between', 0, NULL),
(65, 61, 'Dùng selector có specificity cao hơn', 0, NULL),
(66, 61, 'Dùng một !important khác', 1, NULL),
(67, 61, 'Dùng inline style', 0, NULL),
(68, 61, 'Không thể override', 0, NULL),
(69, 62, 'Font-size xl trên mọi màn hình', 0, NULL),
(70, 62, 'Font-size xl chỉ trên mobile', 0, NULL),
(71, 62, 'Font-size xl từ breakpoint medium trở lên', 1, NULL),
(72, 62, 'Font-size xl trên màn hình lớn nhất', 0, NULL),
(73, 63, 'Hyper Text Markup Language', 1, NULL),
(74, 63, 'High Transfer Markup Language', 0, NULL),
(75, 63, 'Hyperlink Text Markup Language', 0, NULL),
(76, 63, 'Home Tool Markup Language', 0, NULL),
(77, 64, '&lt;head&gt;', 0, NULL),
(78, 64, '&lt;h1&gt;', 1, NULL),
(79, 64, '&lt;title&gt;', 0, NULL),
(80, 64, '&lt;header&gt;', 0, NULL),
(85, 66, '&lt;picture&gt;', 0, NULL),
(86, 66, '&lt;img&gt;', 1, NULL),
(87, 66, '&lt;image&gt;', 0, NULL),
(88, 66, '&lt;src&gt;', 0, NULL),
(89, 67, '&lt;img&gt;', 0, NULL),
(90, 67, '&lt;div&gt;', 0, NULL),
(91, 67, '&lt;a&gt;', 1, NULL),
(92, 67, '&lt;p&gt;', 0, NULL),
(93, 68, 'Creative Style Sheets', 0, NULL),
(94, 68, 'Cascading Style Sheets', 1, NULL),
(95, 68, 'Computer Style Sheets', 0, NULL),
(96, 68, 'Colorful Style Sheets', 0, NULL),
(97, 69, '.myclass', 0, NULL),
(98, 69, '#myid', 1, NULL),
(99, 69, 'p', 0, NULL),
(100, 69, '*', 0, NULL),
(101, 70, '&lt;style&gt;', 0, NULL),
(102, 70, '&lt;css&gt;', 0, NULL),
(103, 70, '&lt;link&gt;', 1, NULL),
(104, 70, '&lt;script&gt;', 0, NULL),
(105, 71, 'font-color', 0, NULL),
(106, 71, 'text-color', 0, NULL),
(107, 71, 'color', 1, NULL),
(108, 71, 'font-style', 0, NULL),
(109, 72, 'Căn chỉnh các item theo trục chính', 1, NULL),
(110, 72, 'Căn chỉnh các item theo trục phụ', 0, NULL),
(111, 72, 'Thay đổi hướng flex', 0, NULL),
(112, 72, 'Tạo khoảng cách giữa các item', 0, NULL),
(113, 73, 'flex-direction', 0, NULL),
(114, 73, 'justify-content', 0, NULL),
(115, 73, 'align-items', 0, NULL),
(116, 73, 'order', 1, NULL),
(117, 74, '{ }', 0, NULL),
(118, 74, '( )', 0, NULL),
(119, 74, '@media', 1, NULL),
(120, 74, '&lt;!-- --&gt;', 0, NULL),
(121, 75, 'Element selector', 0, NULL),
(122, 75, 'Class selector', 0, NULL),
(123, 75, 'ID selector', 0, NULL),
(124, 75, '!important', 1, NULL),
(125, 76, '.container', 1, NULL),
(126, 76, '.container-fluid', 0, NULL),
(127, 76, '.wrapper', 0, NULL),
(128, 76, '.box', 0, NULL),
(129, 77, 'Chiếm 6 cột trên mọi màn hình', 0, NULL),
(130, 77, 'Chiếm 50% chiều rộng từ breakpoint medium trở lên', 1, NULL),
(131, 77, 'Chiếm 6 cột chỉ trên mobile', 0, NULL),
(132, 77, 'Chiếm 6 cột trên màn hình lớn nhất', 0, NULL),
(133, 78, 'flex-wrap: wrap', 1, NULL),
(134, 78, 'flex-flow: row', 0, NULL),
(135, 78, 'align-content: stretch', 0, NULL),
(136, 78, 'justify-content: space-between', 0, NULL),
(137, 79, 'Dùng selector có specificity cao hơn', 0, NULL),
(138, 79, 'Dùng một !important khác', 1, NULL),
(139, 79, 'Dùng inline style', 0, NULL),
(140, 79, 'Không thể override', 0, NULL),
(141, 80, 'Font-size xl trên mọi màn hình', 0, NULL),
(142, 80, 'Font-size xl chỉ trên mobile', 0, NULL),
(143, 80, 'Font-size xl từ breakpoint medium trở lên', 1, NULL),
(144, 80, 'Font-size xl trên màn hình lớn nhất', 0, NULL),
(145, 81, 'Thiết kế giao diện tĩnh', 0, NULL),
(146, 81, 'Tạo hiệu ứng và tương tác trên trang web', 1, NULL),
(147, 81, 'Lưu trữ dữ liệu trên server', 0, NULL),
(148, 81, 'Tạo cấu trúc HTML', 0, NULL),
(149, 82, '&lt;js&gt;', 0, NULL),
(150, 82, '&lt;javascript&gt;', 0, NULL),
(151, 82, '&lt;script&gt;', 1, NULL),
(152, 82, '&lt;code&gt;', 0, NULL),
(153, 83, 'console.log()', 0, NULL),
(154, 83, 'alert()', 1, NULL),
(155, 83, 'prompt()', 0, NULL),
(156, 83, 'confirm()', 0, NULL),
(157, 84, 'var, let, const', 1, NULL),
(158, 84, 'variable, let, constant', 0, NULL),
(159, 84, 'v, l, c', 0, NULL),
(160, 84, 'declare, set, fixed', 0, NULL),
(161, 85, 'string', 0, NULL),
(162, 85, 'object', 1, NULL),
(163, 85, 'null', 0, NULL),
(164, 85, 'undefined', 0, NULL),
(165, 86, '15', 0, NULL),
(166, 86, '&quot;105&quot;', 1, NULL),
(167, 86, 'Lỗi', 0, NULL),
(168, 86, '105', 0, NULL),
(169, 87, 'Lấy tất cả phần tử cùng class', 0, NULL),
(170, 87, 'Lấy phần tử theo ID duy nhất', 1, NULL),
(171, 87, 'Tạo phần tử mới', 0, NULL),
(172, 87, 'Xóa phần tử', 0, NULL),
(173, 88, 'element.onclick = function() { ... }', 1, NULL),
(174, 88, 'element.onhover = function() { ... }', 0, NULL),
(175, 88, 'element.onsubmit = function() { ... }', 0, NULL),
(176, 88, 'element.onchange = function() { ... }', 0, NULL),
(177, 89, 'innerHTML', 1, NULL),
(178, 89, 'outerHTML', 0, NULL),
(179, 89, 'textContent', 0, NULL),
(180, 89, 'value', 0, NULL),
(181, 90, 'preventDefault()', 0, NULL),
(182, 90, 'stopPropagation()', 0, NULL),
(183, 90, 'return false', 0, NULL),
(184, 90, 'Cả A và C đều đúng', 1, NULL),
(185, 91, 'false', 0, NULL),
(186, 91, 'true', 1, NULL),
(187, 91, 'Lỗi', 0, NULL),
(188, 91, 'undefined', 0, NULL),
(189, 92, 'appendChild()', 1, NULL),
(190, 92, 'insertBefore()', 0, NULL),
(191, 92, 'removeChild()', 0, NULL),
(192, 92, 'replaceChild()', 0, NULL),
(193, 93, '== so sánh giá trị, === so sánh cả giá trị và kiểu dữ liệu', 1, NULL),
(194, 93, '=== nhanh hơn ==', 0, NULL),
(195, 93, '== chỉ dùng cho số, === chỉ dùng cho chuỗi', 0, NULL),
(196, 93, 'Không có khác biệt', 0, NULL),
(197, 94, 'Thứ tự lan truyền sự kiện (từ trong ra hay từ ngoài vào)', 1, NULL),
(198, 94, 'Loại sự kiện (click hay submit)', 0, NULL),
(199, 94, 'Chỉ bubbling tồn tại trong IE cũ', 0, NULL),
(200, 94, 'Capturing chỉ dùng cho touch event', 0, NULL),
(201, 95, 'Ngăn hành vi mặc định', 0, NULL),
(202, 95, 'Sử dụng chế độ capturing thay vì bubbling', 1, NULL),
(203, 95, 'Xóa sự kiện sau khi chạy một lần', 0, NULL),
(204, 95, 'Chỉ chạy trên mobile', 0, NULL),
(205, 96, 'innerText', 0, NULL),
(206, 96, 'textContent', 0, NULL),
(207, 96, 'value', 1, NULL),
(208, 96, 'innerHTML', 0, NULL),
(209, 97, 'Khi xử lý sự kiện scroll, resize, keyup để giảm số lần gọi hàm', 1, NULL),
(210, 97, 'Khi muốn làm chậm tốc độ mạng', 0, NULL),
(211, 97, 'Khi cần tăng tốc độ chạy vòng lặp', 0, NULL),
(212, 97, 'Khi làm việc với Promise', 0, NULL),
(213, 98, '88', 0, NULL),
(214, 98, '&quot;88&quot;', 1, NULL),
(215, 98, '16', 0, NULL),
(216, 98, '&quot;158&quot;', 0, NULL),
(217, 99, 'Hiển thị thông báo cho người dùng', 0, NULL),
(218, 99, 'Ghi log ra console của trình duyệt (F12)', 1, NULL),
(219, 99, 'Tạo cửa sổ xác nhận', 0, NULL),
(220, 99, 'Lưu dữ liệu vào localStorage', 0, NULL),
(225, 101, '() =&gt; { return biểu_thức }', 0, NULL),
(226, 101, '() =&gt; biểu_thức', 1, NULL),
(227, 101, 'function() { return biểu_thức }', 0, NULL),
(228, 101, 'func =&gt; biểu_thức', 0, NULL),
(229, 102, 'Tất cả phần tử phù hợp', 0, NULL),
(230, 102, 'Chỉ phần tử đầu tiên phù hợp', 1, NULL),
(231, 102, 'Một NodeList', 0, NULL),
(232, 102, 'Một HTMLCollection', 0, NULL),
(233, 103, 'img.src = &quot;new.jpg&quot;', 0, NULL),
(234, 103, 'img.setAttribute(&quot;src&quot;, &quot;new.jpg&quot;)', 0, NULL),
(235, 103, 'img.value = &quot;new.jpg&quot;', 0, NULL),
(236, 103, 'Cả A và B đều đúng', 1, NULL),
(237, 104, 'Khi toàn bộ trang (bao gồm hình ảnh) tải xong', 0, NULL),
(238, 104, 'Khi HTML đã được parse xong (chưa cần tải hình ảnh, CSS)', 1, NULL),
(239, 104, 'Khi người dùng rời khỏi trang', 0, NULL),
(240, 104, 'Khi click vào nút', 0, NULL),
(241, 105, 'div.innerHTML = &quot;&quot;', 1, NULL),
(242, 105, 'div.remove()', 0, NULL),
(243, 105, 'div.textContent = null', 0, NULL),
(244, 105, 'div.clear()', 0, NULL),
(245, 106, '&quot; &quot;', 0, NULL),
(246, 106, '&apos; &apos;', 0, NULL),
(247, 106, '` `', 1, NULL),
(248, 106, '(( ))', 0, NULL),
(249, 107, 'JSON.parse()', 1, NULL),
(250, 107, 'JSON.stringify()', 0, NULL),
(251, 107, 'parseJSON()', 0, NULL),
(252, 107, 'JSON.object()', 0, NULL),
(253, 108, '&lt;head&gt;', 0, NULL),
(254, 108, '&lt;header&gt;', 1, NULL),
(255, 108, '&lt;top&gt;', 0, NULL),
(256, 108, '&lt;banner&gt;', 0, NULL),
(257, 109, 'Định nghĩa thanh điều hướng (menu)', 1, NULL),
(258, 109, 'Định nghĩa nội dung chính', 0, NULL),
(259, 109, 'Định nghĩa chân trang', 0, NULL),
(260, 109, 'Chèn hình ảnh', 0, NULL),
(261, 110, 'display: none không chiếm không gian, visibility: hidden vẫn chiếm', 1, NULL),
(262, 110, 'visibility: hidden không chiếm không gian', 0, NULL),
(263, 110, 'Cả hai đều giống nhau', 0, NULL),
(264, 110, 'display: none chỉ dùng cho hình ảnh', 0, NULL),
(269, 112, '&lt;meta name=&quot;width&quot; content=&quot;1200&quot;&gt;', 0, NULL),
(270, 112, '&lt;meta name=&quot;viewport&quot; content=&quot;width=device-width, initial-scale=1&quot;&gt;', 1, NULL),
(271, 112, '&lt;meta name=&quot;responsive&quot; content=&quot;true&quot;&gt;', 0, NULL),
(272, 112, '&lt;meta charset=&quot;utf-8&quot;&gt;', 0, NULL),
(273, 113, 'Nhiều lần được', 0, NULL),
(274, 113, 'Chỉ một lần duy nhất', 1, NULL),
(275, 113, 'Không được dùng', 0, NULL),
(276, 113, 'Phải đặt trong &lt;header&gt;', 0, NULL),
(277, 114, 'flex-direction: row', 1, NULL),
(278, 114, 'display: grid', 0, NULL),
(279, 114, 'float: left', 0, NULL),
(280, 114, 'position: absolute', 0, NULL),
(281, 115, 'margin: auto', 0, NULL),
(282, 115, 'top: 50%; left: 50%; transform: translate(-50%, -50%)', 1, NULL),
(283, 115, 'text-align: center', 0, NULL),
(284, 115, 'vertical-align: middle', 0, NULL),
(285, 116, '480px', 0, NULL),
(286, 116, '768px', 1, NULL),
(287, 116, '1200px', 0, NULL),
(288, 116, '1920px', 0, NULL),
(289, 117, 'Ẩn phần tử trên mọi kích thước màn hình', 1, NULL),
(290, 117, 'Hiện phần tử trên mọi kích thước', 0, NULL),
(291, 117, 'Ẩn chỉ trên mobile', 0, NULL),
(292, 117, 'Chỉ ẩn trên desktop', 0, NULL),
(293, 118, 'Tạo 3 cột có chiều rộng bằng nhau', 1, NULL),
(294, 118, 'Tạo 3 cột có chiều rộng tự động', 0, NULL),
(295, 118, 'Tạo 3 hàng', 0, NULL),
(296, 118, 'Tạo 1 cột lặp lại 3 lần với chiều rộng cố định', 0, NULL),
(297, 119, '&lt;article&gt; là nội dung độc lập, có thể đứng riêng; &lt;section&gt; là nhóm nội dung theo chủ đề', 1, NULL),
(298, 119, '&lt;article&gt; chỉ dùng cho blog, &lt;section&gt; chỉ dùng cho layout', 0, NULL),
(299, 119, 'Không có khác biệt', 0, NULL),
(300, 119, '&lt;section&gt; có thể chứa nhiều &lt;article&gt;, ngược lại thì không', 0, NULL),
(301, 120, '&lt;img src=&quot;large.jpg&quot;&gt;', 0, NULL),
(302, 120, '&lt;picture&gt; kết hợp &lt;source&gt; và srcset', 1, NULL),
(303, 120, 'Chỉ dùng background-image', 0, NULL),
(304, 120, 'Dùng &lt;img&gt; với width và height cố định', 0, NULL),
(305, 121, 'column-gap / row-gap', 0, NULL),
(306, 121, 'gap', 0, NULL),
(307, 121, 'spacing', 0, NULL),
(308, 121, 'Cả A và B đều đúng (gap là shorthand)', 1, NULL),
(309, 122, 'src', 0, NULL),
(310, 122, 'alt', 1, NULL),
(311, 122, 'title', 0, NULL),
(312, 122, 'loading=&quot;lazy&quot;', 0, NULL),
(313, 123, 'Khi muốn phần tử cha biến mất về mặt hiển thị nhưng vẫn giữ các phần tử con trong luồng DOM', 1, NULL),
(314, 123, 'Khi muốn ẩn hoàn toàn phần tử', 0, NULL),
(315, 123, 'Khi cần tạo flex container', 0, NULL),
(316, 123, 'Khi dùng với hình ảnh', 0, NULL),
(317, 124, 'justify-between', 1, NULL),
(318, 124, 'space-x-4', 0, NULL),
(319, 124, 'gap-4', 0, NULL),
(320, 124, 'flex-between', 0, NULL),
(321, 125, 'Viết CSS cơ bản cho mobile trước, sau đó dùng media query để mở rộng cho màn hình lớn', 1, NULL),
(322, 125, 'Viết CSS cho desktop trước, rồi thu nhỏ dần', 0, NULL),
(323, 125, 'Chỉ viết CSS cho mobile', 0, NULL),
(324, 125, 'Không cần media query', 0, NULL),
(325, 126, 'Container Queries (truy vấn theo kích thước của container cha, không phải viewport)', 1, NULL),
(326, 126, 'Grid layout', 0, NULL),
(327, 126, 'Flexbox', 0, NULL),
(328, 126, 'Media Queries', 0, NULL),
(329, 127, 'Largest Contentful Paint (LCP)', 0, NULL),
(330, 127, 'First Input Delay (FID) / Interaction to Next Paint (INP)', 0, NULL),
(331, 127, 'Cumulative Layout Shift (CLS)', 0, NULL),
(332, 127, 'Sử dụng càng nhiều thư viện JS càng tốt', 1, NULL),
(333, 128, 'Bill Gates', 0, NULL),
(334, 128, 'Steve Jobs', 0, NULL),
(335, 128, 'Tim Berners-Lee', 1, NULL),
(336, 128, 'Larry Page', 0, NULL),
(337, 129, '20/12/1990', 0, NULL),
(338, 129, '6/8/1991', 1, NULL),
(339, 129, '1/1/1993', 0, NULL),
(340, 129, '6/8/1993', 0, NULL),
(341, 130, '2', 0, NULL),
(342, 130, '3', 1, NULL),
(343, 130, '4', 0, NULL),
(344, 130, '5', 0, NULL),
(345, 131, 'Bán bản quyền', 0, NULL),
(346, 131, 'Công khai miễn phí toàn bộ công nghệ', 1, NULL),
(347, 131, 'Chỉ cho phép châu Âu sử dụng', 0, NULL),
(348, 131, 'Chuyển sang dùng Java', 0, NULL),
(349, 132, 'Video và âm thanh', 0, NULL),
(350, 132, 'Văn bản và liên kết siêu văn bản', 1, NULL),
(351, 132, 'Hình ảnh động', 0, NULL),
(352, 132, 'Ứng dụng chạy trực tiếp', 0, NULL),
(353, 133, 'Web Server', 0, NULL),
(354, 133, 'Database', 0, NULL),
(355, 133, 'Trình duyệt web', 1, NULL),
(356, 133, 'Router', 0, NULL),
(357, 134, 'Lưu trữ hình ảnh', 0, NULL),
(358, 134, 'Chuyển tên miền thành địa chỉ IP', 1, NULL),
(359, 134, 'Mã hóa dữ liệu', 0, NULL),
(360, 134, 'Tạo file HTML', 0, NULL),
(361, 135, 'FTP', 0, NULL),
(362, 135, 'SMTP', 0, NULL),
(363, 135, 'HTTP/HTTPS', 1, NULL),
(364, 135, 'SSH', 0, NULL),
(365, 136, 'Tải hình ảnh', 0, NULL),
(366, 136, 'Hỏi DNS để lấy địa chỉ IP', 1, NULL),
(367, 136, 'Gửi email', 0, NULL),
(368, 136, 'Mở file index.php', 0, NULL),
(369, 137, 'File .exe và .zip', 0, NULL),
(370, 137, 'HTML, CSS, JavaScript', 1, NULL),
(371, 137, 'File Word và Excel', 0, NULL),
(372, 137, 'Chỉ có hình ảnh', 0, NULL),
(373, 138, 'Nội dung thay đổi theo từng người dùng', 0, NULL),
(374, 138, 'Nội dung cố định với mọi người', 1, NULL),
(375, 138, 'Phải kết nối database', 0, NULL),
(376, 138, 'Chạy JavaScript phía server', 0, NULL),
(377, 139, 'Chỉ HTML và CSS', 0, NULL),
(378, 139, 'PHP, Node.js, Python…', 1, NULL),
(379, 139, 'Chỉ hình ảnh', 0, NULL),
(380, 139, 'Chỉ Bootstrap', 0, NULL),
(381, 140, 'Trang giới thiệu công ty 1 trang', 0, NULL),
(382, 140, 'Facebook, Shopee, YouTube', 1, NULL),
(383, 140, 'Blog cá nhân chỉ dùng HTML', 0, NULL),
(384, 140, 'Trang portfolio tĩnh', 0, NULL),
(385, 141, 'Có thể đăng nhập người dùng', 0, NULL),
(386, 141, 'Tốc độ tải nhanh và dễ triển khai', 1, NULL),
(387, 141, 'Hiển thị nội dung theo thời gian thực', 0, NULL),
(388, 141, 'Cần server mạnh', 0, NULL),
(389, 142, 'Tĩnh hoàn toàn', 0, NULL),
(390, 142, 'Động', 1, NULL),
(391, 142, 'Chỉ dùng HTML5', 0, NULL),
(392, 142, 'Không cần Internet', 0, NULL),
(393, 143, 'MySQL, MongoDB', 0, NULL),
(394, 143, 'HTML, CSS, JavaScript', 1, NULL),
(395, 143, 'Apache, Nginx', 0, NULL),
(396, 143, 'Linux Server', 0, NULL),
(397, 144, 'Thiết kế giao diện đẹp', 0, NULL),
(398, 144, 'Xử lý dữ liệu, logic và database', 1, NULL),
(399, 144, 'Tối ưu hình ảnh', 0, NULL),
(400, 144, 'Viết hiệu ứng animation', 0, NULL),
(401, 145, 'Chỉ làm giao diện', 0, NULL),
(402, 145, 'Chỉ làm server và database', 0, NULL),
(403, 145, 'Làm được cả frontend và backend', 1, NULL),
(404, 145, 'Chỉ làm DevOps', 0, NULL),
(405, 146, 'Chỉ frontend', 0, NULL),
(406, 146, 'Chỉ backend', 0, NULL),
(407, 146, 'Full-stack', 1, NULL),
(408, 146, 'Chỉ tester', 0, NULL),
(409, 147, 'Giao diện trang web', 0, NULL),
(410, 147, 'Màu sắc và bố cục', 0, NULL),
(411, 147, 'Backend và cơ sở dữ liệu', 1, NULL),
(412, 147, 'Hiệu ứng hover', 0, NULL),
(413, 148, 'HyperText Markup Language', 1, NULL),
(414, 148, 'Hyperlink Transfer Markup Language', 0, NULL),
(415, 148, 'HighText Machine Language', 0, NULL),
(416, 148, 'Hyperlink Text Machine', 0, NULL),
(417, 149, 'Lưu trữ dữ liệu', 0, NULL),
(418, 149, 'Định dạng giao diện trang web', 1, NULL),
(419, 149, 'Tạo cơ sở dữ liệu', 0, NULL),
(420, 149, 'Xử lý logic nghiệp vụ', 0, NULL),
(421, 150, '&lt;p&gt;', 0, NULL),
(422, 150, '&lt;h1&gt;', 1, NULL),
(423, 150, '&lt;div&gt;', 0, NULL),
(424, 150, '&lt;span&gt;', 0, NULL),
(425, 151, '&lt;link&gt;', 0, NULL),
(426, 151, '&lt;a&gt;', 1, NULL),
(427, 151, '&lt;img&gt;', 0, NULL),
(428, 151, '&lt;button&gt;', 0, NULL),
(429, 152, 'color', 0, NULL),
(430, 152, 'font-size', 0, NULL),
(431, 152, 'background-color', 1, NULL),
(432, 152, 'margin', 0, NULL),
(453, 158, 'float', 0, NULL),
(454, 158, 'flex', 1, NULL),
(455, 158, 'background', 0, NULL),
(456, 158, 'display-none', 0, NULL),
(457, 159, 'Kiểm tra tốc độ mạng', 0, NULL),
(458, 159, 'Tạo hiệu ứng hover', 0, NULL),
(459, 159, 'Thiết kế responsive cho nhiều màn hình', 1, NULL),
(460, 159, 'Tối ưu hình ảnh', 0, NULL),
(461, 160, 'grid', 1, NULL),
(462, 160, 'margin', 0, NULL),
(463, 160, 'padding', 0, NULL),
(464, 160, 'color', 0, NULL),
(465, 161, 'Desktop, tablet, mobile', 1, NULL),
(466, 161, 'Chỉ desktop', 0, NULL),
(467, 161, 'Chỉ mobile', 0, NULL),
(468, 161, 'Chỉ tablet', 0, NULL),
(469, 162, 'Lưu dữ liệu', 0, NULL),
(470, 162, 'Xử lý logic', 0, NULL),
(471, 162, 'Sắp xếp phần tử theo hàng hoặc cột', 1, NULL),
(472, 162, 'Tạo cơ sở dữ liệu', 0, NULL),
(473, 163, 'Trên server', 0, NULL),
(474, 163, 'Trên trình duyệt', 1, NULL),
(475, 163, 'Chỉ trên máy tính', 0, NULL),
(476, 163, 'Chỉ trong cơ sở dữ liệu', 0, NULL),
(477, 164, 'Tĩnh và cố định', 0, NULL),
(478, 164, 'Động và tương tác', 1, NULL),
(479, 164, 'Chỉ hiển thị hình ảnh', 0, NULL),
(480, 164, 'Chỉ hiển thị văn bản', 0, NULL),
(481, 165, 'Thay đổi nội dung, cấu trúc và style của HTML', 1, NULL),
(482, 165, 'Chỉ tạo file HTML mới', 0, NULL),
(483, 165, 'Chỉ định nghĩa CSS', 0, NULL),
(484, 165, 'Lưu dữ liệu vào database', 0, NULL),
(485, 166, 'Nhấn nút, nhập form, di chuột', 1, NULL),
(486, 166, 'Cài đặt server', 0, NULL),
(487, 166, 'Tối ưu hình ảnh', 0, NULL),
(488, 166, 'Chỉnh sửa database trực tiếp', 0, NULL),
(489, 167, '&lt;script&gt;', 1, NULL),
(490, 167, '&lt;style&gt;', 0, NULL),
(491, 167, '&lt;link&gt;', 0, NULL),
(492, 167, '&lt;div&gt;', 0, NULL),
(513, 173, 'Ngôn ngữ lập trình', 0, NULL),
(514, 173, 'Cấu trúc cây của HTML', 1, NULL),
(515, 173, 'Server database', 0, NULL),
(516, 173, 'Kiểu dữ liệu mới', 0, NULL),
(517, 174, 'document.getElementsByClassName', 0, NULL),
(518, 174, 'document.getElementById', 1, NULL),
(519, 174, 'document.querySelectorAll', 0, NULL),
(520, 174, 'document.createElement', 0, NULL),
(521, 175, 'onchange', 0, NULL),
(522, 175, 'onmouseover', 0, NULL),
(523, 175, 'onclick', 1, NULL),
(524, 175, 'onload', 0, NULL),
(525, 176, 'element.style', 0, NULL),
(526, 176, 'element.innerHTML', 1, NULL),
(527, 176, 'element.addEventListener', 0, NULL),
(528, 176, 'element.appendChild', 0, NULL),
(529, 177, 'element.innerHTML', 0, NULL),
(530, 177, 'element.addEventListener', 1, NULL),
(531, 177, 'element.getAttribute', 0, NULL),
(532, 177, 'element.querySelector', 0, NULL),
(533, 178, 'Tải lại toàn bộ trang', 0, NULL),
(534, 178, 'Giao tiếp với server mà không tải lại trang', 1, NULL),
(535, 178, 'Chỉnh sửa CSS tĩnh', 0, NULL),
(536, 178, 'Tạo file HTML mới', 0, NULL),
(537, 179, 'HTML, CSS, JavaScript', 0, NULL),
(538, 179, 'JSON hoặc text', 1, NULL),
(539, 179, 'Image hoặc video', 0, NULL),
(540, 179, 'SQL', 0, NULL),
(541, 180, 'function callback hoặc promise', 1, NULL),
(542, 180, 'CSS selector', 0, NULL),
(543, 180, 'HTML form', 0, NULL),
(544, 180, 'chỉ innerHTML', 0, NULL),
(545, 181, 'React, Vue, Angular', 1, NULL),
(546, 181, 'Bootstrap, Tailwind', 0, NULL),
(547, 181, 'PHP, Node.js', 0, NULL),
(548, 181, 'MySQL, MongoDB', 0, NULL),
(549, 182, 'Gửi yêu cầu HTTP và nhận dữ liệu', 1, NULL),
(550, 182, 'Thay đổi URL', 0, NULL),
(551, 182, 'Chỉ hiển thị hình ảnh', 0, NULL),
(552, 182, 'Lưu file trực tiếp', 0, NULL),
(717, 65, 'Tạo đoạn văn mới', 0, NULL),
(718, 65, 'Ngắt dòng (line break)', 1, NULL),
(719, 65, 'Tạo liên kết', 0, NULL),
(720, 65, 'In đậm văn bản', 0, NULL),
(777, 203, 'Dùng cho đoạn văn', 1, NULL),
(778, 203, 'Dùng cho ảnh', 0, NULL),
(779, 203, 'Tạo liên kết', 0, NULL),
(780, 203, 'In đậm văn bản', 0, NULL),
(885, 240, 'var', 0, NULL),
(886, 240, 'let', 0, NULL),
(887, 240, 'const', 1, NULL),
(888, 240, 'function', 0, NULL),
(889, 241, 'Number', 0, NULL),
(890, 241, 'String', 1, NULL),
(891, 241, 'Boolean', 0, NULL),
(892, 241, 'Array', 0, NULL),
(893, 242, '{1, 2, 3}', 0, NULL),
(894, 242, '[1, 2, 3]', 1, NULL),
(895, 242, '(1, 2, 3)', 0, NULL),
(896, 242, '{1, 2, 3]', 0, NULL),
(897, 243, 'true hoặc false', 1, NULL),
(898, 243, '0 hoặc 1', 0, NULL),
(899, 243, '&quot;true&quot; hoặc &quot;false&quot;', 0, NULL),
(900, 243, 'undefined', 0, NULL),
(936, 248, 'class hoặc id', 1, NULL),
(937, 248, 'chỉ HTML', 0, NULL),
(938, 248, 'JavaScript', 0, NULL),
(939, 248, 'URL', 0, NULL),
(940, 249, '&lt;script&gt;', 0, NULL),
(941, 249, '&lt;style&gt;', 0, NULL),
(942, 249, '&lt;link&gt;', 1, NULL),
(943, 249, '&lt;meta&gt;', 0, NULL),
(944, 250, 'padding', 0, NULL),
(945, 250, 'margin', 1, NULL),
(946, 250, 'border', 0, NULL),
(947, 250, 'width', 0, NULL),
(960, 100, 'const không thể gán lại giá trị sau khi khai báo', 1, NULL),
(961, 100, 'const có phạm vi toàn cục', 0, NULL),
(962, 100, 'const chậm hơn let', 0, NULL),
(963, 100, 'const chỉ dùng cho object', 0, NULL),
(992, 46, '&lt;head&gt;', 0, NULL),
(993, 46, '&lt;h1&gt;', 1, NULL),
(994, 46, '&lt;title&gt;', 0, NULL),
(995, 46, '&lt;header&gt;', 0, NULL),
(1090, 45, 'Hyper Text Markup Language', 0, NULL),
(1091, 45, 'High Transfer Markup Language', 1, NULL),
(1092, 45, 'Hyperlink Text Markup Language', 0, NULL),
(1093, 45, 'Home Tool Markup Language', 0, NULL),
(1097, 252, 'mmmmmm', 1, NULL),
(1098, 252, '', 0, NULL),
(1100, 253, '', 1, NULL),
(1105, 244, 'thẻ &lta&gt', 0, NULL),
(1106, 244, 'thẻ &ltstrong&gt', 1, NULL),
(1107, 244, 'thẻ &ltp&gt', 0, NULL),
(1108, 244, 'thẻ &lth1&gt', 0, NULL),
(1110, 254, 'thẻ &lta&gt', 1, NULL),
(1111, 255, 'thẻ &lta&gt', 1, NULL),
(1112, 255, 'thẻ &ltc&gt', 0, NULL),
(1113, 111, 'Phần tử cha', 0, NULL),
(1114, 111, 'Phần tử hiện tại', 0, NULL),
(1115, 111, 'Thẻ <html> (root)', 1, NULL),
(1116, 111, 'Màn hình thiết bị', 0, NULL);

-- --------------------------------------------------------

--
-- Cấu trúc bảng cho bảng `cham_tuluan`
--

CREATE TABLE `cham_tuluan` (
  `id` int(11) NOT NULL,
  `makq` int(11) NOT NULL,
  `macauhoi` int(11) NOT NULL,
  `diem` double DEFAULT 0
) ENGINE=InnoDB DEFAULT CHARSET=utf8mb4 COLLATE=utf8mb4_general_ci;

--
-- Đang đổ dữ liệu cho bảng `cham_tuluan`
--

INSERT INTO `cham_tuluan` (`id`, `makq`, `macauhoi`, `diem`) VALUES
(1, 2, 32, 0.5),
(2, 2, 33, 1),
(3, 2, 43, 0),
(4, 2, 44, 0);

-- --------------------------------------------------------

--
-- Cấu trúc bảng cho bảng `chitietdethi`
--

CREATE TABLE `chitietdethi` (
  `made` int(11) NOT NULL,
  `macauhoi` int(11) NOT NULL,
  `thutu` int(11) DEFAULT NULL
) ENGINE=InnoDB DEFAULT CHARSET=utf8mb4 COLLATE=utf8mb4_general_ci;

--
-- Đang đổ dữ liệu cho bảng `chitietdethi`
--

INSERT INTO `chitietdethi` (`made`, `macauhoi`, `thutu`) VALUES
(1, 2, 3),
(1, 21, 10),
(1, 66, 1),
(1, 72, 7),
(1, 79, 2),
(1, 110, 4),
(1, 115, 6),
(1, 166, 8),
(1, 167, 11),
(1, 240, 9),
(1, 243, 5),
(2, 21, 1),
(2, 22, 2),
(2, 48, 3),
(2, 65, 4),
(2, 79, 5),
(2, 89, 6),
(2, 97, 7),
(2, 104, 8),
(2, 132, 9),
(2, 248, 10),
(2, 249, 11),
(2, 250, 12),
(4, 1, 1),
(4, 2, 6),
(4, 46, 2),
(4, 47, 3),
(4, 57, 5),
(4, 58, 4),
(6, 1, 5),
(6, 2, 7),
(6, 45, 3),
(6, 46, 2),
(6, 57, 4),
(6, 58, 6),
(6, 73, 8),
(6, 74, 10),
(6, 87, 9),
(6, 89, 11),
(6, 128, 12),
(6, 130, 13),
(6, 144, 14),
(6, 145, 1),
(7, 1, 1),
(7, 2, 2),
(7, 3, 3),
(7, 6, 4),
(7, 55, 5),
(7, 56, 6),
(7, 67, 7),
(7, 68, 8),
(7, 133, 18),
(7, 134, 19),
(7, 135, 20),
(7, 163, 9),
(7, 164, 10),
(7, 240, 11),
(7, 241, 12),
(7, 242, 13),
(7, 243, 14),
(7, 248, 15),
(7, 249, 16),
(7, 250, 17),
(8, 2, 2),
(8, 68, 1),
(8, 81, 3),
(9, 1, 1),
(9, 2, 2),
(9, 67, 3),
(9, 68, 4),
(10, 32, 1),
(10, 33, 2),
(10, 43, 3),
(10, 44, 4),
(10, 111, 5),
(10, 112, 6),
(10, 126, 7),
(10, 127, 8),
(10, 166, 9),
(10, 167, 10),
(10, 181, 11),
(10, 182, 12),
(10, 250, 13),
(11, 5, 7),
(11, 13, 3),
(11, 32, 5),
(11, 33, 8),
(11, 111, 2),
(11, 112, 6),
(11, 203, 4),
(11, 244, 1),
(12, 60, 1),
(12, 73, 2),
(12, 75, 3),
(12, 76, 4),
(12, 94, 5),
(12, 95, 6),
(12, 100, 7),
(12, 101, 8),
(12, 103, 9),
(12, 122, 10);

-- --------------------------------------------------------

--
-- Cấu trúc bảng cho bảng `chitietketqua`
--

CREATE TABLE `chitietketqua` (
  `makq` int(11) NOT NULL,
  `macauhoi` int(11) NOT NULL,
  `thutu` int(11) DEFAULT 0,
  `dapanchon` int(11) DEFAULT NULL
) ENGINE=InnoDB DEFAULT CHARSET=utf8mb4 COLLATE=utf8mb4_general_ci;

--
-- Đang đổ dữ liệu cho bảng `chitietketqua`
--

INSERT INTO `chitietketqua` (`makq`, `macauhoi`, `thutu`, `dapanchon`) VALUES
(1, 5, 7, NULL),
(1, 13, 3, NULL),
(1, 32, 5, NULL),
(1, 33, 8, NULL),
(1, 111, 2, 1114),
(1, 112, 6, 269),
(1, 203, 4, 777),
(1, 244, 1, 1105),
(2, 32, 1, NULL),
(2, 33, 2, NULL),
(2, 43, 3, NULL),
(2, 44, 4, NULL),
(2, 111, 5, 1113),
(2, 112, 6, 271),
(2, 126, 7, 325),
(2, 127, 8, 331),
(2, 166, 9, 485),
(2, 167, 10, 491),
(2, 181, 11, 545),
(2, 182, 12, 550),
(2, 250, 13, 946),
(3, 2, 11, NULL),
(3, 21, 6, NULL),
(3, 23, 0, NULL),
(3, 28, 0, NULL),
(3, 63, 0, NULL),
(3, 66, 2, 85),
(3, 72, 5, 110),
(3, 79, 1, 138),
(3, 106, 0, NULL),
(3, 110, 8, 261),
(3, 115, 10, 281),
(3, 163, 0, NULL),
(3, 166, 4, 485),
(3, 167, 7, 490),
(3, 240, 9, 887),
(3, 243, 3, 898),
(4, 2, 0, NULL),
(4, 68, 0, NULL),
(4, 81, 0, NULL),
(5, 1, 0, NULL),
(5, 2, 0, NULL),
(5, 3, 0, NULL),
(5, 6, 0, NULL),
(5, 55, 0, NULL),
(5, 56, 0, NULL),
(5, 67, 0, NULL),
(5, 68, 0, NULL),
(5, 133, 0, NULL),
(5, 134, 0, NULL),
(5, 135, 0, NULL),
(5, 163, 0, NULL),
(5, 164, 0, NULL),
(5, 240, 0, NULL),
(5, 241, 0, NULL),
(5, 242, 0, NULL),
(5, 243, 0, NULL),
(5, 248, 0, NULL),
(5, 249, 0, NULL),
(5, 250, 0, NULL),
(6, 25, 0, NULL),
(6, 48, 0, NULL),
(6, 60, 0, NULL),
(6, 67, 0, NULL),
(6, 91, 0, NULL),
(6, 100, 0, NULL),
(6, 106, 0, NULL),
(6, 111, 0, NULL),
(6, 137, 0, NULL),
(6, 176, 0, NULL),
(8, 1, 0, NULL),
(8, 2, 2, NULL),
(8, 21, 8, NULL),
(8, 58, 0, NULL),
(8, 65, 0, NULL),
(8, 66, 11, 85),
(8, 72, 6, 109),
(8, 79, 7, 138),
(8, 110, 9, 263),
(8, 113, 0, NULL),
(8, 115, 4, 282),
(8, 137, 0, NULL),
(8, 166, 1, 485),
(8, 167, 3, 490),
(8, 240, 5, 885),
(8, 243, 10, 898),
(9, 32, 1, NULL),
(9, 33, 2, NULL),
(9, 43, 3, NULL),
(9, 44, 4, NULL),
(9, 111, 5, 1113),
(9, 112, 6, 269),
(9, 126, 7, 326),
(9, 127, 8, 330),
(9, 166, 9, 486),
(9, 167, 10, 490),
(9, 181, 11, 545),
(9, 182, 12, 552),
(9, 250, 13, 944),
(10, 1, 0, NULL),
(10, 2, 0, NULL),
(10, 3, 0, NULL),
(10, 4, 0, NULL),
(10, 6, 0, NULL),
(10, 7, 0, NULL),
(10, 8, 0, NULL),
(10, 9, 0, NULL),
(10, 16, 0, NULL),
(10, 17, 0, NULL),
(10, 60, 1, 62),
(10, 73, 2, 113),
(10, 75, 3, 122),
(10, 76, 4, 127),
(10, 94, 5, 197),
(10, 95, 6, 202),
(10, 100, 7, 961),
(10, 101, 8, 225),
(10, 103, 9, 233),
(10, 122, 10, 310);

-- --------------------------------------------------------

--
-- Cấu trúc bảng cho bảng `chitietnhom`
--

CREATE TABLE `chitietnhom` (
  `manhom` int(11) NOT NULL,
  `manguoidung` varchar(50) NOT NULL DEFAULT '0',
  `hienthi` tinyint(1) DEFAULT 1
) ENGINE=InnoDB DEFAULT CHARSET=utf8mb4 COLLATE=utf8mb4_general_ci;

--
-- Đang đổ dữ liệu cho bảng `chitietnhom`
--

INSERT INTO `chitietnhom` (`manhom`, `manguoidung`, `hienthi`) VALUES
(1, 'CNTT2211001', 1),
(1, 'CNTT2211002', 1),
(1, 'CNTT2211003', 1),
(1, 'CNTT22110032', 1),
(1, 'CNTT2211005', 1),
(1, 'CNTT2211006', 1),
(1, 'CNTT2211007', 1),
(1, 'CNTT2211008', 1),
(1, 'CNTT2211009', 1),
(1, 'CNTT2211010', 1),
(1, 'CNTT2211011', 1),
(1, 'CNTT2211012', 1),
(1, 'CNTT2211013', 1),
(1, 'CNTT2211014', 1),
(1, 'CNTT2211015', 1),
(1, 'CNTT2211016', 1),
(1, 'CNTT2211017', 1),
(1, 'CNTT2211018', 1),
(1, 'CNTT2211019', 1),
(1, 'CNTT2211020', 1),
(1, 'CNTT2211021', 1),
(1, 'CNTT2211022', 1),
(1, 'CNTT2211023', 1),
(1, 'CNTT2211024', 1),
(1, 'CNTT2211025', 1),
(1, 'CNTT2211026', 1),
(1, 'CNTT2211027', 1),
(1, 'CNTT2211028', 1),
(1, 'CNTT2211029', 1),
(1, 'CNTT2211030', 1),
(1, 'CNTT2211031', 1),
(1, 'CNTT2211050', 1),
(2, 'CNTT2211001', 1),
(2, 'CNTT2211002', 1),
(2, 'CNTT2211003', 1),
(2, 'CNTT22110032', 1),
(2, 'CNTT2211004', 1),
(2, 'CNTT2211005', 1),
(2, 'CNTT2211006', 1),
(2, 'CNTT2211007', 1),
(2, 'CNTT2211008', 1),
(2, 'CNTT2211009', 1),
(2, 'CNTT2211010', 1),
(2, 'CNTT2211011', 1),
(2, 'CNTT2211012', 1),
(2, 'CNTT2211013', 1),
(2, 'CNTT2211014', 1),
(2, 'CNTT2211015', 1),
(2, 'CNTT2211016', 1),
(2, 'CNTT2211017', 1),
(2, 'CNTT2211018', 1),
(2, 'CNTT2211019', 1),
(2, 'CNTT2211020', 1),
(2, 'CNTT2211021', 1),
(2, 'CNTT2211022', 1),
(2, 'CNTT2211023', 1),
(2, 'CNTT2211024', 1),
(2, 'CNTT2211025', 1),
(2, 'CNTT2211026', 1),
(2, 'CNTT2211027', 1),
(2, 'CNTT2211028', 1),
(2, 'CNTT2211029', 1),
(2, 'CNTT2211030', 1),
(2, 'CNTT2211031', 1),
(2, 'CNTT2211035', 1),
(2, 'CNTT2211036', 1),
(2, 'CNTT2211037', 1),
(2, 'CNTT2211040', 1),
(2, 'CNTT2211045', 1),
(2, 'CNTT2211048', 1),
(2, 'CNTT2211050', 1),
(2, 'HTTT2211001', 1),
(2, 'HTTT2211002', 1),
(2, 'HTTT2211003', 1),
(2, 'HTTT2211004', 1),
(2, 'HTTT2211005', 1),
(2, 'HTTT2211006', 1),
(2, 'HTTT2211007', 1),
(2, 'HTTT2211008', 1),
(2, 'HTTT2211009', 1),
(2, 'HTTT2211010', 1),
(2, 'HTTT2211011', 1),
(2, 'HTTT2211012', 1),
(2, 'HTTT2211013', 1),
(2, 'HTTT2211014', 1),
(2, 'HTTT2211015', 1),
(2, 'HTTT2211016', 1),
(2, 'HTTT2211017', 1),
(2, 'HTTT2211018', 1),
(2, 'HTTT2211019', 1),
(2, 'HTTT2211020', 1),
(2, 'HTTT2211021', 1),
(2, 'HTTT2211022', 1),
(2, 'HTTT2211023', 1),
(2, 'HTTT2211024', 1),
(2, 'HTTT2211025', 1),
(2, 'HTTT2211026', 1),
(2, 'HTTT2211027', 1),
(2, 'HTTT2211028', 1),
(2, 'HTTT2211029', 1),
(2, 'HTTT2211030', 1),
(2, 'HTTT2211031', 1),
(2, 'KTPM2211001', 1),
(2, 'KTPM2211002', 1),
(2, 'KTPM2211003', 1),
(2, 'KTPM2211004', 1),
(2, 'KTPM2211005', 1),
(2, 'KTPM2211006', 1),
(2, 'KTPM2211007', 1),
(2, 'KTPM2211008', 1),
(2, 'KTPM2211009', 1),
(2, 'KTPM2211010', 1),
(2, 'KTPM2211011', 1),
(2, 'KTPM2211012', 1),
(2, 'KTPM2211013', 1),
(2, 'KTPM2211014', 1),
(2, 'KTPM2211015', 1),
(2, 'KTPM2211016', 1),
(2, 'KTPM2211017', 1),
(2, 'KTPM2211018', 1),
(2, 'KTPM2211019', 1),
(2, 'KTPM2211020', 1),
(2, 'KTPM2211021', 1),
(2, 'KTPM2211022', 1),
(2, 'KTPM2211023', 1),
(2, 'KTPM2211024', 1),
(2, 'KTPM2211025', 1),
(2, 'KTPM2211026', 1),
(2, 'KTPM2211027', 1),
(2, 'KTPM2211028', 1),
(2, 'KTPM2211029', 1),
(2, 'KTPM2211030', 1),
(2, 'KTPM2211031', 1),
(2, 'KTPM2211032', 1),
(2, 'KTPM2211033', 1),
(2, 'KTPM2211034', 1),
(2, 'KTPM2211035', 1),
(2, 'KTPM2211036', 1),
(2, 'KTPM2211037', 1),
(2, 'KTPM2211038', 1),
(2, 'KTPM2211039', 1),
(2, 'KTPM2211040', 1),
(2, 'KTPM2211041', 1),
(2, 'KTPM2211042', 1),
(2, 'KTPM2211043', 1),
(2, 'KTPM2211044', 1),
(2, 'KTPM2211045', 1),
(2, 'KTPM2211046', 1),
(3, 'CNTT2211001', 1),
(3, 'CNTT2211002', 1),
(3, 'CNTT2211003', 1),
(3, 'CNTT22110032', 1),
(3, 'CNTT2211004', 1),
(3, 'CNTT2211005', 1),
(3, 'CNTT2211006', 1),
(3, 'CNTT2211007', 1),
(3, 'CNTT2211008', 1),
(3, 'CNTT2211009', 1),
(3, 'CNTT2211010', 1),
(3, 'CNTT2211011', 1),
(3, 'CNTT2211012', 1),
(3, 'CNTT2211013', 1),
(3, 'CNTT2211014', 1),
(3, 'CNTT2211015', 1),
(3, 'CNTT2211016', 1),
(3, 'CNTT2211017', 1),
(3, 'CNTT2211018', 1),
(3, 'CNTT2211019', 1),
(3, 'CNTT2211020', 1),
(3, 'CNTT2211021', 1),
(3, 'CNTT2211022', 1),
(3, 'CNTT2211023', 1),
(3, 'CNTT2211024', 1),
(3, 'CNTT2211025', 1),
(3, 'CNTT2211026', 1),
(3, 'CNTT2211027', 1),
(3, 'CNTT2211028', 1),
(3, 'CNTT2211029', 1),
(3, 'CNTT2211030', 1),
(3, 'CNTT2211031', 1),
(4, 'CNTT2211004', 1),
(4, 'CNTT2211045', 1),
(4, 'HTTT2211003', 1),
(5, 'KTPM2211001', 1),
(5, 'KTPM2211002', 1),
(5, 'KTPM2211003', 1),
(5, 'KTPM2211004', 1),
(5, 'KTPM2211005', 1),
(5, 'KTPM2211006', 1),
(5, 'KTPM2211007', 1),
(5, 'KTPM2211008', 1),
(5, 'KTPM2211009', 1),
(5, 'KTPM2211010', 1),
(5, 'KTPM2211011', 1),
(5, 'KTPM2211012', 1),
(5, 'KTPM2211013', 1),
(5, 'KTPM2211014', 1),
(5, 'KTPM2211015', 1),
(5, 'KTPM2211016', 1),
(5, 'KTPM2211017', 1),
(5, 'KTPM2211018', 1),
(5, 'KTPM2211019', 1),
(5, 'KTPM2211020', 1),
(5, 'KTPM2211021', 1),
(5, 'KTPM2211022', 1),
(5, 'KTPM2211023', 1),
(5, 'KTPM2211024', 1),
(5, 'KTPM2211025', 1),
(5, 'KTPM2211026', 1),
(5, 'KTPM2211027', 1),
(5, 'KTPM2211028', 1),
(5, 'KTPM2211029', 1),
(5, 'KTPM2211030', 1),
(5, 'KTPM2211031', 1),
(9, 'CNTT2211001', 1),
(9, 'CNTT2211002', 1),
(9, 'CNTT2211003', 1),
(9, 'CNTT22110032', 1),
(9, 'CNTT2211004', 1),
(9, 'CNTT2211005', 1),
(9, 'CNTT2211006', 1),
(9, 'CNTT2211007', 1),
(9, 'CNTT2211008', 1),
(9, 'CNTT2211009', 1),
(9, 'CNTT2211010', 1),
(9, 'CNTT2211011', 1),
(9, 'CNTT2211012', 1),
(9, 'CNTT2211013', 1),
(9, 'CNTT2211014', 1),
(9, 'CNTT2211015', 1),
(9, 'CNTT2211016', 1),
(9, 'CNTT2211017', 1),
(9, 'CNTT2211018', 1),
(9, 'CNTT2211019', 1),
(9, 'CNTT2211020', 1),
(9, 'CNTT2211021', 1),
(9, 'CNTT2211022', 1),
(9, 'CNTT2211023', 1),
(9, 'CNTT2211024', 1),
(9, 'CNTT2211025', 1),
(9, 'CNTT2211026', 1),
(9, 'CNTT2211027', 1),
(9, 'CNTT2211028', 1),
(9, 'CNTT2211029', 1),
(9, 'CNTT2211030', 1),
(9, 'CNTT2211031', 1),
(9, 'CNTT2211035', 1),
(9, 'CNTT2211036', 1),
(9, 'CNTT2211037', 1),
(9, 'CNTT2211040', 1),
(9, 'CNTT2211045', 1),
(9, 'CNTT2211048', 1),
(9, 'CNTT2211050', 1),
(9, 'HTTT2211001', 1),
(9, 'KHDL2211032', 1),
(9, 'KHDL2211033', 1),
(9, 'KHDL2211034', 1),
(9, 'KHDL2211035', 1),
(9, 'KHDL2211036', 1),
(9, 'KHDL2211037', 1),
(9, 'KHDL2211038', 1),
(9, 'KHDL2211039', 1),
(9, 'KHDL2211040', 1),
(9, 'KHDL2211041', 1),
(9, 'KHDL2211042', 1),
(9, 'KHDL2211043', 1),
(9, 'KHDL2211044', 1),
(9, 'KHDL2211045', 1),
(9, 'KHDL2211046', 1);

--
-- Bẫy `chitietnhom`
--
DELIMITER $$
CREATE TRIGGER `update_group_participants_after_delete` AFTER DELETE ON `chitietnhom` FOR EACH ROW UPDATE nhom
SET siso = 
(SELECT count(*) FROM chitietnhom where manhom = OLD.manhom)
WHERE manhom = OLD.manhom
$$
DELIMITER ;
DELIMITER $$
CREATE TRIGGER `update_group_participants_after_insert` AFTER INSERT ON `chitietnhom` FOR EACH ROW UPDATE nhom
SET siso = 
(SELECT count(*) FROM chitietnhom where manhom = NEW.manhom)
WHERE manhom = NEW.manhom
$$
DELIMITER ;

-- --------------------------------------------------------

--
-- Cấu trúc bảng cho bảng `chitietquyen`
--

CREATE TABLE `chitietquyen` (
  `manhomquyen` int(11) NOT NULL,
  `chucnang` varchar(50) NOT NULL,
  `hanhdong` varchar(50) NOT NULL
) ENGINE=InnoDB DEFAULT CHARSET=utf8mb4 COLLATE=utf8mb4_general_ci;

--
-- Đang đổ dữ liệu cho bảng `chitietquyen`
--

INSERT INTO `chitietquyen` (`manhomquyen`, `chucnang`, `hanhdong`) VALUES
(1, 'cauhoi', 'create'),
(1, 'cauhoi', 'delete'),
(1, 'cauhoi', 'update'),
(1, 'cauhoi', 'view'),
(1, 'chuong', 'create'),
(1, 'chuong', 'delete'),
(1, 'chuong', 'update'),
(1, 'chuong', 'view'),
(1, 'dethi', 'create'),
(1, 'dethi', 'delete'),
(1, 'dethi', 'update'),
(1, 'dethi', 'view'),
(1, 'hocphan', 'create'),
(1, 'hocphan', 'delete'),
(1, 'hocphan', 'update'),
(1, 'hocphan', 'view'),
(1, 'nguoidung', 'create'),
(1, 'nguoidung', 'delete'),
(1, 'nguoidung', 'update'),
(1, 'nguoidung', 'view'),
(1, 'xem_monhoc', 'view'),
(2, 'tghocphan', 'join'),
(2, 'tgthi', 'join'),
(3, 'cauhoi', 'create'),
(3, 'cauhoi', 'delete'),
(3, 'cauhoi', 'update'),
(3, 'cauhoi', 'view'),
(3, 'chuong', 'create'),
(3, 'chuong', 'delete'),
(3, 'chuong', 'update'),
(3, 'chuong', 'view'),
(3, 'dethi', 'create'),
(3, 'dethi', 'delete'),
(3, 'dethi', 'update'),
(3, 'dethi', 'view'),
(3, 'hocphan', 'create'),
(3, 'hocphan', 'delete'),
(3, 'hocphan', 'update'),
(3, 'hocphan', 'view'),
(3, 'monhoc', 'create'),
(3, 'monhoc', 'delete'),
(3, 'monhoc', 'update'),
(3, 'monhoc', 'view'),
(3, 'namhoc', 'create'),
(3, 'namhoc', 'delete'),
(3, 'namhoc', 'update'),
(3, 'namhoc', 'view'),
(3, 'nguoidung', 'create'),
(3, 'nguoidung', 'delete'),
(3, 'nguoidung', 'update'),
(3, 'nguoidung', 'view'),
(3, 'nhomquyen', 'create'),
(3, 'nhomquyen', 'delete'),
(3, 'nhomquyen', 'update'),
(3, 'nhomquyen', 'view'),
(3, 'phancong', 'create'),
(3, 'phancong', 'delete'),
(3, 'phancong', 'update'),
(3, 'phancong', 'view'),
(3, 'thongbao', 'create'),
(3, 'thongbao', 'delete'),
(3, 'thongbao', 'update'),
(3, 'thongbao', 'view'),
(3, 'thongke', 'create'),
(3, 'thongke', 'delete'),
(3, 'thongke', 'update'),
(3, 'thongke', 'view');

-- --------------------------------------------------------

--
-- Cấu trúc bảng cho bảng `chitietthongbao`
--

CREATE TABLE `chitietthongbao` (
  `matb` int(11) NOT NULL,
  `manhom` int(11) NOT NULL
) ENGINE=InnoDB DEFAULT CHARSET=utf8mb4 COLLATE=utf8mb4_general_ci;

--
-- Đang đổ dữ liệu cho bảng `chitietthongbao`
--

INSERT INTO `chitietthongbao` (`matb`, `manhom`) VALUES
(2, 3),
(2, 4),
(3, 5),
(4, 5),
(10, 3),
(10, 4),
(12, 3),
(12, 4),
(33, 1),
(33, 2),
(34, 1),
(34, 2),
(35, 1),
(35, 2),
(36, 1),
(36, 2),
(37, 1),
(37, 2),
(38, 2),
(39, 1),
(39, 2),
(40, 1),
(40, 2),
(41, 1),
(41, 2),
(42, 1),
(42, 2),
(43, 1),
(43, 2),
(44, 1),
(44, 2),
(45, 1),
(45, 2),
(46, 1),
(46, 2),
(47, 1),
(47, 2),
(48, 1),
(48, 2),
(49, 1),
(49, 2),
(50, 1),
(51, 1),
(51, 2),
(52, 1),
(52, 2),
(53, 1),
(53, 2),
(54, 1),
(54, 2),
(55, 1),
(55, 2),
(56, 1),
(56, 2),
(57, 1),
(57, 2),
(58, 1),
(58, 2),
(59, 1),
(59, 2),
(60, 1),
(60, 2),
(61, 1),
(61, 2),
(62, 1),
(62, 2),
(63, 1),
(63, 2),
(64, 1),
(64, 2),
(65, 1),
(65, 2),
(66, 1),
(66, 2),
(67, 1),
(67, 2),
(68, 1),
(68, 2),
(69, 1),
(69, 2),
(70, 1),
(70, 2),
(71, 1),
(71, 2),
(72, 1),
(72, 2),
(73, 1),
(73, 2),
(74, 1),
(74, 2),
(75, 1),
(75, 2),
(76, 1),
(76, 2),
(77, 1),
(77, 2),
(78, 1),
(78, 2);

-- --------------------------------------------------------

--
-- Cấu trúc bảng cho bảng `chuong`
--

CREATE TABLE `chuong` (
  `machuong` int(11) NOT NULL,
  `tenchuong` varchar(255) NOT NULL,
  `mamonhoc` varchar(20) NOT NULL,
  `trangthai` tinyint(1) DEFAULT NULL
) ENGINE=InnoDB DEFAULT CHARSET=utf8mb4 COLLATE=utf8mb4_general_ci;

--
-- Đang đổ dữ liệu cho bảng `chuong`
--

INSERT INTO `chuong` (`machuong`, `tenchuong`, `mamonhoc`, `trangthai`) VALUES
(1, 'Giới thiệu về Lập trình web', 'LTW001', 1),
(2, 'HTML và CSS cơ bản', 'LTW001', 1),
(3, 'JavaScript và tương tác động', 'LTW001', 1),
(4, 'Phát triển ứng dụng web với Framework', 'LTW001', 1),
(5, 'Thiết kế giao diện người dùng', 'LTW001', 1),
(6, 'Quản lý dữ liệu phía máy chủ', 'LTW001', 1),
(7, 'Cơ bản về Cơ sở dữ liệu 1', 'CSDL001', 0),
(8, 'Mô hình quan hệ và thiết kế CSDL', 'CSDL001', 1),
(9, 'Ngôn ngữ truy vấn SQL', 'CSDL001', 1),
(10, 'Quản lý giao dịch và bảo mật', 'CSDL001', 1),
(11, 'Tối ưu hóa truy vấn', 'CSDL001', 1),
(12, 'Cơ sở dữ liệu phân tán', 'CSDL001', 1),
(13, 'Cơ sở dữ liệu NoSQL', 'CSDL001', 0),
(14, 'Giới thiệu về Trí tuệ nhân tạo', 'TTNT001', 1),
(15, 'Học máy cơ bản', 'TTNT001', 1),
(16, 'Mạng nơ-ron và học sâu', 'TTNT001', 1),
(17, 'Xử lý ngôn ngữ tự nhiên', 'TTNT001', 1),
(18, 'Thị giác máy tính', 'TTNT001', 1),
(19, 'Hệ thống chuyên gia', 'TTNT001', 1),
(20, 'Ứng dụng AI trong thực tiễn', 'TTNT001', 1),
(21, 'Giới thiệu về Dart và Flutter', 'LTDD001', 1),
(22, 'Ngôn ngữ lập trình Dart', 'LTDD001', 1),
(23, 'Giao diện Flutter Widgets', 'LTDD001', 1),
(24, 'Quản lý trạng thái Flutter', 'LTDD001', 1),
(25, 'Tích hợp API và cơ sở dữ liệu', 'LTDD001', 1),
(26, 'Triển khai và kiểm thử', 'LTDD001', 1),
(27, 'chuong1', 'TEST2025', 1),
(32, 'Tổng quan về mạng máy tính', 'MMT001', 1),
(33, 'Mô hình OSI và TCP/TP', 'MMT001', 0);

-- --------------------------------------------------------

--
-- Cấu trúc bảng cho bảng `danhmucchucnang`
--

CREATE TABLE `danhmucchucnang` (
  `chucnang` varchar(50) NOT NULL,
  `tenchucnang` varchar(255) DEFAULT NULL
) ENGINE=InnoDB DEFAULT CHARSET=utf8mb4 COLLATE=utf8mb4_general_ci;

--
-- Đang đổ dữ liệu cho bảng `danhmucchucnang`
--

INSERT INTO `danhmucchucnang` (`chucnang`, `tenchucnang`) VALUES
('caidat', 'Cài đặt'),
('cauhoi', 'Quản lý câu hỏi'),
('chuong', 'Quản lý chương'),
('dethi', 'Quản lý đề thi'),
('hocphan', 'Quản lý học phần'),
('monhoc', 'Quản lý môn học'),
('namhoc', 'Năm học, học kì'),
('nguoidung', 'Quản lý người dùng'),
('nhomquyen', 'Quản lý nhóm quyền'),
('phancong', 'Quản lý phân công'),
('sinhvien', 'Sinh viên'),
('tghocphan', 'Tham gia học phần'),
('tgthi', 'Tham gia thi'),
('thongbao', 'Thông báo'),
('thongke', 'Thống kê'),
('xem_monhoc', 'Xem môn học');

-- --------------------------------------------------------

--
-- Cấu trúc bảng cho bảng `dethi`
--

CREATE TABLE `dethi` (
  `made` int(11) NOT NULL,
  `monthi` varchar(20) DEFAULT NULL,
  `nguoitao` varchar(50) DEFAULT NULL,
  `tende` varchar(255) DEFAULT NULL,
  `thoigiantao` datetime DEFAULT current_timestamp(),
  `thoigianthi` int(11) DEFAULT NULL,
  `thoigianbatdau` datetime DEFAULT NULL,
  `thoigianketthuc` datetime DEFAULT NULL,
  `hienthibailam` tinyint(1) DEFAULT NULL,
  `xemdiemthi` tinyint(1) DEFAULT NULL,
  `xemdapan` tinyint(1) DEFAULT NULL,
  `troncauhoi` tinyint(1) DEFAULT NULL,
  `trondapan` tinyint(1) DEFAULT NULL,
  `nopbaichuyentab` tinyint(1) DEFAULT NULL,
  `loaide` int(11) DEFAULT NULL,
  `mcq_de` int(11) DEFAULT NULL,
  `mcq_tb` int(11) DEFAULT NULL,
  `mcq_kho` int(11) DEFAULT NULL,
  `trangthai` tinyint(1) DEFAULT 1,
  `essay_de` int(11) DEFAULT 0,
  `essay_tb` int(11) DEFAULT 0,
  `essay_kho` int(11) DEFAULT 0,
  `reading_de` int(11) DEFAULT 0,
  `reading_tb` int(11) DEFAULT 0,
  `reading_kho` int(11) DEFAULT 0,
  `diem_tracnghiem` decimal(5,2) DEFAULT 0.00,
  `diem_tuluan` decimal(5,2) DEFAULT 0.00,
  `diem_dochieu` decimal(5,2) DEFAULT 0.00
) ENGINE=InnoDB DEFAULT CHARSET=utf8mb4 COLLATE=utf8mb4_general_ci;

--
-- Đang đổ dữ liệu cho bảng `dethi`
--

INSERT INTO `dethi` (`made`, `monthi`, `nguoitao`, `tende`, `thoigiantao`, `thoigianthi`, `thoigianbatdau`, `thoigianketthuc`, `hienthibailam`, `xemdiemthi`, `xemdapan`, `troncauhoi`, `trondapan`, `nopbaichuyentab`, `loaide`, `mcq_de`, `mcq_tb`, `mcq_kho`, `trangthai`, `essay_de`, `essay_tb`, `essay_kho`, `reading_de`, `reading_tb`, `reading_kho`, `diem_tracnghiem`, `diem_tuluan`, `diem_dochieu`) VALUES
(1, 'LTW001', 'GVBM001', 'mcq + reading + essay', '2025-12-04 10:02:22', 30, '2025-12-04 00:00:00', '2025-12-31 12:00:00', 1, 1, 0, 1, 0, 0, 1, 2, 2, 1, 1, 2, 0, 0, 2, 2, 0, 4.00, 2.00, 4.00),
(2, 'LTW001', 'GVBM001', 'mcq + reading + essay 2', '2025-12-04 12:13:39', 30, '2025-12-04 12:00:00', '2025-12-11 12:00:00', 1, 1, 0, 0, 0, 1, 1, 2, 2, 2, 1, 2, 0, 0, 1, 3, 0, 4.00, 2.00, 4.00),
(3, 'LTW001', 'GVBM001', 'mmmmmm', '2025-12-04 15:08:35', 20, '2025-12-04 12:00:00', '2025-12-06 12:00:00', 0, 0, 0, 0, 0, 0, 0, 2, 0, 2, 1, 2, 0, 0, 0, 0, 0, 5.00, 5.00, 0.00),
(4, 'LTW001', 'GVBM001', 'mmmm', '2025-12-04 15:19:40', 20, '2025-12-04 12:00:00', '2025-12-11 12:00:00', 0, 0, 0, 0, 0, 0, 0, 2, 0, 2, 1, 2, 0, 0, 0, 0, 0, 5.00, 5.00, 0.00),
(5, 'LTW001', 'GVBM001', 'Thường Xuyên lần 3', '2025-12-04 21:01:44', 40, '2025-12-04 12:00:00', '2025-12-12 12:00:00', 0, 0, 0, 0, 0, 0, 0, 2, 4, 2, 1, 2, 0, 0, 2, 0, 2, 4.00, 2.00, 4.00),
(6, 'LTW001', 'GVBM001', 'Thường Xuyên lần 3', '2025-12-04 21:24:13', 40, '2025-12-04 12:00:00', '2025-12-08 12:00:00', 0, 0, 0, 0, 0, 0, 0, 2, 4, 2, 1, 2, 0, 0, 2, 0, 2, 4.00, 2.00, 4.00),
(7, 'LTW001', 'GVBM001', 'Thường Xuyên lần 2', '2025-12-05 15:24:59', 30, '2025-12-05 12:00:00', '2025-12-06 12:00:00', 0, 0, 0, 0, 0, 0, 0, 2, 2, 0, 1, 2, 1, 1, 2, 10, 0, 4.00, 2.00, 4.00),
(8, 'LTW001', 'GVBM001', '1', '2025-12-05 15:28:20', 20, '2025-12-05 12:00:00', '2025-12-06 12:00:00', 0, 0, 0, 0, 0, 0, 0, 2, 0, 0, 1, 1, 0, 0, 0, 0, 0, 5.00, 5.00, 0.00),
(9, 'LTW001', 'GVBM001', 'HIHI', '2025-12-05 16:43:47', 30, '2025-12-05 12:00:00', '2025-12-16 12:00:00', 1, 1, 0, 0, 0, 0, 0, 2, 0, 0, 1, 2, 0, 0, 0, 0, 0, 2.00, 8.00, 0.00),
(10, 'LTW001', 'GVBM001', 'Thường Xuyên lần 3', '2025-12-05 22:13:26', 50, '2025-12-05 12:00:00', '2025-12-27 12:00:00', 1, 1, 0, 0, 0, 0, 0, 2, 0, 2, 1, 2, 0, 2, 2, 1, 2, 4.00, 2.00, 4.00),
(11, 'LTW001', 'GVBM001', 'Thường Xuyên lần 3', '2025-12-05 22:22:19', 1, '2025-12-05 12:00:00', '2025-12-07 12:00:00', 1, 1, 0, 1, 0, 1, 0, 2, 2, 0, 1, 2, 2, 0, 0, 0, 0, 5.00, 5.00, 0.00),
(12, 'LTW001', 'GVBM001', 'essay', '2025-12-06 11:35:59', 30, '2025-12-06 00:00:00', '2025-12-17 12:00:00', 1, 1, 0, 0, 0, 0, 1, 2, 2, 6, 1, 0, 0, 0, 0, 0, 0, 10.00, 0.00, 0.00),
(13, 'LTW001', 'GVBM001', 'm', '2025-12-06 13:58:42', 20, '2025-12-06 12:00:00', '2025-12-09 12:00:00', 0, 0, 0, 0, 0, 0, 0, 0, 2, 2, 1, 1, 2, 2, 0, 0, 0, 5.00, 5.00, 0.00);

-- --------------------------------------------------------

--
-- Cấu trúc bảng cho bảng `dethitudong`
--

CREATE TABLE `dethitudong` (
  `made` int(11) NOT NULL,
  `machuong` int(11) NOT NULL
) ENGINE=InnoDB DEFAULT CHARSET=utf8mb4 COLLATE=utf8mb4_general_ci;

--
-- Đang đổ dữ liệu cho bảng `dethitudong`
--

INSERT INTO `dethitudong` (`made`, `machuong`) VALUES
(1, 1),
(1, 2),
(1, 3),
(1, 4),
(1, 5),
(1, 6),
(2, 1),
(2, 2),
(2, 3),
(2, 4),
(2, 5),
(2, 6),
(6, 1),
(6, 2),
(6, 3),
(6, 4),
(6, 5),
(6, 6),
(8, 1),
(8, 2),
(8, 3),
(8, 4),
(8, 5),
(8, 6),
(12, 1),
(12, 2),
(12, 3),
(12, 4),
(12, 5),
(12, 6);

-- --------------------------------------------------------

--
-- Cấu trúc bảng cho bảng `doan_van`
--

CREATE TABLE `doan_van` (
  `madv` int(11) NOT NULL,
  `noidung` text NOT NULL,
  `tieude` varchar(500) DEFAULT NULL,
  `mamonhoc` varchar(20) NOT NULL,
  `machuong` int(11) DEFAULT NULL,
  `nguoitao` varchar(50) DEFAULT NULL,
  `trangthai` int(11) DEFAULT 1,
  `ngaytao` datetime DEFAULT current_timestamp()
) ENGINE=InnoDB DEFAULT CHARSET=utf8mb4 COLLATE=utf8mb4_general_ci;

--
-- Đang đổ dữ liệu cho bảng `doan_van`
--

INSERT INTO `doan_van` (`madv`, `noidung`, `tieude`, `mamonhoc`, `machuong`, `nguoitao`, `trangthai`, `ngaytao`) VALUES
(16, 'Trong một công ty công nghệ, bộ phận IT đang triển khai một mạng nội bộ kết nối các máy tính trong văn phòng với nhau và với Internet. Kỹ sư mạng nhận thấy rằng, để tối ưu hiệu suất và bảo mật, cần thiết lập địa chỉ IP tĩnh cho các máy chủ quan trọng, phân chia mạng con (subnetting) để quản lý lưu lượng hiệu quả, và sử dụng tường lửa (firewall) để kiểm soát các kết nối ra vào. Ngoài ra, họ cũng triển khai Giao thức định tuyến (Routing Protocols) để đảm bảo dữ liệu đi đúng hướng trong mạng lớn nhiều tầng.', '', 'MMT001', 32, 'GVBM001', 1, '2025-11-16 22:13:33'),
(17, 'Huy đang học lập trình di động và muốn tạo một ứng dụng quản lý công việc. Anh ấy nhận ra rằng, để hiển thị giao diện cho người dùng trên nhiều loại thiết bị như điện thoại và máy tính bảng, anh cần sử dụng giao diện đáp ứng (responsive UI). Huy cũng biết rằng, để ứng dụng hoạt động mượt mà, anh cần quản lý bộ nhớ và xử lý dữ liệu hiệu quả, tránh gây treo hoặc chậm khi người dùng thêm nhiều công việc.', '', 'LTDD001', 22, 'GVBM001', 1, '2025-11-16 22:22:05'),
(18, 'Lan và Nam đang thảo luận về việc làm một trang web cá nhân.\n\n\n	\n	Lan: “Mình muốn tiêu đề của trang thật nổi bật để người xem nhìn thấy ngay.”\n	\n	\n	Nam: “Vậy cậu nên dùng một thẻ dành cho tiêu đề chính, nó sẽ giúp trình duyệt và cả công cụ tìm kiếm nhận diện được.”\n	\n	\n	Lan: “À, mình hiểu rồi, cái đó giúp mọi người biết chủ đề chính của trang.', '', 'LTW001', 2, 'GVBM001', 1, '2025-11-16 22:41:46'),
(19, 'Có thể bạn chưa biết', '', 'TEST2025', 27, 'GVBM001', 0, '2025-11-17 10:52:11'),
(72, 'iOS là hệ điều hành di động của Apple, ra mắt năm 2007 cùng iPhone đầu tiên. Ban đầu các ứng dụng iOS được viết bằng Objective-C, sau đó Apple giới thiệu ngôn ngữ Swift vào năm 2014 để lập trình dễ dàng, an toàn và hiện đại hơn.', 'iOS và Swift', 'LTDD001', 23, 'GVBM001', 1, '2025-11-21 00:53:42'),
(73, 'Lập trình di động bắt đầu phát triển mạnh từ những năm 1990 với sự xuất hiện của điện thoại thông minh và các nền tảng di động như Symbian, Palm OS. Việc lập trình di động ban đầu gặp nhiều hạn chế về bộ nhớ và khả năng xử lý.', 'Lịch sử lập trình di động', 'LTW001', 1, 'GVBM001', 1, '2025-11-21 03:00:47'),
(74, 'Lập trình di động bắt đầu phát triển mạnh từ những năm 1990 với sự xuất hiện của điện thoại thông minh và các nền tảng di động như Symbian, Palm OS. Việc lập trình di động ban đầu gặp nhiều hạn chế về bộ nhớ và khả năng xử lý.', 'Lịch sử lập trình di động', 'MMT001', 32, 'GVBM001', 1, '2025-11-21 03:40:51'),
(75, 'Lập trình di động bắt đầu phát triển mạnh từ những năm 1990 với sự xuất hiện của điện thoại thông minh và các nền tảng di động như Symbian, Palm OS. Việc lập trình di động ban đầu gặp nhiều hạn chế về bộ nhớ và khả năng xử lý.', 'hahaha', 'MMT001', 32, 'GVBM001', 1, '2025-11-21 04:13:11'),
(76, 'Lập trình di động bắt đầu phát triển mạnh từ những năm 1990 với sự xuất hiện của điện thoại thông minh và các nền tảng di động như Symbian, Palm OS. Việc lập trình di động ban đầu gặp nhiều hạn chế về bộ nhớ và khả năng xử lý.', 'Lịch sử lập trình di động', 'TEST2025', 27, 'GVBM001', 1, '2025-11-21 04:14:35'),
(77, 'Lập trình di bắt đầu phát triển mạnh từ những năm 1990 với sự xuất hiện của điện thoại thông minh và các nền tảng di động như Symbian, Palm OS. Việc lập trình di động ban đầu gặp nhiều hạn chế về bộ nhớ và khả năng xử lý.', 'Lịch sử lập trình di', 'LTW001', 3, 'GVBM001', 1, '2025-11-21 04:16:18'),
(78, 'Lập trình phát triển mạnh từ những năm 1990 với sự xuất hiện của điện thoại thông minh và các nền tảng di động như Symbian, Palm OS. Việc lập trình di động ban đầu gặp nhiều hạn chế về bộ nhớ và khả năng xử lý.', 'Lịch sử lập trình di động', 'MMT001', 32, 'GVBM001', 1, '2025-11-21 04:43:44'),
(79, 'Lập trình di động bắt đầu phát triển mạnh từ những năm 1990 với sự xuất hiện của điện thoại thông minh và các nền tảng di động như Symbian, Palm OS. Việc lập trình di động ban đầu gặp nhiều hạn chế về bộ nhớ và khả năng xử lý.', 'Lịch sử lập trình di động', 'LTW001', 4, 'GVBM001', 1, '2025-11-21 05:07:51'),
(80, 'Lập trình di động bắt đầu phát triển mạnh từ những năm 1990', 'nè', 'LTW001', 3, 'GVBM001', 1, '2025-11-21 12:12:46'),
(81, 'Lập trình &lt;p&gt; di động bắt đầu phát triển mạnh từ những năm 1990 với sự xuất hiện của điện thoại thông minh và các nền tảng di động như Symbian, Palm OS. Việc lập trình di động ban đầu gặp nhiều hạn chế về bộ nhớ và khả năng xử lý.', 'Lịch sử lập trình di động', 'LTDD001', 22, 'GVBM001', 1, '2025-12-02 17:07:26'),
(82, 'World Wide Web được Tim Berners-Lee phát minh vào năm 1989 tại CERN. Trang web đầu tiên trên thế giới được công bố ngày 6 tháng 8 năm 1991. Ban đầu web chỉ hiển thị văn bản và liên kết siêu văn bản. Ba công nghệ cốt lõi của web là URL, HTTP và HTML. Năm 1993, CERN công khai toàn bộ công nghệ web miễn phí, giúp nó lan tỏa nhanh chóng khắp thế giới.', 'Sự ra đời của World Wide Web', 'LTW001', 1, 'GVBM001', 1, '2025-12-02 17:40:09'),
(83, 'Mọi trang web đều hoạt động theo mô hình Client-Server. Client là trình duyệt web trên máy người dùng như Chrome, Firefox, Safari. Server là máy chủ lưu trữ website và xử lý yêu cầu. Khi người dùng nhập tên miền, DNS sẽ chuyển tên miền thành địa chỉ IP, sau đó trình duyệt gửi yêu cầu HTTP/HTTPS đến server và nhận lại dữ liệu HTML, CSS, JavaScript để hiển thị trang.', 'Mô hình hoạt động Client-Server của Web', 'LTW001', 1, 'GVBM001', 1, '2025-12-02 17:40:09'),
(84, 'Website tĩnh chỉ gồm các file HTML, CSS, JavaScript cố định, nội dung giống nhau với mọi người dùng. Website động có nội dung thay đổi theo người dùng, thời gian hoặc dữ liệu từ cơ sở dữ liệu. Các trang thương mại điện tử, mạng xã hội đều là website động. Website tĩnh tải nhanh hơn và dễ triển khai hơn, còn website động cần ngôn ngữ phía server như PHP, Node.js, Python.', 'Sự khác biệt giữa Website tĩnh và Website động', 'LTW001', 1, 'GVBM001', 1, '2025-12-02 17:40:09'),
(85, 'Frontend là phần người dùng nhìn thấy và tương tác trực tiếp, sử dụng HTML, CSS, JavaScript. Backend là phần xử lý logic nghiệp vụ, cơ sở dữ liệu và server, thường dùng Node.js, PHP, Python, Java. Full-stack developer là người làm được cả frontend và backend. Ngày nay các công ty vừa và nhỏ thường ưu tiên tuyển full-stack để tiết kiệm chi phí và tăng tính linh hoạt.', 'Frontend, Backend và Full stack Developer', 'LTW001', 1, 'GVBM001', 1, '2025-12-02 17:40:09'),
(86, 'HTML (HyperText Markup Language) là ngôn ngữ dùng để tạo cấu trúc trang web, bao gồm các thẻ như &lt;h1&gt;, &lt;p&gt;, &lt;a&gt;, &lt;div&gt;. CSS (Cascading Style Sheets) là ngôn ngữ dùng để định dạng giao diện web, bao gồm màu sắc, font chữ, khoảng cách, bố cục. HTML và CSS phối hợp với nhau để tạo nên các trang web đẹp và chức năng.', 'Giới thiệu về HTML và CSS', 'LTW001', 2, 'GVBM001', 1, '2025-12-02 17:43:45'),
(87, 'HTML tạo ra cấu trúc nội dung, còn CSS giúp trang web trở nên trực quan và thẩm mỹ hơn. CSS có thể được nhúng trực tiếp trong thẻ &lt;style&gt; hoặc liên kết ngoài bằng &lt;link rel=&quot;stylesheet&quot; href=&quot;style.css&quot;&gt;. Các selector trong CSS giúp định dạng các thẻ, class hoặc id cụ thể.', 'Cách CSS và HTML phối hợp', 'LTW001', 2, 'GVBM001', 1, '2025-12-02 17:43:45'),
(88, 'Layout của trang web là cách sắp xếp các phần tử HTML trên trang. CSS cung cấp các công cụ như flexbox, grid, float để định hình layout. Thiết kế responsive giúp trang web hiển thị tốt trên nhiều kích thước màn hình bằng các media query trong CSS.', 'Các khái niệm cơ bản về layout và responsive', 'LTW001', 2, 'GVBM001', 1, '2025-12-02 17:43:45'),
(89, 'JavaScript là ngôn ngữ lập trình được sử dụng để thêm tương tác vào các trang web. Nó chạy trực tiếp trên trình duyệt và có thể thay đổi nội dung HTML, CSS, xử lý sự kiện và giao tiếp với server. JavaScript giúp trang web trở nên động, phản hồi hành động người dùng ngay lập tức mà không cần tải lại trang.', 'Giới thiệu về JavaScript', 'LTW001', 3, 'GVBM001', 1, '2025-12-02 17:45:48'),
(90, 'JavaScript sử dụng các biến để lưu trữ dữ liệu, gồm các kiểu dữ liệu chính: Number, String, Boolean, Object, Array. Biến có thể khai báo bằng var, let hoặc const. Các phép toán phổ biến là +, -, *, /, % và phép so sánh ==, ===, &gt;, &lt;.', 'Biến, kiểu dữ liệu và phép toán trong JavaScript', 'LTW001', 3, 'GVBM001', 1, '2025-12-02 17:45:48'),
(91, 'DOM (Document Object Model) là cấu trúc cây của trang HTML, cho phép JavaScript truy cập và thay đổi các phần tử. Các phương thức như getElementById, querySelector giúp chọn phần tử. JavaScript cũng xử lý các sự kiện như click, input, hover để thay đổi nội dung hoặc style động.', 'Tương tác DOM và sự kiện', 'LTW001', 3, 'GVBM001', 1, '2025-12-02 17:45:48'),
(92, 'JavaScript có thể giao tiếp với server mà không cần tải lại trang thông qua Ajax. Hàm fetch hoặc XMLHttpRequest gửi yêu cầu HTTP và nhận dữ liệu JSON, HTML hoặc XML. Các framework như jQuery, React, Vue giúp tương tác động dễ dàng hơn.', 'Tương tác động nâng cao và Ajax', 'LTW001', 3, 'GVBM001', 1, '2025-12-02 17:45:48');

-- --------------------------------------------------------

--
-- Cấu trúc bảng cho bảng `giaodethi`
--

CREATE TABLE `giaodethi` (
  `made` int(11) NOT NULL,
  `manhom` int(11) NOT NULL
) ENGINE=InnoDB DEFAULT CHARSET=utf8mb4 COLLATE=utf8mb4_general_ci;

--
-- Đang đổ dữ liệu cho bảng `giaodethi`
--

INSERT INTO `giaodethi` (`made`, `manhom`) VALUES
(1, 1),
(1, 2),
(2, 1),
(2, 2),
(3, 1),
(3, 2),
(4, 1),
(4, 2),
(5, 1),
(5, 2),
(6, 1),
(6, 2),
(7, 1),
(7, 2),
(8, 1),
(8, 2),
(9, 1),
(9, 2),
(10, 1),
(10, 2),
(11, 1),
(11, 2),
(12, 1),
(12, 2),
(13, 1),
(13, 2);

-- --------------------------------------------------------

--
-- Cấu trúc bảng cho bảng `hinhanh_traloi_tuluan`
--

CREATE TABLE `hinhanh_traloi_tuluan` (
  `id` int(11) NOT NULL,
  `traloi_id` int(11) NOT NULL,
  `hinhanh` mediumblob DEFAULT NULL,
  `thoigian` datetime DEFAULT current_timestamp()
) ENGINE=InnoDB DEFAULT CHARSET=utf8mb4 COLLATE=utf8mb4_general_ci;

--
-- Đang đổ dữ liệu cho bảng `hinhanh_traloi_tuluan`
--

INSERT INTO `hinhanh_traloi_tuluan` (`id`, `traloi_id`, `hinhanh`, `thoigian`) VALUES
(1, 4, NULL, '2025-12-06 07:05:12'),
(2, 5, NULL, '2025-12-06 07:07:26'),
(3, 11, NULL, '2025-12-06 11:19:54'),
(4, 12, NULL, '2025-12-06 11:19:54'),
(5, 13, NULL, '2025-12-06 11:23:38');

-- --------------------------------------------------------

--
-- Cấu trúc bảng cho bảng `hocky`
--

CREATE TABLE `hocky` (
  `mahocky` int(11) NOT NULL,
  `tenhocky` varchar(20) NOT NULL,
  `manamhoc` int(11) NOT NULL,
  `ngaytao` timestamp NOT NULL DEFAULT current_timestamp(),
  `sohocky` tinyint(1) NOT NULL DEFAULT 1
) ENGINE=InnoDB DEFAULT CHARSET=utf8mb4 COLLATE=utf8mb4_general_ci;

--
-- Đang đổ dữ liệu cho bảng `hocky`
--

INSERT INTO `hocky` (`mahocky`, `tenhocky`, `manamhoc`, `ngaytao`, `sohocky`) VALUES
(13, 'Học kỳ 1', 15, '2025-11-10 13:10:20', 1),
(14, 'Học kỳ 2', 15, '2025-11-10 13:10:20', 2),
(15, 'Học kỳ 3', 15, '2025-11-10 13:10:20', 3),
(16, 'Học kỳ 1', 7, '2025-11-11 09:35:42', 1),
(17, 'Học kỳ 2', 7, '2025-11-11 09:35:42', 2),
(18, 'Học kỳ 3', 7, '2025-11-11 09:35:42', 3),
(19, 'Học kỳ 1', 12, '2025-11-11 09:35:48', 1),
(20, 'Học kỳ 2', 12, '2025-11-11 09:35:48', 2),
(21, 'Học kỳ 1', 14, '2025-11-11 11:32:20', 1),
(22, 'Học kỳ 2', 14, '2025-11-11 11:32:20', 2),
(23, 'Học kỳ 3', 14, '2025-11-11 11:32:20', 3),
(24, 'Học kỳ 1', 17, '2025-11-11 12:11:58', 1),
(25, 'Học kỳ 2', 17, '2025-11-11 12:11:58', 2),
(26, 'Học kỳ 3', 17, '2025-11-11 12:11:58', 3),
(27, 'Học kỳ 1', 18, '2025-11-11 12:39:34', 1),
(28, 'Học kỳ 2', 18, '2025-11-11 12:39:34', 2),
(29, 'Học kỳ 3', 18, '2025-11-11 12:39:34', 3);

-- --------------------------------------------------------

--
-- Cấu trúc bảng cho bảng `ketqua`
--

CREATE TABLE `ketqua` (
  `makq` int(11) NOT NULL,
  `made` int(11) NOT NULL,
  `manguoidung` varchar(50) NOT NULL DEFAULT '',
  `diemthi` double DEFAULT NULL,
  `diem_dochieu` double DEFAULT 0,
  `thoigianvaothi` datetime DEFAULT current_timestamp(),
  `thoigianlambai` int(11) DEFAULT NULL,
  `socaudung` int(11) DEFAULT NULL,
  `solanchuyentab` int(11) DEFAULT 0,
  `diem_tuluan` double DEFAULT 0,
  `trangthai_tuluan` enum('Chưa chấm','Đang chấm','Đã chấm') DEFAULT 'Chưa chấm',
  `trangthai` varchar(20) DEFAULT 'Chưa nộp',
  `thoigianketthuc` datetime DEFAULT NULL
) ENGINE=InnoDB DEFAULT CHARSET=utf8mb4 COLLATE=utf8mb4_general_ci;

--
-- Đang đổ dữ liệu cho bảng `ketqua`
--

INSERT INTO `ketqua` (`makq`, `made`, `manguoidung`, `diemthi`, `diem_dochieu`, `thoigianvaothi`, `thoigianlambai`, `socaudung`, `solanchuyentab`, `diem_tuluan`, `trangthai_tuluan`, `trangthai`, `thoigianketthuc`) VALUES
(3, 1, 'CNTT2211017', 3.6, 2, '2025-12-06 07:09:26', 35, 4, 0, 0, 'Chưa chấm', 'Đã nộp', '2025-12-06 07:10:01'),
(6, 1, 'CNTT2211018', NULL, 0, '2025-12-06 11:17:53', NULL, NULL, 0, 0, 'Chưa chấm', 'Chưa nộp', NULL),
(8, 1, 'CNTT2211019', 3.4, 1, '2025-12-06 11:18:16', 97, 4, 0, 0, 'Chưa chấm', 'Đã nộp', '2025-12-06 11:19:53'),
(5, 7, 'CNTT2211017', NULL, 0, '2025-12-06 07:13:52', NULL, NULL, 14, 0, 'Chưa chấm', 'Chưa nộp', NULL),
(4, 8, 'CNTT2211017', NULL, 0, '2025-12-06 07:10:47', NULL, NULL, 10, 0, 'Chưa chấm', 'Chưa nộp', NULL),
(2, 10, 'CNTT2211017', 2.6, 1.6, '2025-12-06 07:06:25', 61, 3, 0, 1.5, 'Đã chấm', 'Đã nộp', '2025-12-06 07:07:26'),
(9, 10, 'CNTT2211019', 0.8, 0.8, '2025-12-06 11:21:18', 140, 1, 0, 0, 'Chưa chấm', 'Đã nộp', '2025-12-06 11:23:38'),
(1, 11, 'CNTT2211017', 1.25, 0, '2025-12-06 07:04:39', 32, 1, 0, 0, 'Chưa chấm', 'Đã nộp', '2025-12-06 07:05:11'),
(10, 12, 'CNTT2211019', 3, 0, '2025-12-06 11:37:16', 34, 3, 0, 0, 'Đã chấm', 'Đã nộp', '2025-12-06 11:37:50');

-- --------------------------------------------------------

--
-- Cấu trúc bảng cho bảng `monhoc`
--

CREATE TABLE `monhoc` (
  `mamonhoc` varchar(20) NOT NULL,
  `tenmonhoc` varchar(255) NOT NULL,
  `sotinchi` int(11) DEFAULT NULL,
  `sotietlythuyet` int(11) DEFAULT NULL,
  `sotietthuchanh` int(11) DEFAULT NULL,
  `trangthai` tinyint(1) DEFAULT NULL
) ENGINE=InnoDB DEFAULT CHARSET=utf8mb4 COLLATE=utf8mb4_general_ci;

--
-- Đang đổ dữ liệu cho bảng `monhoc`
--

INSERT INTO `monhoc` (`mamonhoc`, `tenmonhoc`, `sotinchi`, `sotietlythuyet`, `sotietthuchanh`, `trangthai`) VALUES
('CSDL001', 'Cơ sở dữ liệu', 3, 30, 30, 1),
('GUI0267', 'Thiết kế giao diện', 3, 30, 30, 1),
('LTDD001', 'Lập trình di động', 3, 30, 30, 1),
('LTW001', 'Lập trình web', 3, 30, 30, 1),
('MMT001', 'Mạng máy tính', 3, 30, 30, 1),
('TEST2025', 'TEST', 3, 30, 30, 1),
('TMDT001', 'Thương mại điện tử', 2, 0, 30, 1),
('TTNT001', 'Trí tuệ nhân tạo', 2, 15, 30, 1),
('TTNT008', 'HUHU', 2, 15, 30, 1);

-- --------------------------------------------------------

--
-- Cấu trúc bảng cho bảng `namhoc`
--

CREATE TABLE `namhoc` (
  `manamhoc` int(11) NOT NULL,
  `tennamhoc` varchar(20) NOT NULL,
  `trangthai` tinyint(1) DEFAULT 1,
  `ngaytao` timestamp NOT NULL DEFAULT current_timestamp()
) ENGINE=InnoDB DEFAULT CHARSET=utf8mb4 COLLATE=utf8mb4_general_ci;

--
-- Đang đổ dữ liệu cho bảng `namhoc`
--

INSERT INTO `namhoc` (`manamhoc`, `tennamhoc`, `trangthai`, `ngaytao`) VALUES
(7, '2015-2016', 1, '2025-11-09 14:38:10'),
(9, '2017-2018', 1, '2025-11-09 14:38:10'),
(10, '2018-2019', 1, '2025-11-09 14:38:10'),
(11, '2019-2020', 1, '2025-11-09 14:38:10'),
(12, '2020-2021', 1, '2025-11-09 14:38:10'),
(13, '2021-2022', 1, '2025-11-09 14:38:10'),
(14, '2022-2023', 1, '2025-11-09 14:38:10'),
(15, '2022-2025', 1, '2025-11-09 14:38:10'),
(17, '2027-2028', 1, '2025-11-11 12:11:58'),
(18, '2029-2031', 1, '2025-11-11 12:39:34');

-- --------------------------------------------------------

--
-- Cấu trúc bảng cho bảng `nguoidung`
--

CREATE TABLE `nguoidung` (
  `email` varchar(255) NOT NULL,
  `id` varchar(50) NOT NULL,
  `googleid` varchar(150) DEFAULT NULL,
  `hoten` varchar(255) NOT NULL,
  `gioitinh` tinyint(1) DEFAULT NULL,
  `ngaysinh` date DEFAULT '2004-01-01',
  `avatar` varchar(255) DEFAULT 'ANHSV.png',
  `ngaythamgia` date NOT NULL DEFAULT current_timestamp(),
  `matkhau` varchar(60) DEFAULT NULL,
  `trangthai` int(11) NOT NULL,
  `sodienthoai` int(11) DEFAULT NULL,
  `token` varchar(255) DEFAULT NULL,
  `otp` varchar(10) DEFAULT NULL,
  `manhomquyen` int(11) DEFAULT NULL
) ENGINE=InnoDB DEFAULT CHARSET=utf8mb4 COLLATE=utf8mb4_general_ci;

--
-- Đang đổ dữ liệu cho bảng `nguoidung`
--

INSERT INTO `nguoidung` (`email`, `id`, `googleid`, `hoten`, `gioitinh`, `ngaysinh`, `avatar`, `ngaythamgia`, `matkhau`, `trangthai`, `sodienthoai`, `token`, `otp`, `manhomquyen`) VALUES
('admin001@gmail.com', 'Admin001', NULL, 'Quản Trị Viên 2', 0, '1990-01-01', 'ANHSV.png', '2025-11-15', '$2y$10$/3/xzyka/Om6VqWww224Dut6fuaIypgFlDRIY2Wj8VD0CYpimBGSy', 1, NULL, '1764519519$2y$10$2ytjx76S3Mv4Se8J0U8QrO39s/7c1GZfeNVqQqIBAQDf0MV/0RwOy', NULL, 3),
('hp672341@gmail.com', 'CNTT2211001', NULL, 'Nguyễn Văn An', 1, '1990-01-01', 'ANHSV.png', '2025-08-01', '$2y$10$/3/xzyka/Om6VqWww224Dut6fuaIypgFlDRIY2Wj8VD0CYpimBGSy', 0, NULL, '1762943800$2y$10$Z14yzM1znVBzYNvv8vcok.i4yfq2MdpppGZidt4G8NNoADxAxF6OK', '472363', 2),
('ttbichcntt2211002@dht.edu.vn', 'CNTT2211002', NULL, 'Trần Thị Bích', 1, '1990-01-01', 'ANHSV.png', '2025-08-01', '$2y$10$/3/xzyka/Om6VqWww224Dut6fuaIypgFlDRIY2Wj8VD0CYpimBGSy', 0, NULL, '1763223100$2y$10$ZpkAHmcqWtNEqM.PhUyIk.CAEI.RktR6iczA/iGGuX.fdN4xgcXXW', NULL, 3),
('lmchaucntt2211003@dht.edu.vn', 'CNTT2211003', NULL, 'Lê Minh Châu', 0, '1990-01-01', 'ANHSV.png', '2025-08-01', '$2y$10$/3/xzyka/Om6VqWww224Dut6fuaIypgFlDRIY2Wj8VD0CYpimBGSy', 1, NULL, '1764819741$2y$10$gfiLEY6pSLh.JrHMLrFrAOk9wzuO04f3H9BrefY1K0EED3yHbU8s6', NULL, 2),
('hp672341@dht.edu.vn', 'CNTT22110032', NULL, 'Hoàng', 0, '2004-02-04', 'ANHSV.png', '2025-08-03', '$2y$10$/3/xzyka/Om6VqWww224Dut6fuaIypgFlDRIY2Wj8VD0CYpimBGSy', 1, 333440700, NULL, '515355', 2),
('pqdcntt2211004@dht.edu.vn', 'CNTT2211004', NULL, 'Phạm Quốc Dũng', 0, '1990-01-01', 'ANHSV.png', '2025-08-01', '$2y$10$/3/xzyka/Om6VqWww224Dut6fuaIypgFlDRIY2Wj8VD0CYpimBGSy', 1, NULL, '1764957363$2y$10$2fFuG9RioRVP8lHdHDG4TOj5lhZ7nELlhedZdKV8HW8o1IX9li7Nq', NULL, 2),
('htnhcntt2211005@dht.edu.vn', 'CNTT2211005', NULL, 'Hoàng Thị Ngọc Hà', 1, '1990-01-01', 'ANHSV.png', '2025-08-01', '$2y$10$/3/xzyka/Om6VqWww224Dut6fuaIypgFlDRIY2Wj8VD0CYpimBGSy', 1, NULL, '1764820214$2y$10$kXpD0wxLPzzRH32w0omI3.x2ctA7IRmK4SbhrQ1DtoCbGDJnphCYG', NULL, 2),
('vvhcntt2211006@dht.edu.vn', 'CNTT2211006', NULL, 'Võ Văn Hùng', 1, '1990-01-01', 'ANHSV.png', '2025-08-01', '$2y$10$/3/xzyka/Om6VqWww224Dut6fuaIypgFlDRIY2Wj8VD0CYpimBGSy', 1, NULL, '1764820768$2y$10$ARlG9Zlt.Z4bHrOldTbqReT7vtkB9zK/kOBxcrDVvAh6nrBN6pyJW', NULL, 2),
('dtkimcntt2211007@dht.edu.vn', 'CNTT2211007', NULL, 'Đặng Thị Kim', 1, '1990-01-01', 'ANHSV.png', '2025-08-01', '$2y$10$/3/xzyka/Om6VqWww224Dut6fuaIypgFlDRIY2Wj8VD0CYpimBGSy', 1, NULL, '1764821057$2y$10$USKSxnpnPM/u4ynaz3Cy2O/MazBeeFjE9MmJmlYadTWkvaO/J2f3G', NULL, 2),
('bmkhcntt2211008@dht.edu.vn', 'CNTT2211008', NULL, 'Bùi Minh Khang', 1, '1990-01-01', 'ANHSV.png', '2025-08-01', '$2y$10$/3/xzyka/Om6VqWww224Dut6fuaIypgFlDRIY2Wj8VD0CYpimBGSy', 1, NULL, '1764821387$2y$10$rb7/N/h39rN2DJmXw/vNrezpiut9HZTwp3Q12rH8zBzLTSSw0DEum', NULL, 2),
('ntlcntt2211009@dht.edu.vn', 'CNTT2211009', NULL, 'Nguyễn Thị Lan', 1, '1990-01-01', 'ANHSV.png', '2025-08-01', '$2y$10$/3/xzyka/Om6VqWww224Dut6fuaIypgFlDRIY2Wj8VD0CYpimBGSy', 1, NULL, '1764821867$2y$10$JlFvfgoTxnlHAYtzWwYuQ.sh5kBR6XJlgtgYtXnv/juVwxmRjQjHm', NULL, 2),
('tvlcntt2211010@dht.edu.vn', 'CNTT2211010', NULL, 'Trần Văn Long', 1, '1990-01-01', 'ANHSV.png', '2025-08-01', '$2y$10$/3/xzyka/Om6VqWww224Dut6fuaIypgFlDRIY2Wj8VD0CYpimBGSy', 1, NULL, '1764958733$2y$10$h8pqR39q82qK9dMBNUONE.8S4nFbKnJ4MmyX6z2hFGCE4L0f.akHO', NULL, 2),
('ltmcntt2211011@dht.edu.vn', 'CNTT2211011', NULL, 'Lê Thị Mai', 1, '1990-01-01', 'ANHSV.png', '2025-08-01', '$2y$10$/3/xzyka/Om6VqWww224Dut6fuaIypgFlDRIY2Wj8VD0CYpimBGSy', 1, NULL, '1764617549$2y$10$02NiZZRZE3gsMQXxqg.lBe9agHpu6L6VN27njoRVM3RRN9MxeTNBO', NULL, 2),
('pvncntt2211012@dht.edu.vn', 'CNTT2211012', NULL, 'Phạm Văn Nam', 1, '1990-01-01', 'ANHSV.png', '2025-08-01', '$2y$10$/3/xzyka/Om6VqWww224Dut6fuaIypgFlDRIY2Wj8VD0CYpimBGSy', 1, NULL, '1764959864$2y$10$.tXJCfvzbPO1sxOpY3VRle5BoAYaVtNl/jAR1z/U8TGFE1.m3IS5e', NULL, 2),
('hmnhcntt2211013@dht.edu.vn', 'CNTT2211013', NULL, 'Hoàng Minh Nhật', 1, '1990-01-01', 'ANHSV.png', '2025-08-01', '$2y$10$/3/xzyka/Om6VqWww224Dut6fuaIypgFlDRIY2Wj8VD0CYpimBGSy', 1, NULL, '1764822885$2y$10$ocIMUYDDp1rdacu7vAazweGmnCgDYbD3S.sOo7Tk83SfCAb/7Ah6i', NULL, 2),
('vtoanhcntt2211014@dht.edu.vn', 'CNTT2211014', NULL, 'Võ Thị Oanh', 1, '1990-01-01', 'ANHSV.png', '2025-08-01', '$2y$10$/3/xzyka/Om6VqWww224Dut6fuaIypgFlDRIY2Wj8VD0CYpimBGSy', 1, NULL, '1764727038$2y$10$G1riQuW7q094fA..grNwfeULqdJnc.Y4camt8GxGFaVNIUaPTd90C', NULL, 2),
('dvphcntt2211015@dht.edu.vn', 'CNTT2211015', NULL, 'Đặng Văn Phong', 1, '1990-01-01', 'ANHSV.png', '2025-08-01', '$2y$10$/3/xzyka/Om6VqWww224Dut6fuaIypgFlDRIY2Wj8VD0CYpimBGSy', 1, NULL, '1764968642$2y$10$4heLXKSUEzNZXHOyZyLp2edhcX1F.fZ3dCf4CPruEf09eeUkSCXsi', NULL, 2),
('btphcntt2211016@dht.edu.vn', 'CNTT2211016', NULL, 'Bùi Thị Phương', 1, '1990-01-01', 'ANHSV.png', '2025-08-01', '$2y$10$/3/xzyka/Om6VqWww224Dut6fuaIypgFlDRIY2Wj8VD0CYpimBGSy', 1, NULL, '1764968778$2y$10$2tSqUJPr6qvWbPkFXWznkuRovNw2MJOUOMdCldstTRJFV8bXIwY6y', NULL, 2),
('nqsncntt2211017@dht.edu.vn', 'CNTT2211017', NULL, 'Nguyễn Quốc Sơn', 1, '1990-01-01', 'ANHSV.png', '2025-08-01', '$2y$10$/3/xzyka/Om6VqWww224Dut6fuaIypgFlDRIY2Wj8VD0CYpimBGSy', 1, NULL, '1764978702$2y$10$LDa5Rt6knwEuTZvDu7J/B.e0KHKNiZQ7WOj9/E/ATDTQJSZ6urxci', NULL, 2),
('tthanhcntt2211018@dht.edu.vn', 'CNTT2211018', NULL, 'Trần Thị Thanh', 1, '1990-01-01', 'ANHSV.png', '2025-08-01', '$2y$10$/3/xzyka/Om6VqWww224Dut6fuaIypgFlDRIY2Wj8VD0CYpimBGSy', 1, NULL, '1764994658$2y$10$EJbD5ocGFDObOlYAXEKGx.gKyxRzQJ9zZ/.cf1XYG25Ty0q8RJI..', NULL, 2),
('lvthanhcntt2211019@dht.edu.vn', 'CNTT2211019', NULL, 'Lê Văn Thành', 1, '1990-01-01', 'ANHSV.png', '2025-08-01', '$2y$10$/3/xzyka/Om6VqWww224Dut6fuaIypgFlDRIY2Wj8VD0CYpimBGSy', 1, NULL, '1764994689$2y$10$x2FBoNRkR9AFQA00n4o9ae/1FMDMQAjz9Lmm7GyOIN0lmKRvARAfu', NULL, 2),
('ptthaocntt2211020@dht.edu.vn', 'CNTT2211020', NULL, 'Phạm Thị Thảo', 1, '1990-01-01', 'ANHSV.png', '2025-08-01', '$2y$10$/3/xzyka/Om6VqWww224Dut6fuaIypgFlDRIY2Wj8VD0CYpimBGSy', 1, NULL, '1764784507$2y$10$SlYVaWnlO3a1Mx4Snnsc0OcWWSVwIQyeGDBNG8bTLvlNjSgKziJBi', NULL, 2),
('hvthcntt2211021@dht.edu.vn', 'CNTT2211021', NULL, 'Hoàng Văn Thiên', 1, '1990-01-01', 'ANHSV.png', '2025-08-01', '$2y$10$/3/xzyka/Om6VqWww224Dut6fuaIypgFlDRIY2Wj8VD0CYpimBGSy', 1, NULL, '1764784794$2y$10$HARIzi2Axp.PTkzMTkwq3./cgFguYvrDxFnvCGO.eX/XsvNDzKWoa', NULL, 2),
('vthucntt2211022@dht.edu.vn', 'CNTT2211022', NULL, 'Võ Thị Thu', 1, '1990-01-01', 'ANHSV.png', '2025-08-01', '$2y$10$/3/xzyka/Om6VqWww224Dut6fuaIypgFlDRIY2Wj8VD0CYpimBGSy', 1, NULL, '1764961114$2y$10$y7S/2gubdxxFyaBrETIKOuvtRvZla81KdLkhqblqgcionZF8ZuHzu', NULL, 2),
('dmtricntt2211023@dht.edu.vn', 'CNTT2211023', NULL, 'Đặng Minh Trí', 1, '1990-01-01', 'ANHSV.png', '2025-08-01', '$2y$10$/3/xzyka/Om6VqWww224Dut6fuaIypgFlDRIY2Wj8VD0CYpimBGSy', 1, NULL, '1764784954$2y$10$QVw.vgDXZSZVO9sWWYjdZOLADODUqyhGcCUsOaqAp7FZhMBxY0sl2', NULL, 2),
('bvtrcntt2211024@dht.edu.vn', 'CNTT2211024', NULL, 'Bùi Văn Trường', 1, '1990-01-01', 'ANHSV.png', '2025-08-01', '$2y$10$/3/xzyka/Om6VqWww224Dut6fuaIypgFlDRIY2Wj8VD0CYpimBGSy', 1, NULL, '1764502391$2y$10$MFUy00CfR43pK6FOfUvOQ.iic1uhbZG1uxAe/DfP3CXVruIzzXBae', NULL, 2),
('nttamcntt2211025@dht.edu.vn', 'CNTT2211025', NULL, 'Nguyễn Thị Tâm', 1, '1990-01-01', 'ANHSV.png', '2025-08-01', '$2y$10$/3/xzyka/Om6VqWww224Dut6fuaIypgFlDRIY2Wj8VD0CYpimBGSy', 1, NULL, '1764782488$2y$10$goToZr.w9cH4XiCY6.13hu7cKbFIcA8jLWQ5wMwseQ6EXT6zVIKf2', NULL, 2),
('tvtungcntt2211026@dht.edu.vn', 'CNTT2211026', NULL, 'Trần Văn Tùng', 1, '1990-01-01', 'ANHSV.png', '2025-08-01', '$2y$10$/3/xzyka/Om6VqWww224Dut6fuaIypgFlDRIY2Wj8VD0CYpimBGSy', 1, NULL, '1764783283$2y$10$NYnOjRoor0Ar9RUM.kfGruvOLJsrkLAIPNhoPN9Hxb33Fp3RFJcHC', NULL, 2),
('lvcntt2211027@dht.edu.vn', 'CNTT2211027', NULL, 'Lê Thị Vân', 1, '1990-01-01', 'ANHSV.png', '2025-08-01', '$2y$10$/3/xzyka/Om6VqWww224Dut6fuaIypgFlDRIY2Wj8VD0CYpimBGSy', 1, NULL, '1764783478$2y$10$9ygC12PZ4Ug0QsB/Ufv3A.7SJ0bQCuiZn6I7KI4ZLf74fH1Sru8Ce', NULL, 2),
('pvvcntt2211028@dht.edu.vn', 'CNTT2211028', NULL, 'Phạm Văn Vinh', 1, '1990-01-01', 'ANHSV.png', '2025-08-01', '$2y$10$/3/xzyka/Om6VqWww224Dut6fuaIypgFlDRIY2Wj8VD0CYpimBGSy', 1, NULL, '1764783861$2y$10$o92sDwfGk9pK9S8bdJfUnOvZUj45llpWvxv8eH5XvntKJJ8ocOwEW', NULL, 2),
('htxcntt2211029@dht.edu.vn', 'CNTT2211029', NULL, 'Hoàng Thị Xuân', 1, '1990-01-01', 'ANHSV.png', '2025-08-01', '$2y$10$/3/xzyka/Om6VqWww224Dut6fuaIypgFlDRIY2Wj8VD0CYpimBGSy', 1, NULL, '1764502947$2y$10$tyHhuVTBFOdQf49fXGQBXeUAkxU62JbCbJkrmMcAvo2iXWGyyYymW', NULL, 2),
('vmycntt2211030@dht.edu.vn', 'CNTT2211030', NULL, 'Võ Minh Ý', 1, '1990-01-01', 'ANHSV.png', '2025-08-01', '$2y$10$/3/xzyka/Om6VqWww224Dut6fuaIypgFlDRIY2Wj8VD0CYpimBGSy', 1, NULL, '1764967844$2y$10$p8cXwh4bjSCW4.QFSjsPF.nlADVjj1KopDUgmKbSIDMvMFpGKRge.', NULL, 2),
('dtycntt2211031@dht.edu.vn', 'CNTT2211031', NULL, 'Đặng Thị Yến', 1, '1990-01-01', 'ANHSV.png', '2025-08-01', '$2y$10$/3/xzyka/Om6VqWww224Dut6fuaIypgFlDRIY2Wj8VD0CYpimBGSy', 1, NULL, '1764423191$2y$10$nu9uNIGnhAuLtgdoqQtp7.LTZbdTQ9UMqVGk5mNNu2l8Uw1.Ocrae', NULL, 2),
('hp67@dht.edu.vn', 'CNTT2211035', NULL, 'Phạm Sơn Hoàng', 0, '2004-02-04', 'ANHSV.png', '2025-08-12', '$2y$10$/3/xzyka/Om6VqWww224Dut6fuaIypgFlDRIY2Wj8VD0CYpimBGSy', 1, 333440700, '1755005695$2y$10$ATUH6dpos7vb1cQTKijmJuFL.NLxpnjRZ.QGzdfMQ31ml4rg7BqyO', NULL, 2),
('hp678@dht.edu.vn', 'CNTT2211036', NULL, 'Phạm Sơn Hoàng', 0, '2004-02-04', 'ANHSV.png', '2025-08-12', '$2y$10$/3/xzyka/Om6VqWww224Dut6fuaIypgFlDRIY2Wj8VD0CYpimBGSy', 1, 333440700, NULL, NULL, 2),
('hp679@dht.edu.vn', 'CNTT2211037', NULL, 'Phạm Sơn Hoàng', 0, '2004-02-04', 'ANHSV.png', '2025-08-12', '$2y$10$/3/xzyka/Om6VqWww224Dut6fuaIypgFlDRIY2Wj8VD0CYpimBGSy', 1, 333440700, NULL, NULL, 2),
('hp671@dht.edu.vn', 'CNTT2211040', NULL, 'Phạm Sơn Hoàng', 0, '2004-02-04', 'ANHSV.png', '2025-08-12', '$2y$10$/3/xzyka/Om6VqWww224Dut6fuaIypgFlDRIY2Wj8VD0CYpimBGSy', 1, 333440700, NULL, NULL, 2),
('', 'CNTT2211045', NULL, 'Nguyễn Văn A', 1, '2004-01-01', 'ANHSV.png', '2025-08-12', '$2y$10$/3/xzyka/Om6VqWww224Dut6fuaIypgFlDRIY2Wj8VD0CYpimBGSy', 1, NULL, NULL, NULL, 2),
('hp842@dht.edu.vn', 'CNTT2211048', NULL, 'Phạm Sơn Hoàng', 1, '2004-01-01', 'ANHSV.png', '2025-08-12', '$2y$10$/3/xzyka/Om6VqWww224Dut6fuaIypgFlDRIY2Wj8VD0CYpimBGSy', 1, NULL, '1755010450$2y$10$/Kecb2jMhXICr2dbGkQiNuyg013YCXqR5P15B/hjEXsIwJTqJmjGO', NULL, 2),
('hp672340@dht.edu.vn', 'CNTT2211050', NULL, 'Nguyễn Văn A', 0, '2004-02-01', 'ANHSV.png', '2025-08-12', '$2y$10$/3/xzyka/Om6VqWww224Dut6fuaIypgFlDRIY2Wj8VD0CYpimBGSy', 1, 333440700, '1763696340$2y$10$EXwCxAZ9Jlt.xRSyuoqgOOL17R0PKflW1rKFNwrDImefGVzb2DNrG', NULL, 2),
('gvbm001@dht.edu.vn', 'GVBM001', NULL, 'Phạm Sơn Hoàng', 1, '1990-01-01', 'ảnh nội thất 14-689b63ec30386.jpg', '2025-08-01', '$2y$10$/3/xzyka/Om6VqWww224Dut6fuaIypgFlDRIY2Wj8VD0CYpimBGSy', 1, NULL, '1764856690$2y$10$OrdQfqzgz73U2xSXOtP7h.0525K3e4QLIqyT761mJWZKr.HJtZUUy', NULL, 1),
('gvbm002@dht.edu.vn', 'GVBM002', NULL, 'Liên Hòa Thuận', 1, '1990-01-01', 'ANHSV.png', '2025-08-01', '$2y$10$/3/xzyka/Om6VqWww224Dut6fuaIypgFlDRIY2Wj8VD0CYpimBGSy', 1, NULL, '1763952173$2y$10$ggOlrrSi3EL2ILbCu4H7r.p4HiYySIY1x3Si2LHSUJ3Ykd.fjy05q', NULL, 1),
('nvbhttt2211001@dht.edu.vn', 'HTTT2211001', NULL, 'Nguyễn Văn Bình', 1, '1990-01-01', 'ANHSV.png', '2025-08-01', '$2y$10$/3/xzyka/Om6VqWww224Dut6fuaIypgFlDRIY2Wj8VD0CYpimBGSy', 1, NULL, '1764956201$2y$10$EdMEsDj3oZRidOsJSTSFAO.bivUbx1lWLL3fVKsNmx4DusCo6O3Ya', NULL, 2),
('tthcntt2211002@dht.edu.vn', 'HTTT2211002', NULL, 'Trần Thị Hồng', 1, '1990-01-01', 'ANHSV.png', '2025-08-01', '$2y$10$/3/xzyka/Om6VqWww224Dut6fuaIypgFlDRIY2Wj8VD0CYpimBGSy', 1, NULL, '1764823461$2y$10$hS8bPj/YPMLvHQwlRM2qw.2d7k9JESz8XsmnwIlTErTF05bNHD20S', NULL, 2),
('lvdcntt2211003@dht.edu.vn', 'HTTT2211003', NULL, 'Lê Văn Dũng', 1, '1990-01-01', 'ANHSV.png', '2025-08-01', '$2y$10$/3/xzyka/Om6VqWww224Dut6fuaIypgFlDRIY2Wj8VD0CYpimBGSy', 1, NULL, '1764951568$2y$10$WOW3vMLDC3erZYIiiEPh..t7qdyxEGXUYT.12ylkdsSMcdswBDJ9q', NULL, 2),
('ptlcntt2211004@dht.edu.vn', 'HTTT2211004', NULL, 'Phạm Thị Linh', 1, '1990-01-01', 'ANHSV.png', '2025-08-01', '$2y$10$/3/xzyka/Om6VqWww224Dut6fuaIypgFlDRIY2Wj8VD0CYpimBGSy', 1, NULL, '1764951795$2y$10$Wm0fV.XvlROYkine.zVVV.r/hu9zv1LsN7TwK1IxdUPMrdGb1tKDy', NULL, 2),
('hvkhcntt2211005@dht.edu.vn', 'HTTT2211005', NULL, 'Hoàng Văn Khánh', 1, '1990-01-01', 'ANHSV.png', '2025-08-01', '$2y$10$/3/xzyka/Om6VqWww224Dut6fuaIypgFlDRIY2Wj8VD0CYpimBGSy', 1, NULL, '1764826768$2y$10$ysc7vKg0mJJjvPFnmUvSUOwKJy.ge1ZomqOmOkwiR7fEdruRB50tK', NULL, 2),
('vtmcntt2211006@dht.edu.vn', 'HTTT2211006', NULL, 'Võ Thị Minh', 1, '1990-01-01', 'ANHSV.png', '2025-08-01', '$2y$10$/3/xzyka/Om6VqWww224Dut6fuaIypgFlDRIY2Wj8VD0CYpimBGSy', 1, NULL, '1764763931$2y$10$fvxbsbtAtG1GBjYwLA4Bzut5Kn2NnlqXcxGSHltLuchUhiIg/NUgO', NULL, 2),
('dtngcntt2211007@dht.edu.vn', 'HTTT2211007', NULL, 'Đặng Thị Ngân', 1, '1990-01-01', 'ANHSV.png', '2025-08-01', '$2y$10$/3/xzyka/Om6VqWww224Dut6fuaIypgFlDRIY2Wj8VD0CYpimBGSy', 1, NULL, '1764826779$2y$10$kRGkGmOMz8evC.gp23fn1uGhRodvjiaReDHFDbmj1AJ03sx8B72WC', NULL, 2),
('bvphttt2211008@dht.edu.vn', 'HTTT2211008', NULL, 'Bùi Văn Phú', 1, '1990-01-01', 'ANHSV.png', '2025-08-01', '$2y$10$/3/xzyka/Om6VqWww224Dut6fuaIypgFlDRIY2Wj8VD0CYpimBGSy', 1, NULL, '1764951809$2y$10$EuP/zEjb0qTgJgWChMlU6ucUF2L4UIJC/f8EnbnJafKVvvSZEK2QG', NULL, 2),
('ntqhttt2211009@dht.edu.vn', 'HTTT2211009', NULL, 'Nguyễn Thị Quyên', 1, '1990-01-01', 'ANHSV.png', '2025-08-01', '$2y$10$/3/xzyka/Om6VqWww224Dut6fuaIypgFlDRIY2Wj8VD0CYpimBGSy', 1, NULL, '1764973639$2y$10$UNC3c56EP0yW/.VmTPwvJewRH72uBmWAzYsNjwjoMXH5.pULRZQbq', NULL, 2),
('tvshttt2211010@dht.edu.vn', 'HTTT2211010', NULL, 'Trần Văn Sang', 1, '1990-01-01', 'ANHSV.png', '2025-08-01', '$2y$10$/3/xzyka/Om6VqWww224Dut6fuaIypgFlDRIY2Wj8VD0CYpimBGSy', 1, NULL, '1764952418$2y$10$o/1SN7.PKeKgDlkNvh9Xjerwnr6zjCCMHuP0/U0hFOYWX5OhvOpzu', NULL, 2),
('lttcntt2211011@dht.edu.vn', 'HTTT2211011', NULL, 'Lê Thị Thùy', 1, '1990-01-01', 'ANHSV.png', '2025-08-01', '$2y$10$/3/xzyka/Om6VqWww224Dut6fuaIypgFlDRIY2Wj8VD0CYpimBGSy', 1, NULL, '1764728500$2y$10$EQHHPuUoK3HLNthvQCN7POrMYundijVq8qvM5nD/XFY.h0Hk6auA2', NULL, 2),
('pvthcntt2211012@dht.edu.vn', 'HTTT2211012', NULL, 'Phạm Văn Thịnh', 1, '1990-01-01', 'ANHSV.png', '2025-08-01', '$2y$10$/3/xzyka/Om6VqWww224Dut6fuaIypgFlDRIY2Wj8VD0CYpimBGSy', 1, NULL, '1764779816$2y$10$pT6IPx1vK059q6mDf7FDpe6VPAdXBLc9mvqQIjbUUuhygsikD4JLy', NULL, 2),
('htthcntt2211013@dht.edu.vn', 'HTTT2211013', NULL, 'Hoàng Thị Thơ', 1, '1990-01-01', 'ANHSV.png', '2025-08-01', '$2y$10$/3/xzyka/Om6VqWww224Dut6fuaIypgFlDRIY2Wj8VD0CYpimBGSy', 1, NULL, '1764834775$2y$10$BluLt8LLeA.tJ35KGaFlQOQs8585qiZTmgF7yOnWS8bOb.Iz.9JUa', NULL, 2),
('vvthcntt2211014@dht.edu.vn', 'HTTT2211014', NULL, 'Võ Văn Thắng', 1, '1990-01-01', 'ANHSV.png', '2025-08-01', '$2y$10$/3/xzyka/Om6VqWww224Dut6fuaIypgFlDRIY2Wj8VD0CYpimBGSy', 1, NULL, '1764667829$2y$10$07MHXdrvsfX0symStl1LE.MriQ3hd5Ju9sOFJxLFVpEwyPlM/zaMi', NULL, 2),
('dvtcntt2211015@dht.edu.vn', 'HTTT2211015', NULL, 'Đặng Văn Tâm', 1, '1990-01-01', 'ANHSV.png', '2025-08-01', '$2y$10$/3/xzyka/Om6VqWww224Dut6fuaIypgFlDRIY2Wj8VD0CYpimBGSy', 1, NULL, '1764732411$2y$10$EtQTn48TobQP.m51K2hOe.5aYlxAVFXORl0yD.PTZGxy42WJSE2ri', NULL, 2),
('btthcntt2211016@dht.edu.vn', 'HTTT2211016', NULL, 'Bùi Thị Thắm', 1, '1990-01-01', 'ANHSV.png', '2025-08-01', '$2y$10$/3/xzyka/Om6VqWww224Dut6fuaIypgFlDRIY2Wj8VD0CYpimBGSy', 1, NULL, '1764781760$2y$10$D2LMz0EyUNzwhtC80Eckn.WqD.Wb3x6peJ868I4Z.bDMG5Xb9gkFy', NULL, 2),
('nvtrcntt2211017@dht.edu.vn', 'HTTT2211017', NULL, 'Nguyễn Văn Trung', 1, '1990-01-01', 'ANHSV.png', '2025-08-01', '$2y$10$/3/xzyka/Om6VqWww224Dut6fuaIypgFlDRIY2Wj8VD0CYpimBGSy', 1, NULL, '1764784941$2y$10$mMiiTExgaVxjkb6yZoNOd.z80DzuPZRTrosRDUlqpnw5QfSq4KqwC', NULL, 2),
('ttvhttt2211018@dht.edu.vn', 'HTTT2211018', NULL, 'Trần Thị Vân', 1, '1990-01-01', 'ANHSV.png', '2025-08-01', '$2y$10$/3/xzyka/Om6VqWww224Dut6fuaIypgFlDRIY2Wj8VD0CYpimBGSy', 1, NULL, '1764765225$2y$10$YSKASAuy1j1j4lz83BmBz.GS6QRBbg05HiZkh6zl3LOmow7l9wX2.', NULL, 2),
('lvvhttt2211019@dht.edu.vn', 'HTTT2211019', NULL, 'Lê Văn Vũ', 1, '1990-01-01', 'ANHSV.png', '2025-08-01', '$2y$10$/3/xzyka/Om6VqWww224Dut6fuaIypgFlDRIY2Wj8VD0CYpimBGSy', 1, NULL, '1764626981$2y$10$AftbzWJaCRmry777/hfHxOTw1Au/ki7jujv7YgIkHAqhYuuw85mkq', NULL, 2),
('ptycntt2211020@dht.edu.vn', 'HTTT2211020', NULL, 'Phạm Thị Yến', 1, '1990-01-01', 'ANHSV.png', '2025-08-01', '$2y$10$/3/xzyka/Om6VqWww224Dut6fuaIypgFlDRIY2Wj8VD0CYpimBGSy', 1, NULL, '1764953270$2y$10$mDSrhSWh9oAqdX4Ogm1TZuJsWZm2sS587NJ45axzyIoCC8QJXvRnK', NULL, 2),
('hvdcntt2211021@dht.edu.vn', 'HTTT2211021', NULL, 'Hoàng Văn Đức', 1, '1990-01-01', 'ANHSV.png', '2025-08-01', '$2y$10$/3/xzyka/Om6VqWww224Dut6fuaIypgFlDRIY2Wj8VD0CYpimBGSy', 1, NULL, '1764953280$2y$10$Oae7ZE/xsO1pp2q3/6RpaOyEAfBEVWVhwOI4HXf6b4612oLs2pUV6', NULL, 2),
('vthcntt2211022@dht.edu.vn', 'HTTT2211022', NULL, 'Võ Thị Hạnh', 1, '1990-01-01', 'ANHSV.png', '2025-08-01', '$2y$10$/3/xzyka/Om6VqWww224Dut6fuaIypgFlDRIY2Wj8VD0CYpimBGSy', 1, NULL, NULL, NULL, 2),
('dmkhttt2211023@dht.edu.vn', 'HTTT2211023', NULL, 'Đặng Minh Kiên', 1, '1990-01-01', 'ANHSV.png', '2025-08-01', '$2y$10$/3/xzyka/Om6VqWww224Dut6fuaIypgFlDRIY2Wj8VD0CYpimBGSy', 1, NULL, '1764963686$2y$10$NemvJzuEhv7yzZKk2yvx9.q6ytZrReTx4SESAhZX24IGL1ciSreBi', NULL, 2),
('bvncntt2211024@dht.edu.vn', 'HTTT2211024', NULL, 'Bùi Văn Nguyên', 1, '1990-01-01', 'ANHSV.png', '2025-08-01', '$2y$10$/3/xzyka/Om6VqWww224Dut6fuaIypgFlDRIY2Wj8VD0CYpimBGSy', 1, NULL, NULL, NULL, 2),
('ntnhttt2211025@dht.edu.vn', 'HTTT2211025', NULL, 'Nguyễn Thị Nhung', 1, '1990-01-01', 'ANHSV.png', '2025-08-01', '$2y$10$/3/xzyka/Om6VqWww224Dut6fuaIypgFlDRIY2Wj8VD0CYpimBGSy', 1, NULL, '1764625787$2y$10$VQn1uXNWEBJyivbwaDbPquy2mKT8I/OMznI8EGSjBndnPzAcJ52KK', NULL, 2),
('tvphttt2211026@dht.edu.vn', 'HTTT2211026', NULL, 'Trần Văn Phúc', 1, '1990-01-01', 'ANHSV.png', '2025-08-01', '$2y$10$/3/xzyka/Om6VqWww224Dut6fuaIypgFlDRIY2Wj8VD0CYpimBGSy', 1, NULL, NULL, NULL, 2),
('lttcntt2211027@dht.edu.vn', 'HTTT2211027', NULL, 'Lê Thị Trang', 1, '1990-01-01', 'ANHSV.png', '2025-08-01', '$2y$10$/3/xzyka/Om6VqWww224Dut6fuaIypgFlDRIY2Wj8VD0CYpimBGSy', 1, NULL, NULL, NULL, 2),
('pvthcntt2211028@dht.edu.vn', 'HTTT2211028', NULL, 'Phạm Văn Thái', 1, '1990-01-01', 'ANHSV.png', '2025-08-01', '$2y$10$/3/xzyka/Om6VqWww224Dut6fuaIypgFlDRIY2Wj8VD0CYpimBGSy', 1, NULL, NULL, NULL, 2),
('httcntt2211029@dht.edu.vn', 'HTTT2211029', NULL, 'Hoàng Thị Trinh', 1, '1990-01-01', 'ANHSV.png', '2025-08-01', '$2y$10$/3/xzyka/Om6VqWww224Dut6fuaIypgFlDRIY2Wj8VD0CYpimBGSy', 1, NULL, '1764780727$2y$10$ZzJnSJmZIfW6XwrH3HuKoOCjxzbVIj6nsb4I1oWNqXW4eyuxlgk/m', NULL, 2),
('vvthcntt2211030@dht.edu.vn', 'HTTT2211030', NULL, 'Võ Văn Thông', 1, '1990-01-01', 'ANHSV.png', '2025-08-01', '$2y$10$/3/xzyka/Om6VqWww224Dut6fuaIypgFlDRIY2Wj8VD0CYpimBGSy', 1, NULL, '1764775590$2y$10$oupPv4Q/WghSd/kyKu2QZecGUASzsY9G6F/86qCT2AuzLgiGoZNnq', NULL, 2),
('dthcntt2211031@dht.edu.vn', 'HTTT2211031', NULL, 'Đặng Thị Hương', 1, '1990-01-01', 'ANHSV.png', '2025-08-01', '$2y$10$/3/xzyka/Om6VqWww224Dut6fuaIypgFlDRIY2Wj8VD0CYpimBGSy', 1, NULL, '1764782191$2y$10$nR5CDAy.UABjU065M0u.GOknWBV680P6g6GqYFa/TVGEltf4M0Z5S', NULL, 2),
('nvckhdl2211001@dht.edu.vn', 'KHDL2211001', NULL, 'Nguyễn Văn Cường', 1, '1990-01-01', 'ANHSV.png', '2025-08-01', '$2y$10$/3/xzyka/Om6VqWww224Dut6fuaIypgFlDRIY2Wj8VD0CYpimBGSy', 1, NULL, NULL, NULL, 2),
('ttkhd2211002@dht.edu.vn', 'KHDL2211002', NULL, 'Trần Thị Kiều', 1, '1990-01-01', 'ANHSV.png', '2025-08-01', '$2y$10$/3/xzyka/Om6VqWww224Dut6fuaIypgFlDRIY2Wj8VD0CYpimBGSy', 1, NULL, NULL, NULL, 2),
('lvnkhdl2211003@dht.edu.vn', 'KHDL2211003', NULL, 'Lê Văn Nam', 1, '1990-01-01', 'ANHSV.png', '2025-08-01', '$2y$10$/3/xzyka/Om6VqWww224Dut6fuaIypgFlDRIY2Wj8VD0CYpimBGSy', 1, NULL, NULL, NULL, 2),
('pttkhdl2211004@dht.edu.vn', 'KHDL2211004', NULL, 'Phạm Thị Tâm', 1, '1990-01-01', 'ANHSV.png', '2025-08-01', '$2y$10$/3/xzyka/Om6VqWww224Dut6fuaIypgFlDRIY2Wj8VD0CYpimBGSy', 1, NULL, NULL, NULL, 2),
('hvkhd2211005@dht.edu.vn', 'KHDL2211005', NULL, 'Hoàng Văn Kiên', 1, '1990-01-01', 'ANHSV.png', '2025-08-01', '$2y$10$/3/xzyka/Om6VqWww224Dut6fuaIypgFlDRIY2Wj8VD0CYpimBGSy', 1, NULL, NULL, NULL, 2),
('vtnkhdl2211006@dht.edu.vn', 'KHDL2211006', NULL, 'Võ Thị Nga', 1, '1990-01-01', 'ANHSV.png', '2025-08-01', '$2y$10$/3/xzyka/Om6VqWww224Dut6fuaIypgFlDRIY2Wj8VD0CYpimBGSy', 1, NULL, NULL, NULL, 2),
('dtpkhdl2211007@dht.edu.vn', 'KHDL2211007', NULL, 'Đặng Thị Phượng', 1, '1990-01-01', 'ANHSV.png', '2025-08-01', '$2y$10$/3/xzyka/Om6VqWww224Dut6fuaIypgFlDRIY2Wj8VD0CYpimBGSy', 1, NULL, NULL, NULL, 2),
('bvqkhdl2211008@dht.edu.vn', 'KHDL2211008', NULL, 'Bùi Văn Quang', 1, '1990-01-01', 'ANHSV.png', '2025-08-01', '$2y$10$/3/xzyka/Om6VqWww224Dut6fuaIypgFlDRIY2Wj8VD0CYpimBGSy', 1, NULL, NULL, NULL, 2),
('ntthkhdl2211009@dht.edu.vn', 'KHDL2211009', NULL, 'Nguyễn Thị Thảo', 1, '1990-01-01', 'ANHSV.png', '2025-08-01', '$2y$10$/3/xzyka/Om6VqWww224Dut6fuaIypgFlDRIY2Wj8VD0CYpimBGSy', 1, NULL, NULL, NULL, 2),
('tvtkhdl2211010@dht.edu.vn', 'KHDL2211010', NULL, 'Trần Văn Tài', 1, '1990-01-01', 'ANHSV.png', '2025-08-01', '$2y$10$/3/xzyka/Om6VqWww224Dut6fuaIypgFlDRIY2Wj8VD0CYpimBGSy', 1, NULL, NULL, NULL, 2),
('ltnkhdl2211011@dht.edu.vn', 'KHDL2211011', NULL, 'Lê Thị Ngọc', 1, '1990-01-01', 'ANHSV.png', '2025-08-01', '$2y$10$/3/xzyka/Om6VqWww224Dut6fuaIypgFlDRIY2Wj8VD0CYpimBGSy', 1, NULL, NULL, NULL, 2),
('pvtkhdl2211012@dht.edu.vn', 'KHDL2211012', NULL, 'Phạm Văn Tuấn', 1, '1990-01-01', 'ANHSV.png', '2025-08-01', '$2y$10$/3/xzyka/Om6VqWww224Dut6fuaIypgFlDRIY2Wj8VD0CYpimBGSy', 1, NULL, NULL, NULL, 2),
('htvkhdl2211013@dht.edu.vn', 'KHDL2211013', NULL, 'Hoàng Thị Vân', 1, '1990-01-01', 'ANHSV.png', '2025-08-01', '$2y$10$/3/xzyka/Om6VqWww224Dut6fuaIypgFlDRIY2Wj8VD0CYpimBGSy', 1, NULL, NULL, NULL, 2),
('vvpkhdl2211014@dht.edu.vn', 'KHDL2211014', NULL, 'Võ Văn Phúc', 1, '1990-01-01', 'ANHSV.png', '2025-08-01', '$2y$10$/3/xzyka/Om6VqWww224Dut6fuaIypgFlDRIY2Wj8VD0CYpimBGSy', 1, NULL, NULL, NULL, 2),
('dvtkhdl2211015@dht.edu.vn', 'KHDL2211015', NULL, 'Đặng Văn Tín', 1, '1990-01-01', 'ANHSV.png', '2025-08-01', '$2y$10$/3/xzyka/Om6VqWww224Dut6fuaIypgFlDRIY2Wj8VD0CYpimBGSy', 1, NULL, NULL, NULL, 2),
('btthkhdl2211016@dht.edu.vn', 'KHDL2211016', NULL, 'Bùi Thị Thanh', 1, '1990-01-01', 'ANHSV.png', '2025-08-01', '$2y$10$/3/xzyka/Om6VqWww224Dut6fuaIypgFlDRIY2Wj8VD0CYpimBGSy', 1, NULL, NULL, NULL, 2),
('nvtkhdl2211017@dht.edu.vn', 'KHDL2211017', NULL, 'Nguyễn Văn Thắng', 1, '1990-01-01', 'ANHSV.png', '2025-08-01', '$2y$10$/3/xzyka/Om6VqWww224Dut6fuaIypgFlDRIY2Wj8VD0CYpimBGSy', 1, NULL, NULL, NULL, 2),
('tttkhdl2211018@dht.edu.vn', 'KHDL2211018', NULL, 'Trần Thị Trang', 1, '1990-01-01', 'ANHSV.png', '2025-08-01', '$2y$10$/3/xzyka/Om6VqWww224Dut6fuaIypgFlDRIY2Wj8VD0CYpimBGSy', 1, NULL, NULL, NULL, 2),
('lvtkhdl2211019@dht.edu.vn', 'KHDL2211019', NULL, 'Lê Văn Tùng', 1, '1990-01-01', 'ANHSV.png', '2025-08-01', '$2y$10$/3/xzyka/Om6VqWww224Dut6fuaIypgFlDRIY2Wj8VD0CYpimBGSy', 1, NULL, NULL, NULL, 2),
('ptnkhdl2211020@dht.edu.vn', 'KHDL2211020', NULL, 'Phạm Thị Nhàn', 1, '1990-01-01', 'ANHSV.png', '2025-08-01', '$2y$10$/3/xzyka/Om6VqWww224Dut6fuaIypgFlDRIY2Wj8VD0CYpimBGSy', 1, NULL, NULL, NULL, 2),
('hvthkhdl2211021@dht.edu.vn', 'KHDL2211021', NULL, 'Hoàng Văn Thành', 1, '1990-01-01', 'ANHSV.png', '2025-08-01', '$2y$10$/3/xzyka/Om6VqWww224Dut6fuaIypgFlDRIY2Wj8VD0CYpimBGSy', 1, NULL, NULL, NULL, 2),
('vthkhdl2211022@dht.edu.vn', 'KHDL2211022', NULL, 'Võ Thị Hoa', 1, '1990-01-01', 'ANHSV.png', '2025-08-01', '$2y$10$/3/xzyka/Om6VqWww224Dut6fuaIypgFlDRIY2Wj8VD0CYpimBGSy', 1, NULL, NULL, NULL, 2),
('dmnkhdl2211023@dht.edu.vn', 'KHDL2211023', NULL, 'Đặng Minh Nghĩa', 1, '1990-01-01', 'ANHSV.png', '2025-08-01', '$2y$10$/3/xzyka/Om6VqWww224Dut6fuaIypgFlDRIY2Wj8VD0CYpimBGSy', 1, NULL, NULL, NULL, 2),
('bvtkhdl2211024@dht.edu.vn', 'KHDL2211024', NULL, 'Bùi Văn Tiến', 1, '1990-01-01', 'ANHSV.png', '2025-08-01', '$2y$10$/3/xzyka/Om6VqWww224Dut6fuaIypgFlDRIY2Wj8VD0CYpimBGSy', 1, NULL, NULL, NULL, 2),
('nttkhdl2211025@dht.edu.vn', 'KHDL2211025', NULL, 'Nguyễn Thị Thúy', 1, '1990-01-01', 'ANHSV.png', '2025-08-01', '$2y$10$/3/xzyka/Om6VqWww224Dut6fuaIypgFlDRIY2Wj8VD0CYpimBGSy', 1, NULL, NULL, NULL, 2),
('tvtkhdl2211026@dht.edu.vn', 'KHDL2211026', NULL, 'Trần Văn Trung', 1, '1990-01-01', 'ANHSV.png', '2025-08-01', '$2y$10$/3/xzyka/Om6VqWww224Dut6fuaIypgFlDRIY2Wj8VD0CYpimBGSy', 1, NULL, NULL, NULL, 2),
('lthkhdl2211027@dht.edu.vn', 'KHDL2211027', NULL, 'Lê Thị Hằng', 1, '1990-01-01', 'ANHSV.png', '2025-08-01', '$2y$10$/3/xzyka/Om6VqWww224Dut6fuaIypgFlDRIY2Wj8VD0CYpimBGSy', 1, NULL, NULL, NULL, 2),
('pvtkhdl2211028@dht.edu.vn', 'KHDL2211028', NULL, 'Phạm Văn Toàn', 1, '1990-01-01', 'ANHSV.png', '2025-08-01', '$2y$10$/3/xzyka/Om6VqWww224Dut6fuaIypgFlDRIY2Wj8VD0CYpimBGSy', 1, NULL, NULL, NULL, 2),
('htnkhdl2211029@dht.edu.vn', 'KHDL2211029', NULL, 'Hoàng Thị Ngọc', 1, '1990-01-01', 'ANHSV.png', '2025-08-01', '$2y$10$/3/xzyka/Om6VqWww224Dut6fuaIypgFlDRIY2Wj8VD0CYpimBGSy', 1, NULL, NULL, NULL, 2),
('vvtkhdl2211030@dht.edu.vn', 'KHDL2211030', NULL, 'Võ Văn Tâm', 1, '1990-01-01', 'ANHSV.png', '2025-08-01', '$2y$10$/3/xzyka/Om6VqWww224Dut6fuaIypgFlDRIY2Wj8VD0CYpimBGSy', 1, NULL, NULL, NULL, 2),
('dtnkhdl2211031@dht.edu.vn', 'KHDL2211031', NULL, 'Đặng Thị Nhi', 1, '1990-01-01', 'ANHSV.png', '2025-08-01', '$2y$10$/3/xzyka/Om6VqWww224Dut6fuaIypgFlDRIY2Wj8VD0CYpimBGSy', 1, NULL, NULL, NULL, 2),
('nguyen.hai.minhKHDL2211032@dht.edu.vn', 'KHDL2211032', NULL, 'Nguyễn Hải Minh', 1, '2004-01-01', 'ANHSV.png', '2025-08-12', '$2y$10$/3/xzyka/Om6VqWww224Dut6fuaIypgFlDRIY2Wj8VD0CYpimBGSy', 1, NULL, NULL, NULL, 2),
('tran.minh.thaoKHDL2211033@dht.edu.vn', 'KHDL2211033', NULL, 'Trần Minh Thảo', 1, '2004-01-01', 'ANHSV.png', '2025-08-12', '$2y$10$/3/xzyka/Om6VqWww224Dut6fuaIypgFlDRIY2Wj8VD0CYpimBGSy', 1, NULL, NULL, NULL, 2),
('le.thao.dungKHDL2211034@dht.edu.vn', 'KHDL2211034', NULL, 'Lê Thảo Dũng', 1, '2004-01-01', 'ANHSV.png', '2025-08-12', '$2y$10$/3/xzyka/Om6VqWww224Dut6fuaIypgFlDRIY2Wj8VD0CYpimBGSy', 1, NULL, NULL, NULL, 2),
('pham.dung.lanKHDL2211035@dht.edu.vn', 'KHDL2211035', NULL, 'Phạm Dũng Lan', 1, '2004-01-01', 'ANHSV.png', '2025-08-12', '$2y$10$/3/xzyka/Om6VqWww224Dut6fuaIypgFlDRIY2Wj8VD0CYpimBGSy', 1, NULL, NULL, NULL, 2),
('do.lan.quanKHDL2211036@dht.edu.vn', 'KHDL2211036', NULL, 'Đỗ Lan Quân', 1, '2004-01-01', 'ANHSV.png', '2025-08-12', '$2y$10$/3/xzyka/Om6VqWww224Dut6fuaIypgFlDRIY2Wj8VD0CYpimBGSy', 1, NULL, NULL, NULL, 2),
('ngo.quan.huongKHDL2211037@dht.edu.vn', 'KHDL2211037', NULL, 'Ngô Quân Hương', 1, '2004-01-01', 'ANHSV.png', '2025-08-12', '$2y$10$/3/xzyka/Om6VqWww224Dut6fuaIypgFlDRIY2Wj8VD0CYpimBGSy', 1, NULL, NULL, NULL, 2),
('phan.huong.vietKHDL2211038@dht.edu.vn', 'KHDL2211038', NULL, 'Phan Hương Việt', 1, '2004-01-01', 'ANHSV.png', '2025-08-12', '$2y$10$/3/xzyka/Om6VqWww224Dut6fuaIypgFlDRIY2Wj8VD0CYpimBGSy', 1, NULL, NULL, NULL, 2),
('hoang.viet.anhKHDL2211039@dht.edu.vn', 'KHDL2211039', NULL, 'Hoàng Việt Anh', 1, '2004-01-01', 'ANHSV.png', '2025-08-12', '$2y$10$/3/xzyka/Om6VqWww224Dut6fuaIypgFlDRIY2Wj8VD0CYpimBGSy', 1, NULL, NULL, NULL, 2),
('mai.anh.phongKHDL2211040@dht.edu.vn', 'KHDL2211040', NULL, 'Mai Anh Phong', 1, '2004-01-01', 'ANHSV.png', '2025-08-12', '$2y$10$/3/xzyka/Om6VqWww224Dut6fuaIypgFlDRIY2Wj8VD0CYpimBGSy', 1, NULL, NULL, NULL, 2),
('dinh.phong.ngocKHDL2211041@dht.edu.vn', 'KHDL2211041', NULL, 'Đinh Phong Ngọc', 1, '2004-01-01', 'ANHSV.png', '2025-08-12', '$2y$10$/3/xzyka/Om6VqWww224Dut6fuaIypgFlDRIY2Wj8VD0CYpimBGSy', 1, NULL, NULL, NULL, 2),
('ly.ngoc.datKHDL2211042@dht.edu.vn', 'KHDL2211042', NULL, 'Lý Ngọc Đạt', 1, '2004-01-01', 'ANHSV.png', '2025-08-12', '$2y$10$/3/xzyka/Om6VqWww224Dut6fuaIypgFlDRIY2Wj8VD0CYpimBGSy', 1, NULL, NULL, NULL, 2),
('ta.dat.thamKHDL2211043@dht.edu.vn', 'KHDL2211043', NULL, 'Tạ Đạt Thắm', 1, '2004-01-01', 'ANHSV.png', '2025-08-12', '$2y$10$/3/xzyka/Om6VqWww224Dut6fuaIypgFlDRIY2Wj8VD0CYpimBGSy', 1, NULL, NULL, NULL, 2),
('ho.tham.sonKHDL2211044@dht.edu.vn', 'KHDL2211044', NULL, 'Hồ Thắm Sơn', 1, '2004-01-01', 'ANHSV.png', '2025-08-12', '$2y$10$/3/xzyka/Om6VqWww224Dut6fuaIypgFlDRIY2Wj8VD0CYpimBGSy', 1, NULL, NULL, NULL, 2),
('lam.son.trangKHDL2211045@dht.edu.vn', 'KHDL2211045', NULL, 'Lâm Sơn Trang', 1, '2004-01-01', 'ANHSV.png', '2025-08-12', '$2y$10$/3/xzyka/Om6VqWww224Dut6fuaIypgFlDRIY2Wj8VD0CYpimBGSy', 1, NULL, NULL, NULL, 2),
('kieu.trang.hungKHDL2211046@dht.edu.vn', 'KHDL2211046', NULL, 'Kiều Trang Hùng', 1, '2004-01-01', 'ANHSV.png', '2025-08-12', '$2y$10$/3/xzyka/Om6VqWww224Dut6fuaIypgFlDRIY2Wj8VD0CYpimBGSy', 1, NULL, NULL, NULL, 2),
('nvhkhmt2211001@dht.edu.vn', 'KHMT2211001', NULL, 'Nguyễn Văn Hùng', 1, '1990-01-01', 'ANHSV.png', '2025-08-01', '$2y$10$/3/xzyka/Om6VqWww224Dut6fuaIypgFlDRIY2Wj8VD0CYpimBGSy', 1, NULL, NULL, NULL, 2),
('ttlkhmt2211002@dht.edu.vn', 'KHMT2211002', NULL, 'Trần Thị Lan', 1, '1990-01-01', 'ANHSV.png', '2025-08-01', '$2y$10$/3/xzyka/Om6VqWww224Dut6fuaIypgFlDRIY2Wj8VD0CYpimBGSy', 1, NULL, NULL, NULL, 2),
('lmqkhmt2211003@dht.edu.vn', 'KHMT2211003', NULL, 'Lê Minh Quang', 1, '1990-01-01', 'ANHSV.png', '2025-08-01', '$2y$10$/3/xzyka/Om6VqWww224Dut6fuaIypgFlDRIY2Wj8VD0CYpimBGSy', 1, NULL, NULL, NULL, 2),
('pthkhmt2211004@dht.edu.vn', 'KHMT2211004', NULL, 'Phạm Thị Hương', 1, '1990-01-01', 'ANHSV.png', '2025-08-01', '$2y$10$/3/xzyka/Om6VqWww224Dut6fuaIypgFlDRIY2Wj8VD0CYpimBGSy', 1, NULL, NULL, NULL, 2),
('hvbkhmt2211005@dht.edu.vn', 'KHMT2211005', NULL, 'Hoàng Văn Bảo', 1, '1990-01-01', 'ANHSV.png', '2025-08-01', '$2y$10$/3/xzyka/Om6VqWww224Dut6fuaIypgFlDRIY2Wj8VD0CYpimBGSy', 1, NULL, NULL, NULL, 2),
('vttkhmt2211006@dht.edu.vn', 'KHMT2211006', NULL, 'Võ Thị Thảo', 1, '1990-01-01', 'ANHSV.png', '2025-08-01', '$2y$10$/3/xzyka/Om6VqWww224Dut6fuaIypgFlDRIY2Wj8VD0CYpimBGSy', 1, NULL, NULL, NULL, 2),
('dvlkhmt2211007@dht.edu.vn', 'KHMT2211007', NULL, 'Đặng Văn Long', 1, '1990-01-01', 'ANHSV.png', '2025-08-01', '$2y$10$/3/xzyka/Om6VqWww224Dut6fuaIypgFlDRIY2Wj8VD0CYpimBGSy', 1, NULL, NULL, NULL, 2),
('btmkhmt2211008@dht.edu.vn', 'KHMT2211008', NULL, 'Bùi Thị Mai', 1, '1990-01-01', 'ANHSV.png', '2025-08-01', '$2y$10$/3/xzyka/Om6VqWww224Dut6fuaIypgFlDRIY2Wj8VD0CYpimBGSy', 1, NULL, NULL, NULL, 2),
('nvpkhmt2211009@dht.edu.vn', 'KHMT2211009', NULL, 'Nguyễn Văn Phúc', 1, '1990-01-01', 'ANHSV.png', '2025-08-01', '$2y$10$/3/xzyka/Om6VqWww224Dut6fuaIypgFlDRIY2Wj8VD0CYpimBGSy', 1, NULL, NULL, NULL, 2),
('ttnkhmt2211010@dht.edu.vn', 'KHMT2211010', NULL, 'Trần Thị Ngọc', 1, '1990-01-01', 'ANHSV.png', '2025-08-01', '$2y$10$/3/xzyka/Om6VqWww224Dut6fuaIypgFlDRIY2Wj8VD0CYpimBGSy', 1, NULL, NULL, NULL, 2),
('lvkkhmt2211011@dht.edu.vn', 'KHMT2211011', NULL, 'Lê Văn Khánh', 1, '1990-01-01', 'ANHSV.png', '2025-08-01', '$2y$10$/3/xzyka/Om6VqWww224Dut6fuaIypgFlDRIY2Wj8VD0CYpimBGSy', 1, NULL, NULL, NULL, 2),
('pthkhmt2211012@dht.edu.vn', 'KHMT2211012', NULL, 'Phạm Thị Hồng', 1, '1990-01-01', 'ANHSV.png', '2025-08-01', '$2y$10$/3/xzyka/Om6VqWww224Dut6fuaIypgFlDRIY2Wj8VD0CYpimBGSy', 1, NULL, NULL, NULL, 2),
('hvtkhmt2211013@dht.edu.vn', 'KHMT2211013', NULL, 'Hoàng Văn Tâm', 1, '1990-01-01', 'ANHSV.png', '2025-08-01', '$2y$10$/3/xzyka/Om6VqWww224Dut6fuaIypgFlDRIY2Wj8VD0CYpimBGSy', 1, NULL, NULL, NULL, 2),
('vtvkhmt2211014@dht.edu.vn', 'KHMT2211014', NULL, 'Võ Thị Vân', 1, '1990-01-01', 'ANHSV.png', '2025-08-01', '$2y$10$/3/xzyka/Om6VqWww224Dut6fuaIypgFlDRIY2Wj8VD0CYpimBGSy', 1, NULL, NULL, NULL, 2),
('dmtkhmt2211015@dht.edu.vn', 'KHMT2211015', NULL, 'Đặng Minh Tuấn', 1, '1990-01-01', 'ANHSV.png', '2025-08-01', '$2y$10$/3/xzyka/Om6VqWww224Dut6fuaIypgFlDRIY2Wj8VD0CYpimBGSy', 1, NULL, NULL, NULL, 2),
('bttkhmt2211016@dht.edu.vn', 'KHMT2211016', NULL, 'Bùi Thị Thùy', 1, '1990-01-01', 'ANHSV.png', '2025-08-01', '$2y$10$/3/xzyka/Om6VqWww224Dut6fuaIypgFlDRIY2Wj8VD0CYpimBGSy', 1, NULL, NULL, NULL, 2),
('nvtthkhmt2211017@dht.edu.vn', 'KHMT2211017', NULL, 'Nguyễn Văn Thắng', 1, '1990-01-01', 'ANHSV.png', '2025-08-01', '$2y$10$/3/xzyka/Om6VqWww224Dut6fuaIypgFlDRIY2Wj8VD0CYpimBGSy', 1, NULL, NULL, NULL, 2),
('tttkhmt2211018@dht.edu.vn', 'KHMT2211018', NULL, 'Trần Thị Thanh', 1, '1990-01-01', 'ANHSV.png', '2025-08-01', '$2y$10$/3/xzyka/Om6VqWww224Dut6fuaIypgFlDRIY2Wj8VD0CYpimBGSy', 1, NULL, NULL, NULL, 2),
('lvthkhmt2211019@dht.edu.vn', 'KHMT2211019', NULL, 'Lê Văn Thành', 1, '1990-01-01', 'ANHSV.png', '2025-08-01', '$2y$10$/3/xzyka/Om6VqWww224Dut6fuaIypgFlDRIY2Wj8VD0CYpimBGSy', 1, NULL, NULL, NULL, 2),
('ptnkhmt2211020@dht.edu.vn', 'KHMT2211020', NULL, 'Phạm Thị Nhung', 1, '1990-01-01', 'ANHSV.png', '2025-08-01', '$2y$10$/3/xzyka/Om6VqWww224Dut6fuaIypgFlDRIY2Wj8VD0CYpimBGSy', 1, NULL, NULL, NULL, 2),
('hvtikhmt2211021@dht.edu.vn', 'KHMT2211021', NULL, 'Hoàng Văn Tiến', 1, '1990-01-01', 'ANHSV.png', '2025-08-01', '$2y$10$/3/xzyka/Om6VqWww224Dut6fuaIypgFlDRIY2Wj8VD0CYpimBGSy', 1, NULL, NULL, NULL, 2),
('vthkhmt2211022@dht.edu.vn', 'KHMT2211022', NULL, 'Võ Thị Hiền', 1, '1990-01-01', 'ANHSV.png', '2025-08-01', '$2y$10$/3/xzyka/Om6VqWww224Dut6fuaIypgFlDRIY2Wj8VD0CYpimBGSy', 1, NULL, NULL, NULL, 2),
('dmnkhmt2211023@dht.edu.vn', 'KHMT2211023', NULL, 'Đặng Minh Nhật', 1, '1990-01-01', 'ANHSV.png', '2025-08-01', '$2y$10$/3/xzyka/Om6VqWww224Dut6fuaIypgFlDRIY2Wj8VD0CYpimBGSy', 1, NULL, NULL, NULL, 2),
('bvtikhmt2211024@dht.edu.vn', 'KHMT2211024', NULL, 'Bùi Văn Tín', 1, '1990-01-01', 'ANHSV.png', '2025-08-01', '$2y$10$/3/xzyka/Om6VqWww224Dut6fuaIypgFlDRIY2Wj8VD0CYpimBGSy', 1, NULL, NULL, NULL, 2),
('nttthkhmt2211025@dht.edu.vn', 'KHMT2211025', NULL, 'Nguyễn Thị Trang', 1, '1990-01-01', 'ANHSV.png', '2025-08-01', '$2y$10$/3/xzyka/Om6VqWww224Dut6fuaIypgFlDRIY2Wj8VD0CYpimBGSy', 1, NULL, NULL, NULL, 2),
('tvtkhmt2211026@dht.edu.vn', 'KHMT2211026', NULL, 'Trần Văn Toàn', 1, '1990-01-01', 'ANHSV.png', '2025-08-01', '$2y$10$/3/xzyka/Om6VqWww224Dut6fuaIypgFlDRIY2Wj8VD0CYpimBGSy', 1, NULL, NULL, NULL, 2),
('ltnkhmt2211027@dht.edu.vn', 'KHMT2211027', NULL, 'Lê Thị Nga', 1, '1990-01-01', 'ANHSV.png', '2025-08-01', '$2y$10$/3/xzyka/Om6VqWww224Dut6fuaIypgFlDRIY2Wj8VD0CYpimBGSy', 1, NULL, NULL, NULL, 2),
('pvthkhmt2211028@dht.edu.vn', 'KHMT2211028', NULL, 'Phạm Văn Thái', 1, '1990-01-01', 'ANHSV.png', '2025-08-01', '$2y$10$/3/xzyka/Om6VqWww224Dut6fuaIypgFlDRIY2Wj8VD0CYpimBGSy', 1, NULL, NULL, NULL, 2),
('htnkhmt2211029@dht.edu.vn', 'KHMT2211029', NULL, 'Hoàng Thị Nhàn', 1, '1990-01-01', 'ANHSV.png', '2025-08-01', '$2y$10$/3/xzyka/Om6VqWww224Dut6fuaIypgFlDRIY2Wj8VD0CYpimBGSy', 1, NULL, NULL, NULL, 2),
('vvtthkhmt2211030@dht.edu.vn', 'KHMT2211030', NULL, 'Võ Văn Tùng', 1, '1990-01-01', 'ANHSV.png', '2025-08-01', '$2y$10$/3/xzyka/Om6VqWww224Dut6fuaIypgFlDRIY2Wj8VD0CYpimBGSy', 1, NULL, NULL, NULL, 2),
('dttkhmt2211031@dht.edu.vn', 'KHMT2211031', NULL, 'Đặng Thị Thúy', 1, '1990-01-01', 'ANHSV.png', '2025-08-01', '$2y$10$/3/xzyka/Om6VqWww224Dut6fuaIypgFlDRIY2Wj8VD0CYpimBGSy', 1, NULL, NULL, NULL, 2),
('nvdkhpm2211001@dht.edu.vn', 'KTPM2211001', NULL, 'Nguyễn Văn Đạt', 1, '1990-01-01', 'ANHSV.png', '2025-08-01', '$2y$10$/3/xzyka/Om6VqWww224Dut6fuaIypgFlDRIY2Wj8VD0CYpimBGSy', 1, NULL, '1764733672$2y$10$4N81.GvLUswvVLjP4LScK.7EZ3928AK8c6/SvDJ9y7NzGS5iGBxiW', NULL, 2),
('ttnktpm2211002@dht.edu.vn', 'KTPM2211002', NULL, 'Trần Thị Nhung', 1, '1990-01-01', 'ANHSV.png', '2025-08-01', '$2y$10$/3/xzyka/Om6VqWww224Dut6fuaIypgFlDRIY2Wj8VD0CYpimBGSy', 1, NULL, '1764953291$2y$10$upu/ZCu1BBhAphUcMEASWugCemeh29mmQ7WwA9cjHRhCVYKn98IlK', NULL, 2),
('lvthktpm2211003@dht.edu.vn', 'KTPM2211003', NULL, 'Lê Văn Thành', 1, '1990-01-01', 'ANHSV.png', '2025-08-01', '$2y$10$/3/xzyka/Om6VqWww224Dut6fuaIypgFlDRIY2Wj8VD0CYpimBGSy', 1, NULL, '1764734773$2y$10$tc5FwkKOgVpUslVjeW66YOT3MA.vdlqY1q8br5RaDIHpRXi8n9TeO', NULL, 2),
('ptthktpm2211004@dht.edu.vn', 'KTPM2211004', NULL, 'Phạm Thị Thủy', 1, '1990-01-01', 'ANHSV.png', '2025-08-01', '$2y$10$/3/xzyka/Om6VqWww224Dut6fuaIypgFlDRIY2Wj8VD0CYpimBGSy', 1, NULL, '1764823071$2y$10$a9LDCFYXH148k4bOmPorJuBd1Pj2cu4eUPyyAPCQWOw9PtzsdvjUu', NULL, 2),
('hvtrktpm2211005@dht.edu.vn', 'KTPM2211005', NULL, 'Hoàng Văn Trí', 1, '1990-01-01', 'ANHSV.png', '2025-08-01', '$2y$10$/3/xzyka/Om6VqWww224Dut6fuaIypgFlDRIY2Wj8VD0CYpimBGSy', 1, NULL, NULL, NULL, 2),
('vtqktpm2211006@dht.edu.vn', 'KTPM2211006', NULL, 'Võ Thị Quyên', 1, '1990-01-01', 'ANHSV.png', '2025-08-01', '$2y$10$/3/xzyka/Om6VqWww224Dut6fuaIypgFlDRIY2Wj8VD0CYpimBGSy', 1, NULL, '1764786161$2y$10$E1nTdgCY846uyooCeUbHY.YXOOjUs/qZFQyfVmuvxLTjwQm1OS2Ne', NULL, 2),
('dtnktpm2211007@dht.edu.vn', 'KTPM2211007', NULL, 'Đặng Thị Nhi', 1, '1990-01-01', 'ANHSV.png', '2025-08-01', '$2y$10$/3/xzyka/Om6VqWww224Dut6fuaIypgFlDRIY2Wj8VD0CYpimBGSy', 1, NULL, '1764626740$2y$10$o9RWza93kaEryn9HD5rXPudG78QEcJXRnlOPO7u0PUDs0Q1CLgnxu', NULL, 2),
('bvhktpm2211008@dht.edu.vn', 'KTPM2211008', NULL, 'Bùi Văn Hòa', 1, '1990-01-01', 'ANHSV.png', '2025-08-01', '$2y$10$/3/xzyka/Om6VqWww224Dut6fuaIypgFlDRIY2Wj8VD0CYpimBGSy', 1, NULL, '1764786779$2y$10$DaMg9RT3ZX7LNDJLOpdLueRJI.EuIllyfspJ8vTM8Oy3kGVuVJnRG', NULL, 2),
('ntvktpm2211009@dht.edu.vn', 'KTPM2211009', NULL, 'Nguyễn Thị Vân', 1, '1990-01-01', 'ANHSV.png', '2025-08-01', '$2y$10$/3/xzyka/Om6VqWww224Dut6fuaIypgFlDRIY2Wj8VD0CYpimBGSy', 1, NULL, '1764786535$2y$10$wPGejnOyHLifsMI4LzK1fuqHF.lXnmu6IJDBakSaJEB6uf//a3kpC', NULL, 2),
('tvthktpm2211010@dht.edu.vn', 'KTPM2211010', NULL, 'Trần Văn Thành', 1, '1990-01-01', 'ANHSV.png', '2025-08-01', '$2y$10$/3/xzyka/Om6VqWww224Dut6fuaIypgFlDRIY2Wj8VD0CYpimBGSy', 1, NULL, '1764823114$2y$10$32sEyqxcQaZUiaadHoRXS.R1zfKZXZACbUSf8Uc9aYdJpVvrWzGLO', NULL, 2),
('lthktpm2211011@dht.edu.vn', 'KTPM2211011', NULL, 'Lê Thị Hồng', 1, '1990-01-01', 'ANHSV.png', '2025-08-01', '$2y$10$/3/xzyka/Om6VqWww224Dut6fuaIypgFlDRIY2Wj8VD0CYpimBGSy', 1, NULL, '1764784967$2y$10$Q2ej9.LWY5OSWfCFHj4WEOWBLQ7UnQOTcMpGuoTBbZdOmxXGmtpHS', NULL, 2),
('pvthktpm2211012@dht.edu.vn', 'KTPM2211012', NULL, 'Phạm Văn Thắng', 1, '1990-01-01', 'ANHSV.png', '2025-08-01', '$2y$10$/3/xzyka/Om6VqWww224Dut6fuaIypgFlDRIY2Wj8VD0CYpimBGSy', 1, NULL, '1764772806$2y$10$EiyKl.L2FM7cCfbJwNEglO26W3UEOMKmPLNdg0mvRuJHZfhLAOxB2', NULL, 2),
('htthktpm2211013@dht.edu.vn', 'KTPM2211013', NULL, 'Hoàng Thị Thảo', 1, '1990-01-01', 'ANHSV.png', '2025-08-01', '$2y$10$/3/xzyka/Om6VqWww224Dut6fuaIypgFlDRIY2Wj8VD0CYpimBGSy', 1, NULL, '1764772210$2y$10$sAxn7Qu5pKupIFeqsZTeYuP8bZa2.2JZY3i79E30U2jm8EqRYM9ue', NULL, 2),
('vvtkhpm2211014@dht.edu.vn', 'KTPM2211014', NULL, 'Võ Văn Tùng', 1, '1990-01-01', 'image-removebg-preview (4)-69303785d76d3.png', '2025-08-01', '$2y$10$/3/xzyka/Om6VqWww224Dut6fuaIypgFlDRIY2Wj8VD0CYpimBGSy', 1, NULL, '1764772234$2y$10$TUPl0S1iqR1V.T1nM0qUYeSbnw7g7UfmC4hbOMpF.mfe1blkXZUgC', NULL, 2),
('dvthktpm2211015@dht.edu.vn', 'KTPM2211015', NULL, 'Đặng Văn Thiện', 1, '1990-01-01', 'ANHSV.png', '2025-08-01', '$2y$10$/3/xzyka/Om6VqWww224Dut6fuaIypgFlDRIY2Wj8VD0CYpimBGSy', 1, NULL, '1764956093$2y$10$.c8cqqBjzLEhvYHhI7Ff1OAlwS/3s84KWqaQ9jN5t1MVmlASkjKz2', NULL, 2),
('btthktpm2211016@dht.edu.vn', 'KTPM2211016', NULL, 'Bùi Thị Thùy', 1, '1990-01-01', 'ANHSV.png', '2025-08-01', '$2y$10$/3/xzyka/Om6VqWww224Dut6fuaIypgFlDRIY2Wj8VD0CYpimBGSy', 1, NULL, NULL, NULL, 2),
('nvtkhpm2211017@dht.edu.vn', 'KTPM2211017', NULL, 'Nguyễn Văn Tuấn', 1, '1990-01-01', 'ANHSV.png', '2025-08-01', '$2y$10$/3/xzyka/Om6VqWww224Dut6fuaIypgFlDRIY2Wj8VD0CYpimBGSy', 1, NULL, '1764764315$2y$10$i.3zzYg.tRToG1nX4McOJuL4/XO.Ymx36LIlRBObnB5aysdwZCp2u', NULL, 2),
('tttkhpm2211018@dht.edu.vn', 'KTPM2211018', NULL, 'Trần Thị Thanh', 1, '1990-01-01', 'ANHSV.png', '2025-08-01', '$2y$10$/3/xzyka/Om6VqWww224Dut6fuaIypgFlDRIY2Wj8VD0CYpimBGSy', 1, NULL, NULL, NULL, 2),
('lvtkhpm2211019@dht.edu.vn', 'KTPM2211019', NULL, 'Lê Văn Thái', 1, '1990-01-01', 'ANHSV.png', '2025-08-01', '$2y$10$/3/xzyka/Om6VqWww224Dut6fuaIypgFlDRIY2Wj8VD0CYpimBGSy', 1, NULL, NULL, NULL, 2),
('ptnktpm2211020@dht.edu.vn', 'KTPM2211020', NULL, 'Phạm Thị Nhung', 1, '1990-01-01', 'ANHSV.png', '2025-08-01', '$2y$10$/3/xzyka/Om6VqWww224Dut6fuaIypgFlDRIY2Wj8VD0CYpimBGSy', 1, NULL, '1764772818$2y$10$SkNwYjgaMOiBiCLsg6U.7.MBK/CBzuL0J5W.Hzk/NZ34GCd.WEBA2', NULL, 2),
('hvtkhpm2211021@dht.edu.vn', 'KTPM2211021', NULL, 'Hoàng Văn Tâm', 1, '1990-01-01', 'ANHSV.png', '2025-08-01', '$2y$10$/3/xzyka/Om6VqWww224Dut6fuaIypgFlDRIY2Wj8VD0CYpimBGSy', 1, NULL, '1764765974$2y$10$XTdKlzNnS0JTsF0XiT47keVfe3qLK1Vu9NEfXMZxKoc0.sLiDxcdi', NULL, 2),
('vthktpm2211022@dht.edu.vn', 'KTPM2211022', NULL, 'Võ Thị Hiền', 1, '1990-01-01', 'ANHSV.png', '2025-08-01', '$2y$10$/3/xzyka/Om6VqWww224Dut6fuaIypgFlDRIY2Wj8VD0CYpimBGSy', 1, NULL, '1764782342$2y$10$IipTeJ0JELWV.f2p7dOdLetqt6b4gYb6yfkipLsLlVMg6c/WdUS8e', NULL, 2),
('dmnktpm2211023@dht.edu.vn', 'KTPM2211023', NULL, 'Đặng Minh Nhật', 1, '1990-01-01', 'ANHSV.png', '2025-08-01', '$2y$10$/3/xzyka/Om6VqWww224Dut6fuaIypgFlDRIY2Wj8VD0CYpimBGSy', 1, NULL, NULL, NULL, 2),
('bvtkhpm2211024@dht.edu.vn', 'KTPM2211024', NULL, 'Bùi Văn Tín', 1, '1990-01-01', 'ANHSV.png', '2025-08-01', '$2y$10$/3/xzyka/Om6VqWww224Dut6fuaIypgFlDRIY2Wj8VD0CYpimBGSy', 1, NULL, NULL, NULL, 2),
('nttkhpm2211025@dht.edu.vn', 'KTPM2211025', NULL, 'Nguyễn Thị Trang', 1, '1990-01-01', 'ANHSV.png', '2025-08-01', '$2y$10$/3/xzyka/Om6VqWww224Dut6fuaIypgFlDRIY2Wj8VD0CYpimBGSy', 1, NULL, NULL, NULL, 2),
('tvtkhpm2211026@dht.edu.vn', 'KTPM2211026', NULL, 'Trần Văn Thắng', 1, '1990-01-01', 'ANHSV.png', '2025-08-01', '$2y$10$/3/xzyka/Om6VqWww224Dut6fuaIypgFlDRIY2Wj8VD0CYpimBGSy', 1, NULL, NULL, NULL, 2),
('lthktpm2211027@dht.edu.vn', 'KTPM2211027', NULL, 'Lê Thị Hương', 1, '1990-01-01', 'ANHSV.png', '2025-08-01', '$2y$10$/3/xzyka/Om6VqWww224Dut6fuaIypgFlDRIY2Wj8VD0CYpimBGSy', 1, NULL, '1764773548$2y$10$cAqVhhsYbBgDmpyW6SRdsurm13AULAHEFEK.S3cwmwAebGIhN6zMm', NULL, 2),
('pvtkhpm2211028@dht.edu.vn', 'KTPM2211028', NULL, 'Phạm Văn Toàn', 1, '1990-01-01', 'ANHSV.png', '2025-08-01', '$2y$10$/3/xzyka/Om6VqWww224Dut6fuaIypgFlDRIY2Wj8VD0CYpimBGSy', 1, NULL, NULL, NULL, 2),
('htnktpm2211029@dht.edu.vn', 'KTPM2211029', NULL, 'Hoàng Thị Nga', 1, '1990-01-01', 'ANHSV.png', '2025-08-01', '$2y$10$/3/xzyka/Om6VqWww224Dut6fuaIypgFlDRIY2Wj8VD0CYpimBGSy', 1, NULL, NULL, NULL, 2),
('vvtkhpm2211030@dht.edu.vn', 'KTPM2211030', NULL, 'Võ Văn Thành', 1, '1990-01-01', 'ANHSV.png', '2025-08-01', '$2y$10$/3/xzyka/Om6VqWww224Dut6fuaIypgFlDRIY2Wj8VD0CYpimBGSy', 1, NULL, '1764773897$2y$10$lc1y40B/prcqavByAj6ltuPHZzIpK.gv.ktx4c/mKtdCvw/OPZ/dG', NULL, 2),
('dtnktpm2211031@dht.edu.vn', 'KTPM2211031', NULL, 'Đặng Thị Nhàn', 1, '1990-01-01', 'ANHSV.png', '2025-08-01', '$2y$10$/3/xzyka/Om6VqWww224Dut6fuaIypgFlDRIY2Wj8VD0CYpimBGSy', 1, NULL, '1764774138$2y$10$YCCnVtENXJHSsZM1Xl5t/OAzh9NOndEqciRhW514KorW8s2vez6Ia', NULL, 2),
('nguyen.hai.minhKTPM2211032@dht.edu.vn', 'KTPM2211032', NULL, 'Nguyễn Hải Minh', 1, '2004-01-01', 'ANHSV.png', '2025-08-12', '$2y$10$/3/xzyka/Om6VqWww224Dut6fuaIypgFlDRIY2Wj8VD0CYpimBGSy', 1, NULL, '1764170152$2y$10$k5iFM2FyzZDcB100dWfLfONDiH0u4kEIhQ1DNVTfRTGAYdQAoWuJO', NULL, 2),
('tran.minh.thaoKTPM2211033@dht.edu.vn', 'KTPM2211033', NULL, 'Trần Minh Thảo', 1, '2004-01-01', 'ANHSV.png', '2025-08-12', '$2y$10$/3/xzyka/Om6VqWww224Dut6fuaIypgFlDRIY2Wj8VD0CYpimBGSy', 1, NULL, '1764259950$2y$10$qUuFte3ZYDhhDhWhEEU8BehO2ITB46CcA280WmoRWmRoPHc4v5dZy', NULL, 2),
('le.thao.dungKTPM2211034@dht.edu.vn', 'KTPM2211034', NULL, 'Lê Thảo Dũng', 1, '2004-01-01', 'ANHSV.png', '2025-08-12', '$2y$10$/3/xzyka/Om6VqWww224Dut6fuaIypgFlDRIY2Wj8VD0CYpimBGSy', 1, NULL, '1764181780$2y$10$nMFgmR.Q9WKUOcLsVMizF.wr0Hr5/bSBDRh2UuA/JQveJo1pMTC/y', NULL, 2),
('thienkim6826@gmail.com', 'KTPM2211035', NULL, 'Phạm Dũng Lan', 1, '2004-01-01', 'ANHSV.png', '2025-08-12', '$2y$10$/3/xzyka/Om6VqWww224Dut6fuaIypgFlDRIY2Wj8VD0CYpimBGSy', 1, NULL, '1764260908$2y$10$cvQg7YFmfhiwiS5fk1/P5uUNUj.VQVuwXzSpGqMIpCWSc79Rg5u0S', NULL, 2),
('do.lan.quanKTPM2211036@dht.edu.vn', 'KTPM2211036', NULL, 'Đỗ Lan Quân', 1, '2004-01-01', 'ANHSV.png', '2025-08-12', '$2y$10$/3/xzyka/Om6VqWww224Dut6fuaIypgFlDRIY2Wj8VD0CYpimBGSy', 1, NULL, '1764238181$2y$10$DZO.mleYnZKziNYXIAGSDOVwBX5w7AB5mA6/BdcDlOrw/RSgZu.JO', NULL, 2),
('ngo.quan.huongKTPM2211037@dht.edu.vn', 'KTPM2211037', NULL, 'Ngô Quân Hương', 1, '2004-01-01', 'ANHSV.png', '2025-08-12', '$2y$10$/3/xzyka/Om6VqWww224Dut6fuaIypgFlDRIY2Wj8VD0CYpimBGSy', 1, NULL, '1764261353$2y$10$L2b2fB.j0Rc3MIPHbasXTOlVxvMkI74Aw60eeoRlVke0JljavAFQq', NULL, 2),
('phan.huong.vietKTPM2211038@dht.edu.vn', 'KTPM2211038', NULL, 'Phan Hương Việt', 1, '2004-01-01', 'ANHSV.png', '2025-08-12', '$2y$10$/3/xzyka/Om6VqWww224Dut6fuaIypgFlDRIY2Wj8VD0CYpimBGSy', 1, NULL, '1764258498$2y$10$GqijAe.VznkH0SIx8Wh3BuI59rGPN3rCbTrZALTqMTvyG2UlLPyxm', NULL, 2),
('hoang.viet.anhKTPM2211039@dht.edu.vn', 'KTPM2211039', NULL, 'Hoàng Việt Anh', 1, '2004-01-01', 'ANHSV.png', '2025-08-12', '$2y$10$/3/xzyka/Om6VqWww224Dut6fuaIypgFlDRIY2Wj8VD0CYpimBGSy', 1, NULL, '1764261530$2y$10$Iyd/wPwJmW6Gb7y8TA3TvOAsUzIHSCkJMLfQcmwNIy0aD88AMHlem', NULL, 2),
('mai.anh.phongKTPM2211040@dht.edu.vn', 'KTPM2211040', NULL, 'Mai Anh Phong', 1, '2004-01-01', 'ANHSV.png', '2025-08-12', '$2y$10$/3/xzyka/Om6VqWww224Dut6fuaIypgFlDRIY2Wj8VD0CYpimBGSy', 1, NULL, '1764262705$2y$10$d5g1B83eCYuETLXP6iS9CuB/awKiDdFvfzPnzDO8lkz3uW9q/Kox6', NULL, 2),
('dinh.phong.ngocKTPM2211041@dht.edu.vn', 'KTPM2211041', NULL, 'Đinh Phong Ngọc', 1, '2004-01-01', 'ANHSV.png', '2025-08-12', '$2y$10$/3/xzyka/Om6VqWww224Dut6fuaIypgFlDRIY2Wj8VD0CYpimBGSy', 1, NULL, '1764174001$2y$10$.ZvBB.X1bfd4kKiOgqgXlO.r4GEWzeFD3VBOsHdHfjZHMutEE.FXy', NULL, 2),
('ly.ngoc.datKTPM2211042@dht.edu.vn', 'KTPM2211042', NULL, 'Lý Ngọc Đạt', 1, '2004-01-01', 'ANHSV.png', '2025-08-12', '$2y$10$/3/xzyka/Om6VqWww224Dut6fuaIypgFlDRIY2Wj8VD0CYpimBGSy', 1, NULL, '1764175390$2y$10$VATdzvuDmyVTlkpcEW7jL.95X5IYJmUCCMa4Gb463jmFe4IqnngOy', NULL, 2),
('ta.dat.thamKTPM2211043@dht.edu.vn', 'KTPM2211043', NULL, 'Tạ Đạt Thắm', 1, '2004-01-01', 'ANHSV.png', '2025-08-12', '$2y$10$/3/xzyka/Om6VqWww224Dut6fuaIypgFlDRIY2Wj8VD0CYpimBGSy', 1, NULL, NULL, NULL, 2),
('ho.tham.sonKTPM2211044@dht.edu.vn', 'KTPM2211044', NULL, 'Hồ Thắm Sơn', 1, '2004-01-01', 'ANHSV.png', '2025-08-12', '$2y$10$/3/xzyka/Om6VqWww224Dut6fuaIypgFlDRIY2Wj8VD0CYpimBGSy', 1, NULL, '1764179258$2y$10$JB3Fd5j5fgV3jt8S8cfHV.C2/odXcJ2zYKvqE5e05E21WnWBS5wjK', NULL, 2),
('lam.son.trangKTPM2211045@dht.edu.vn', 'KTPM2211045', NULL, 'Lâm Sơn Trang', 1, '2004-01-01', 'ANHSV.png', '2025-08-12', '$2y$10$/3/xzyka/Om6VqWww224Dut6fuaIypgFlDRIY2Wj8VD0CYpimBGSy', 1, NULL, '1764251963$2y$10$EZgooMugvvkME3JshoGLF.wsrguR4GqUVK/kL/KEamPirdh98tZla', NULL, 2),
('kieu.trang.hungKTPM2211046@dht.edu.vn', 'KTPM2211046', NULL, 'Kiều Trang Hùng', 1, '2004-01-01', 'ANHSV.png', '2025-08-12', '$2y$10$/3/xzyka/Om6VqWww224Dut6fuaIypgFlDRIY2Wj8VD0CYpimBGSy', 1, NULL, '1764181394$2y$10$jjZhvtnoDnJL5fMQyYCXouU8Jnn4Q0F/BFiYZ/j0DHrzuP/5eO07.', NULL, 2);

--
-- Bẫy `nguoidung`
--
DELIMITER $$
CREATE TRIGGER `delete_chitietnhom_by_id` BEFORE DELETE ON `nguoidung` FOR EACH ROW DELETE FROM chitietnhom WHERE chitietnhom.manguoidung = OLD.id
$$
DELIMITER ;

-- --------------------------------------------------------

--
-- Cấu trúc bảng cho bảng `nhom`
--

CREATE TABLE `nhom` (
  `manhom` int(11) NOT NULL,
  `tennhom` varchar(255) NOT NULL,
  `mamoi` varchar(50) DEFAULT NULL,
  `siso` int(11) DEFAULT 0,
  `ghichu` varchar(255) DEFAULT NULL,
  `namhoc` int(11) DEFAULT NULL,
  `hocky` int(11) DEFAULT NULL,
  `trangthai` tinyint(1) DEFAULT 1,
  `hienthi` tinyint(1) DEFAULT 1,
  `giangvien` varchar(50) NOT NULL DEFAULT '',
  `mamonhoc` varchar(20) NOT NULL
) ENGINE=InnoDB DEFAULT CHARSET=utf8mb4 COLLATE=utf8mb4_general_ci;

--
-- Đang đổ dữ liệu cho bảng `nhom`
--

INSERT INTO `nhom` (`manhom`, `tennhom`, `mamoi`, `siso`, `ghichu`, `namhoc`, `hocky`, `trangthai`, `hienthi`, `giangvien`, `mamonhoc`) VALUES
(1, 'LTW_CNTT2211', '02e9cab', 32, 'Tiết 1-3 sáng thứ 3', 15, 14, 1, 1, 'GVBM001', 'LTW001'),
(2, 'LTW_HTTT2211', 'fbd7c06', 116, 'Tiết 1-3 sáng thứ 2', 15, 14, 1, 1, 'GVBM001', 'LTW001'),
(3, 'CSDL_CNTT2211', '20889a2', 32, 'Tiết 1-3 sáng thứ 5', 2025, 1, 1, 0, 'GVBM001', 'CSDL001'),
(4, 'CSDL_HTTT2211', '20ef394', 3, 'Tiết 6-8 chiều T3', 2025, 1, 1, 0, 'GVBM001', 'CSDL001'),
(5, 'TTNT001_KTPM2211', 'fc264b6', 31, 'Tiết 1-3 sáng thứ 4', 2025, 1, 1, 1, 'GVBM001', 'TTNT001'),
(6, 'LTW_', '3504130', 0, '1', 2025, 1, 1, 0, 'GVBM001', 'TEST2025'),
(9, 'MMT001_CNTT2211', '3f193fd', 55, 'Tiết 1-3 sáng thứ 3', 17, 24, 1, 1, 'GVBM001', 'MMT001'),
(11, 'LTW_HTTT2211', '9ed92a3', 0, 'Tiết 1-3 sáng thứ 3', 15, 13, 1, 1, 'GVBM002', 'CSDL001');

-- --------------------------------------------------------

--
-- Cấu trúc bảng cho bảng `nhomquyen`
--

CREATE TABLE `nhomquyen` (
  `manhomquyen` int(11) NOT NULL,
  `tennhomquyen` varchar(50) NOT NULL,
  `trangthai` tinyint(1) NOT NULL DEFAULT 1
) ENGINE=InnoDB DEFAULT CHARSET=utf8mb4 COLLATE=utf8mb4_general_ci;

--
-- Đang đổ dữ liệu cho bảng `nhomquyen`
--

INSERT INTO `nhomquyen` (`manhomquyen`, `tennhomquyen`, `trangthai`) VALUES
(1, 'Giáo Viên', 1),
(2, 'Sinh Viên', 1),
(3, 'Admin', 1);

-- --------------------------------------------------------

--
-- Cấu trúc bảng cho bảng `phancong`
--

CREATE TABLE `phancong` (
  `mamonhoc` varchar(20) NOT NULL,
  `manguoidung` varchar(20) NOT NULL,
  `namhoc` int(11) NOT NULL,
  `hocky` int(11) NOT NULL,
  `trangthai` tinyint(1) NOT NULL DEFAULT 1,
  `ngaytao` timestamp NOT NULL DEFAULT current_timestamp()
) ENGINE=InnoDB DEFAULT CHARSET=utf8mb4 COLLATE=utf8mb4_general_ci;

--
-- Đang đổ dữ liệu cho bảng `phancong`
--

INSERT INTO `phancong` (`mamonhoc`, `manguoidung`, `namhoc`, `hocky`, `trangthai`, `ngaytao`) VALUES
('CSDL001', 'GVBM002', 14, 21, 0, '2025-11-11 12:16:01'),
('CSDL001', 'GVBM002', 15, 13, 1, '2025-11-11 12:14:40'),
('GUI0267', 'GVBM002', 14, 21, 1, '2025-11-11 12:16:01'),
('LTDD001', 'GVBM001', 15, 13, 1, '2025-11-11 12:15:39'),
('LTW001', 'GVBM001', 17, 24, 1, '2025-11-11 12:16:48'),
('LTW001', 'GVBM002', 14, 21, 1, '2025-11-11 12:16:01'),
('MMT001', 'GVBM001', 15, 13, 1, '2025-11-11 12:15:39'),
('MMT001', 'GVBM001', 15, 14, 1, '2025-11-12 05:58:23'),
('TEST2025', 'GVBM001', 15, 14, 1, '2025-11-12 05:58:23'),
('TEST2025', 'GVBM001', 17, 24, 1, '2025-11-11 12:16:48'),
('TEST2025', 'GVBM002', 14, 21, 1, '2025-11-11 12:16:01'),
('TMDT001', 'GVBM001', 15, 13, 1, '2025-11-11 12:15:39'),
('TMDT001', 'GVBM001', 17, 24, 1, '2025-11-11 12:16:48'),
('TTNT001', 'GVBM002', 14, 21, 1, '2025-11-11 12:16:01'),
('TTNT008', 'GVBM001', 15, 13, 1, '2025-11-11 12:15:39'),
('TTNT008', 'GVBM001', 17, 24, 1, '2025-11-11 12:16:48');

-- --------------------------------------------------------

--
-- Cấu trúc bảng cho bảng `thongbao`
--

CREATE TABLE `thongbao` (
  `matb` int(11) NOT NULL,
  `noidung` varchar(255) DEFAULT NULL,
  `thoigiantao` datetime DEFAULT NULL,
  `nguoitao` varchar(50) NOT NULL DEFAULT '',
  `is_auto` tinyint(1) DEFAULT 0
) ENGINE=InnoDB DEFAULT CHARSET=utf8mb4 COLLATE=utf8mb4_general_ci;

--
-- Đang đổ dữ liệu cho bảng `thongbao`
--

INSERT INTO `thongbao` (`matb`, `noidung`, `thoigiantao`, `nguoitao`, `is_auto`) VALUES
(2, '<span style=\"text-decoration: underline;\">Đề thi mới: Kiểm tra lần 2 – Môn CSDL001</span>', '2025-08-03 08:32:25', 'GVBM001', 0),
(3, '<span style=\"text-decoration: underline;\">Đề thi mới: Kiểm tra lần 4 – Môn TTNT001</span>', '2025-08-03 08:34:31', 'GVBM001', 0),
(4, '<span style=\"text-decoration: underline;\">Đề thi mới: Thường Xuyên lần 5 – Môn TTNT001</span>', '2025-08-03 09:05:51', 'GVBM001', 0),
(10, '<span style=\"text-decoration: underline; color: blue; cursor: pointer;\" onclick=\"window.open(\'./test/start/9\', \'_blank\')\">Kiểm tra lần 12 – Môn Cơ sở dữ liệu</span>', '2025-08-12 17:03:43', 'GVBM001', 1),
(12, '<span style=\"text-decoration: underline; color: blue; cursor: pointer;\" onclick=\"window.open(\'./test/start/10\', \'_blank\')\">Kiểm tra lần 13 – Môn Cơ sở dữ liệu</span>', '2025-08-12 17:13:09', 'GVBM001', 1),
(33, '<span style=\"text-decoration: underline; color: blue; cursor: pointer;\" \nonclick=\"window.open(\'./test/start/63\', \'_blank\')\">reading2 – Môn Lập trình web</span>', '2025-11-29 17:45:17', 'GVBM001', 1),
(34, '<span style=\"text-decoration: underline; color: blue; cursor: pointer;\" \nonclick=\"window.open(\'./test/start/64\', \'_blank\')\">Thường Xuyên lần 3 – Môn Lập trình web</span>', '2025-11-29 19:35:00', 'GVBM001', 1),
(35, '<span style=\"text-decoration: underline; color: blue; cursor: pointer;\" \nonclick=\"window.open(\'./test/start/65\', \'_blank\')\">đọc hiểu – Môn Lập trình web</span>', '2025-11-29 19:40:27', 'GVBM001', 1),
(36, '<span style=\"text-decoration: underline; color: blue; cursor: pointer;\" \nonclick=\"window.open(\'./test/start/66\', \'_blank\')\">test – Môn Lập trình web</span>', '2025-11-29 19:56:11', 'GVBM001', 1),
(37, '<span style=\"text-decoration: underline; color: blue; cursor: pointer;\" \nonclick=\"window.open(\'./test/start/67\', \'_blank\')\">REAIDNG3 – Môn Lập trình web</span>', '2025-11-29 20:12:19', 'GVBM001', 1),
(38, '<span style=\"text-decoration: underline; color: blue; cursor: pointer;\" \nonclick=\"window.open(\'./test/start/68\', \'_blank\')\"> – Môn Lập trình web</span>', '2025-11-29 20:17:41', 'GVBM001', 1),
(39, '<span style=\"text-decoration: underline; color: blue; cursor: pointer;\" \nonclick=\"window.open(\'./test/start/69\', \'_blank\')\">hỗn hợp – Môn Lập trình web</span>', '2025-11-29 20:30:38', 'GVBM001', 1),
(40, '<span style=\"text-decoration: underline; color: blue; cursor: pointer;\" \nonclick=\"window.open(\'./test/start/70\', \'_blank\')\">hỗn hợp 2 – Môn Lập trình web</span>', '2025-11-30 04:51:55', 'GVBM001', 1),
(41, '<span style=\"text-decoration: underline; color: blue; cursor: pointer;\" \nonclick=\"window.open(\'./test/start/71\', \'_blank\')\">hỗn hợp 2 – Môn Lập trình web</span>', '2025-11-30 04:51:56', 'GVBM001', 1),
(42, '<span style=\"text-decoration: underline; color: blue; cursor: pointer;\" \nonclick=\"window.open(\'./test/start/72\', \'_blank\')\">READING4 – Môn Lập trình web</span>', '2025-11-30 06:04:20', 'GVBM001', 1),
(43, '<span style=\"text-decoration: underline; color: blue; cursor: pointer;\" \nonclick=\"window.open(\'./test/start/73\', \'_blank\')\">mcq – Môn Lập trình web</span>', '2025-11-30 06:15:49', 'GVBM001', 1),
(44, '<span style=\"text-decoration: underline; color: blue; cursor: pointer;\" \nonclick=\"window.open(\'./test/start/74\', \'_blank\')\">essay – Môn Lập trình web</span>', '2025-11-30 06:37:45', 'GVBM001', 1),
(45, '<span style=\"text-decoration: underline; color: blue; cursor: pointer;\" \nonclick=\"window.open(\'./test/start/75\', \'_blank\')\">mcq+essay – Môn Lập trình web</span>', '2025-11-30 09:35:32', 'GVBM001', 1),
(46, '<span style=\"text-decoration: underline; color: blue; cursor: pointer;\" \nonclick=\"window.open(\'./test/start/76\', \'_blank\')\">Thường Xuyên lần 3 – Môn Lập trình web</span>', '2025-11-30 16:36:32', 'GVBM001', 1),
(47, '<span style=\"text-decoration: underline; color: blue; cursor: pointer;\" \r\nonclick=\"window.open(\'./test/start/77\', \'_blank\')\">Thường Xuyên lần 3 – Môn Lập trình web</span>', '2025-12-01 10:58:52', 'GVBM001', 1),
(48, '<span style=\"text-decoration: underline; color: blue; cursor: pointer;\" \r\nonclick=\"window.open(\'./test/start/78\', \'_blank\')\">Thường Xuyên lần 3 – Môn Lập trình web</span>', '2025-12-01 11:07:58', 'GVBM001', 1),
(49, '<span style=\"text-decoration: underline; color: blue; cursor: pointer;\" \r\nonclick=\"window.open(\'./test/start/79\', \'_blank\')\">Thường Xuyên lần 3 – Môn Lập trình web</span>', '2025-12-01 11:13:42', 'GVBM001', 1),
(50, '<span style=\"text-decoration: underline; color: blue; cursor: pointer;\" \r\nonclick=\"window.open(\'./test/start/80\', \'_blank\')\">Thường Xuyên lần 3 – Môn Lập trình web</span>', '2025-12-01 14:25:34', 'GVBM001', 1),
(51, '<span style=\"text-decoration: underline; color: blue; cursor: pointer;\" \r\nonclick=\"window.open(\'./test/start/81\', \'_blank\')\">mcq + reading + essay – Môn Lập trình web</span>', '2025-12-01 14:27:13', 'GVBM001', 1),
(52, '<span style=\"text-decoration: underline; color: blue; cursor: pointer;\" \r\nonclick=\"window.open(\'./test/start/1\', \'_blank\')\">mcq – Môn Lập trình web</span>', '2025-12-01 19:02:20', 'GVBM001', 1),
(53, '<span style=\"text-decoration: underline; color: blue; cursor: pointer;\" \r\nonclick=\"window.open(\'./test/start/2\', \'_blank\')\">mcq+essay+reading – Môn Lập trình web</span>', '2025-12-01 20:46:02', 'GVBM001', 1),
(54, '<span style=\"text-decoration: underline; color: blue; cursor: pointer;\" \r\nonclick=\"window.open(\'./test/start/3\', \'_blank\')\">reading + essay – Môn Lập trình web</span>', '2025-12-01 20:47:44', 'GVBM001', 1),
(55, '<span style=\"text-decoration: underline; color: blue; cursor: pointer;\" \r\nonclick=\"window.open(\'./test/start/4\', \'_blank\')\">essay – Môn Lập trình web</span>', '2025-12-01 20:50:28', 'GVBM001', 1),
(56, '<span style=\"text-decoration: underline; color: blue; cursor: pointer;\" \r\nonclick=\"window.open(\'./test/start/5\', \'_blank\')\">Thường Xuyên lần 3 – Môn Lập trình web</span>', '2025-12-01 21:07:09', 'GVBM001', 1),
(57, '<span style=\"text-decoration: underline; color: blue; cursor: pointer;\" \r\nonclick=\"window.open(\'./test/start/6\', \'_blank\')\">Thường Xuyên lần 4 – Môn Lập trình web</span>', '2025-12-01 21:08:38', 'GVBM001', 1),
(58, '<span style=\"text-decoration: underline; color: blue; cursor: pointer;\" \r\nonclick=\"window.open(\'./test/start/7\', \'_blank\')\">1 – Môn Lập trình web</span>', '2025-12-01 21:14:27', 'GVBM001', 1),
(59, '<span style=\"text-decoration: underline; color: blue; cursor: pointer;\" \r\nonclick=\"window.open(\'./test/start/8\', \'_blank\')\">2 – Môn Lập trình web</span>', '2025-12-01 21:18:29', 'GVBM001', 1),
(60, '<span style=\"text-decoration: underline; color: blue; cursor: pointer;\" \r\nonclick=\"window.open(\'./test/start/9\', \'_blank\')\">mcq+essay+reading – Môn Lập trình web</span>', '2025-12-02 02:46:29', 'GVBM001', 1),
(61, '<span style=\"text-decoration: underline; color: blue; cursor: pointer;\" \r\nonclick=\"window.open(\'./test/start/10\', \'_blank\')\">Thường Xuyên lần 3 – Môn Lập trình web</span>', '2025-12-02 10:29:24', 'GVBM001', 1),
(62, '<span style=\"text-decoration: underline; color: blue; cursor: pointer;\" \r\nonclick=\"window.open(\'./test/start/1\', \'_blank\')\">mcq + reading + essay – Môn Lập trình web</span>', '2025-12-02 19:33:27', 'GVBM001', 1),
(63, '<span style=\"text-decoration: underline; color: blue; cursor: pointer;\" \r\nonclick=\"window.open(\'./test/start/5\', \'_blank\')\">mcq – Môn Lập trình web</span>', '2025-12-03 12:57:35', 'GVBM001', 1),
(64, '<span style=\"text-decoration: underline; color: blue; cursor: pointer;\" \r\nonclick=\"window.open(\'./test/start/6\', \'_blank\')\">ne – Môn Lập trình web</span>', '2025-12-03 12:59:07', 'GVBM001', 1),
(65, '<span style=\"text-decoration: underline; color: blue; cursor: pointer;\" \nonclick=\"window.open(\'./test/start/1\', \'_blank\')\">mcq – Môn Lập trình web</span>', '2025-12-03 16:41:11', 'GVBM001', 1),
(66, '<span style=\"text-decoration: underline; color: blue; cursor: pointer;\" \nonclick=\"window.open(\'./test/start/1\', \'_blank\')\">mcq + reading + essay – Môn Lập trình web</span>', '2025-12-04 04:02:22', 'GVBM001', 1),
(67, '<span style=\"text-decoration: underline; color: blue; cursor: pointer;\" \nonclick=\"window.open(\'./test/start/2\', \'_blank\')\">mcq + reading + essay 2 – Môn Lập trình web</span>', '2025-12-04 06:13:39', 'GVBM001', 1),
(68, '<span style=\"text-decoration: underline; color: blue; cursor: pointer;\" \nonclick=\"window.open(\'./test/start/3\', \'_blank\')\">mmmmmm – Môn Lập trình web</span>', '2025-12-04 09:08:35', 'GVBM001', 1),
(69, '<span style=\"text-decoration: underline; color: blue; cursor: pointer;\" \nonclick=\"window.open(\'./test/start/4\', \'_blank\')\">mmmm – Môn Lập trình web</span>', '2025-12-04 09:19:40', 'GVBM001', 1),
(70, '<span style=\"text-decoration: underline; color: blue; cursor: pointer;\" \nonclick=\"window.open(\'./test/start/5\', \'_blank\')\">Thường Xuyên lần 3 – Môn Lập trình web</span>', '2025-12-04 15:01:44', 'GVBM001', 1),
(71, '<span style=\"text-decoration: underline; color: blue; cursor: pointer;\" \nonclick=\"window.open(\'./test/start/6\', \'_blank\')\">Thường Xuyên lần 3 – Môn Lập trình web</span>', '2025-12-04 15:24:13', 'GVBM001', 1),
(72, '<span style=\"text-decoration: underline; color: blue; cursor: pointer;\" \nonclick=\"window.open(\'./test/start/7\', \'_blank\')\">Thường Xuyên lần 2 – Môn Lập trình web</span>', '2025-12-05 09:24:59', 'GVBM001', 1),
(73, '<span style=\"text-decoration: underline; color: blue; cursor: pointer;\" \nonclick=\"window.open(\'./test/start/8\', \'_blank\')\">1 – Môn Lập trình web</span>', '2025-12-05 09:28:21', 'GVBM001', 1),
(74, '<span style=\"text-decoration: underline; color: blue; cursor: pointer;\" \nonclick=\"window.open(\'./test/start/9\', \'_blank\')\">HIHI – Môn Lập trình web</span>', '2025-12-05 10:43:47', 'GVBM001', 1),
(75, '<span style=\"text-decoration: underline; color: blue; cursor: pointer;\" \nonclick=\"window.open(\'./test/start/10\', \'_blank\')\">Thường Xuyên lần 3 – Môn Lập trình web</span>', '2025-12-05 16:13:26', 'GVBM001', 1),
(76, '<span style=\"text-decoration: underline; color: blue; cursor: pointer;\" \nonclick=\"window.open(\'./test/start/11\', \'_blank\')\">Thường Xuyên lần 3 – Môn Lập trình web</span>', '2025-12-05 16:22:19', 'GVBM001', 1),
(77, '<span style=\"text-decoration: underline; color: blue; cursor: pointer;\" \nonclick=\"window.open(\'./test/start/12\', \'_blank\')\">essay – Môn Lập trình web</span>', '2025-12-06 05:36:00', 'GVBM001', 1),
(78, '<span style=\"text-decoration: underline; color: blue; cursor: pointer;\" \r\nonclick=\"window.open(\'./test/start/13\', \'_blank\')\">m – Môn Lập trình web</span>', '2025-12-06 07:58:42', 'GVBM001', 1);

-- --------------------------------------------------------

--
-- Cấu trúc bảng cho bảng `traloi_tuluan`
--

CREATE TABLE `traloi_tuluan` (
  `id` int(11) NOT NULL,
  `makq` int(11) NOT NULL,
  `macauhoi` int(11) NOT NULL,
  `noidung` text DEFAULT NULL,
  `thoigianlam` datetime DEFAULT current_timestamp()
) ENGINE=InnoDB DEFAULT CHARSET=utf8mb4 COLLATE=utf8mb4_general_ci;

--
-- Đang đổ dữ liệu cho bảng `traloi_tuluan`
--

INSERT INTO `traloi_tuluan` (`id`, `makq`, `macauhoi`, `noidung`, `thoigianlam`) VALUES
(1, 1, 13, 'hahah', '2025-12-06 07:05:12'),
(2, 1, 32, 'haha', '2025-12-06 07:05:12'),
(3, 1, 5, 'hkkakakaka', '2025-12-06 07:05:12'),
(4, 1, 33, 'hahahah', '2025-12-06 07:05:12');
INSERT INTO `traloi_tuluan` (`id`, `makq`, `macauhoi`, `noidung`, `thoigianlam`) VALUES
(5, 2, 32, '<figure class=\"image\"><img src=\"data:image/jpeg;base64,/9j/4AAQSkZJRgABAQAAAQABAAD/4gHYSUNDX1BST0ZJTEUAAQEAAAHIAAAAAAQwAABtbnRyUkdCIFhZWiAH4AABAAEAAAAAAABhY3NwAAAAAAAAAAAAAAAAAAAAAAAAAAAAAAAAAAAAAQAA9tYAAQAAAADTLQAAAAAAAAAAAAAAAAAAAAAAAAAAAAAAAAAAAAAAAAAAAAAAAAAAAAAAAAAAAAAAAAAAAAlkZXNjAAAA8AAAACRyWFlaAAABFAAAABRnWFlaAAABKAAAABRiWFlaAAABPAAAABR3dHB0AAABUAAAABRyVFJDAAABZAAAAChnVFJDAAABZAAAAChiVFJDAAABZAAAAChjcHJ0AAABjAAAADxtbHVjAAAAAAAAAAEAAAAMZW5VUwAAAAgAAAAcAHMAUgBHAEJYWVogAAAAAAAAb6IAADj1AAADkFhZWiAAAAAAAABimQAAt4UAABjaWFlaIAAAAAAAACSgAAAPhAAAts9YWVogAAAAAAAA9tYAAQAAAADTLXBhcmEAAAAAAAQAAAACZmYAAPKnAAANWQAAE9AAAApbAAAAAAAAAABtbHVjAAAAAAAAAAEAAAAMZW5VUwAAACAAAAAcAEcAbwBvAGcAbABlACAASQBuAGMALgAgADIAMAAxADb/2wBDAAYEBQYFBAYGBQYHBwYIChAKCgkJChQODwwQFxQYGBcUFhYaHSUfGhsjHBYWICwgIyYnKSopGR8tMC0oMCUoKSj/2wBDAQcHBwoIChMKChMoGhYaKCgoKCgoKCgoKCgoKCgoKCgoKCgoKCgoKCgoKCgoKCgoKCgoKCgoKCgoKCgoKCgoKCj/wAARCASdBQADASIAAhEBAxEB/8QAHAAAAgMBAQEBAAAAAAAAAAAAAgMAAQQFBgcI/8QAOxABAQACAQMEAgIBAwMDAwALAAIDEgQTIjIFFEJSAWIRFSEjMTMGNIJBUXJhgZIWJHGiQ1ORssLR4v/EABkBAQEBAQEBAAAAAAAAAAAAAAEAAgMEBf/EACURAQEBAQADAQEBAAMAAwEBAAABEQISITEDQVEEIjITQmFxFP/aAAwDAQACEQMRAD8A/RikW72u6gGljm4z1NREFArPMxEEgx0RFIUpEQ+Q1EWteRUiI0lhEFmVIEZYkSAGhnpBgatVrUiIgo0QghtSKVexKKOFAqWrEgRKCLQaJzoF7IpYuelbpusGp1vTNhbloMHkduTa1rGL2FFWpLdGgNl7yRfQkB1ZJvlzKZaUYb5csub1OY+STrbpvLzl+rT9ir9W/c4np+rJV5ZeWv1X9me/WP3Ehj1vuJD76YeNv1X9mXN6rV/I4LXuf7DH9ir9Qn7vBX6hS/7CgLXvP7Cfsv8As5+zwP8AYUC/UKlF9B/s5+xN+pz93zy/Va+zPfq9fZKR9Fv1jHPyJv1vB9nzPk+qV9nH5PrOSfkk+tZ/+oMPj1XlvV/Xe+taeAzet5PsxZvVslfJi+prpj0HN9UqrruZf7evs8tm9Rqr1YcvMpwv6HHpfVfUt48nF/tKm/Jyc3Mqme3Lrut/HV5nM6vyYLyEbGxOzh11p+ijLR0VW5MSYzreNUZdWiMuzDskZe9zxqRv2F1/ix7Fbd5no43R3bM+YMUXmpafFnzV2Mmw+TTNDfLnXZ9L5lYHXj1at+6nloo/q/F2nd/jn1HuOH6z2dtOz6f69UfJ8vw56lvw+oVPyennq7tYsfYI9fnTyaMPrW1+T5Rw/Uay/J3eH6jr8nfnr0w+jR6rQ/7Kvs8Xh9Smvk14eVt8mubrL1kepV9l/wBhTzcZdvkfFfs6W6w7f9hRkeoZHI2TZc82/FruR6lQ/wC1cBG5zP6npo9T/Yf9h+7y29C6tHA9P/Yfun9h+7y3VoPuKF51PUf2H7FX6h+zz3VoOxxPQ/2H7J/ZT9nntv2Vspynov7KfsOPUp+zzey9qPhP6np49Qn7D/sJ+zyvVpXuKXhE9V72fsH3s/d5b3VB9xTWJ6n3s/ZP7Cfs8r16T3FfZip6r+w/Zf8AYT9nlfcUnuKa+menro5s/YXuJ+zyPv6FHPo4HsoyyLqy8nHqFfZf9l+wqer6s/ZOrLy8epGx6kk9LvJm0/d5iPUv2F/ZSGvj0u0/cN1Lzn9lP2T+yn7JPQ7SHqy87fqX7B/sv2S16S8sq6svO/2f7Lj1IsvRbzY3Djmz9mqObIvtOojFHNlojLNueGQ1FbqZPiJAqTK0REcRERnyPipIUjWgSIiSIhV2NWGdpNi3UZfenAoiNaqiIi0YiIi0xERQtaWFF2twS6+hrUtznL0oAV2DZaliL3XsLdZg0BsrdrdaMQvqg6wsR6FdVOrLOI1NyL5E/Ym+RP2Q1r2Xsw+7xfcccibbs0a1RaWVtItytEpW8h6srBaODO4jqyTfIGavJtWw+7kXvpVZt1s3BuxXzsZV87EGddLcO7kXzsZN+p44+Rw67u4Xnb9Wn7r/ALbH9l4nzeg0TRyI9Tm/m1xzpXivNsRm93Ke4OGdtASvcL6qsZvtelLL6qdWV43+DcWi+rJfVlYtGgOrJGbl6QzYbWrfRmvlzLkcr1OZ+bh5/Ve/sOMvV36hJF+oS8lfqRF+oGc6Lcesv1OWe/Vv2eTvkVfyB1av5OngPJ6HN6r+zLfqdfZwbqhRVGcrXVzepVUeTJfKyV8iCro+MZHfIpPcUSkKyIe1UHuM7QXqpzqDssCb6myfxCCTdM95WLC03yNXP5PNncvk5ex57n8rpONuNyOnyef8dnPzeo/s4HJ9R2tjvlU539Y14u1yfU/2c3NzKq/Jz7uqL/lxv7TMdPFrvlFXl2Zr/KsOznf1v8bwOb8guqaNdiL7XDrv/T4s3+U/yb5WKMbPkZCdT8P7GRjVrq52a1h96gKHhqfGi1hlpIcyooyLRZq1Z4y0LmV2M2GmS6MV2BugYaS52NilZc3mXq19Mu52PMFKVtS9V3LXk52F7C2peoLlqdYxYdh5FYzsXqGSs3kwA21t6OeqzY9dwOfXa7/D5lPn2HndJ0eN6vPi6zu/1zsx9F43K/Z0cOd4jgerY9PJ1MPqmP7PQ5WPX485nVl53Dz8dfJrjmz9nbi7FXahHPjPNfI3qukDYjN1V+4MiPsjZOqFnELZArNS1KDssQ+5NgXUh3IHatlFDTTtk3KtSxGbJtqAsyJp6qrqWdNkKZvKdpXartS05WxWybLBadsvYnYJOtGybMwtjhP6qtv2J2TaRgM2/ZNv2JUpE07fskZf2Zk7Vhao5WvyP97TnLFidbDz6dDD6lX2eaFGdm8yp7fD6h+7Vg5s28JHNptj1KheU9rHImh7S8fHqrpYfVf2Xjqeg3lN5cuOVNfI6ORLN5LcjHvN/MbPUWtO8h3kgF0pC0bGbMWw9haDbJ8EX5M/Wlxaw6iODdUtS2sUiIiArREGrFItDmrVIiIvf9Wfsvqy8f8A20/Y+PVp+x8Wr3r02xfWl5/+2n7E5/Vp08lzwL1r0N5ZJvlzDyN+t/ux36214jye5v1CS/7D8PBX6rX2D/ZV9h4T+mdvfe+/ZP7F4D+yyfYP9lX2M4n9V/Sz49zfqP7MGf1bR5P+wr7M+bm7NTifxm/pXos/rdMn91X2cC8u5a8IL09J/dV9m3g+sd/k8cbhy1LXjBr6Hg9Wk3+1l8/jm1HyM/sKV5l+rye7v1aWa/Vnif7Cgf2A8IvJ7G/WP3Iv1v8Ad5C+Vv8AIHVpTiHyepv1r9wX61+zy+ybLwg8no/7qvsVfrVOAmynEXk7N+r0y3zclsKHx/w61+6pPdUyIsWuth5uSPk2x6rX2ec2XtSwa9XHqtfY6PVv2eR3r7h6tfYXla9l/cfsn9v+zyEZa+wurQyLXsP7X95T+1/eXjerSdWiHsP7X9oV/bfs8f1a+ydWjU9h/bfs5nN9SqtpmnC6tB32U9pqvLkr5EbUovZSIWyBQ32hIiMpawokLZSkSVspVpBiGhV1oVeUI+yLoq+Qw8nnzI8pDJrdm8HJ5N1PyZuV6vMw4fM9Wn7PN1+3vG5y6PM5mu3c8vz+ZVbE8zn1l+XawXdU83X7SzHacjyVsKC42oyJeXrrbrpOVohsOOt+JfQqk6VS1RWqeWwtOExKr42xxd5dWfJplvBqnS1HecHUaTRGujPYuqTeVIzDJMVrdJhzgvt7lE0ZspfV1J2Vddh8UnMzk4crJkrvFFNW+8DpRl+LdimqhxYrvl3MPhKzV8Dc/Eq5HmrvIvLLBLsGyeSamMVQLOuWbN4GMM/X1sjNnFmxE9KnWXGcBeWhRkpfSBc6t89M2NUc6sfi24vVclfJxRRl1eqdZMc7Hs/TfUa+z0fD5lV8nzjh8npvQcD1PX5OvHfpjH0PhVX2dDZ43h+pzV67PQcLldj0c9TGbMdaKGyRlmjdm5Q1JFSRsL8KfcFrSErZezSkPItfVDsMKkRE59IgVXSUqk2RNVjovZPzRaHGLfWJdKCjVuOcmjQAmY0ivwHYNuuewaXsHYJs1S407KZ17Odh3TwB6oLo4jdg7FbL2IS6XsWG1Y2dsrqkA2CattlkbJsMGtGydWiNldVSNa09WjYz1LD1TN5Fi8nZw8+pdDDzfs8ydGXUWHXsMPK/Ztx8t47DzdWzDz2M96XrOruH/wAnA9+dHqH7Gek7IocuOUfHKlnxOulC2KOVIvcSxl/pxsWyxyJF7iVh061wR1ZTqt5sxhoQjqp1ROdOnqL2NPiYpFhZK1hV/wCgvOxa8z7+hxz6c0yHWxhu/sKBfKqmbURsZvSbVSdyKakF6WvYG0r3lrGdWhd2HYzk6crtDum0qQanaraQhUjoZ1ZTqlqPjEdsmxQxYha7B0pe42fG/wAWg0Gif/0NlqRFqWJS1Iqlh2VdFmXDfZuwtiEAOWqBIamiFjFi0aA2BtTOLTEJ3oXcCJCe5O5acaFAjZL2IMUTtS9qEWmqJ7lxVGqU5ZOwdqFJ6Bik3lSahIHdcUEu1Ltnuzsn1JezLmvUrk8rVw/UvUqmHG9xvGvmcyZ2cHmc/wAnN5nPqnIvPkq3k7/WbkdeeW7lcyu7uc/Lkqgfn81RkS8fX67XWc4UKJbI4ux8cNyt10xhiTYmm6OGq+P8XPWox6riaOudGfqzvqyTVJtJebXRq3EZtIc1TTDt5DilZqLtW2o7qWXNS55VpnVVmrsYu6DYy7G+kX82zq7QxWLbWG4KO61LvL2ITbf/AJZ+k7d44Jvt7gxVHBrbhrvl14z9ky8/GXvbIy9jOYddG6Z7pl9xS+rVM2aNatk2ll2RuTQ6G06M2bwFFAuppJn171istDEZs0tbPlalZxludQm34F9JeTP1XVOjk1OupPSX0nXnr3oyO3wfU9bej4HrU+OzwH86tnBy63L0cfr7+ud5fVOB6p1Xd42eafOvS8/7PT8DP+z0zpzek3k/dzMNbNWHZ2FrTupS9TBKtLRRKgi1FqrBQoItYzIIC1E1QUEY50KIioQSBtnDCrRVhdYkREaQkCjKxBBRWoQRBCCiKtGUm0REytSKJlEpSC0ypa9ixQGmmLXtLOrqjE1br6urJ1dk2ZvtNfuPrRscqnN2Ng2Y1rqe/o/Dz9XGg9eOKV2/7KTY9Sl51Nlh16WOfP2HHqH7PL9VfXBeq/sp+yf2U/Z5X3FJ7ilmB6z+yn7J/ZT9nk/dUnuqKe04vqE1bbfNeFw8rW2v34nq6nr/AHv3pPez9nkPf0n9lX2Ket97+xfvf2eW9/X2K9/X2Sjq6qEjMVUiLdMcrFLtLK7jg+lmK1XpR0+OAUtBa1zMCJNUOs1ECapWlwGxxILOrEVdKUmlm7A1TUah7qSEUos0S1LBq0QOwsFi7kGot02BVqmq0alS1bpZY1kQbAjN9MyrEFBreCgwhewE9isKjEpUgZazDU7QKQM2oiI0UREEraIiIWjg34M8FXl1FJ15WTk12FXnlk5XMxzHk59detaxn5NV3OBzO63Sz8rHUU4+S9rfO/X9ZLrvzzrN0Nr8U9nt8WvD5tDw9d47SOd7H9TI4cz3N+2rJmyuVmtz0C5mbKupLzZWO8vkbTjVfK1D7rZhutiurqcWN+at3K5m020xyZZeRlmli+FRnoXXZbBs34jWjbaxbalRS7rsU5WmXl2AV/gyKbkC2c667CmcOjCbJdy1Izob8GbM02yZvNu3GeqrNW0MUedNd+DLHyEjOmRTRFER2j2GYr7M6uw4ok2FZi0zZNggujDp3UD1Wa61SK2s2KVr6itioobItFsDXZY48EAa9idJoiUuiiKllzVPidmpitqX1iVdLx5akv8ACW3+dz2Opnp1OH6nWPV6Hgeua/J4f8NXDz61Oz0/n3bNrj1H1b031iaei43Mx1G2z5f6dzMcvV+m8zZ3nesY9hGWavyP27HH41bOjFPRzZQcsOwtm9SKRZCgGf4CKgIiKCqCMBc7FLRBjIg2gbLSoAv/ANgNxIiISilqYC0UpIStgXStm9OCugXQVMpakVYCwCQaAqGBNKsC0WoYERVYhha9lJtxbgxF7C2VOmL2K2VsRpuybEbJsTpuybF7Jslp0Uq6L2VsBaZsEOybJGwvaidtVdUYjtk2Z96TelgaRMm9C271fTUezEPVerGuhKNOsprJ8h4syH6p2rcJCH9qayRhGqH6yHQeX+ovWQaybqrUjCdU1MCiOC7kSzKIDVWpmqaqi1ShaJqdUUvUSDToVDCpQoGg1q1qQGq9BItSlqWNSJqiCjA6pqYEDE1TSRBRDqmokQDqmpgEVaiUoai7ks6yrVpkLNjwBqIyKogdV6n4sWmyirFK7pgzZT7pzeTTHVylk5WWphyOblqoa+Vl27WLJPUfP/b9P8d+eWWbpojHsHDg72zDip8zvvrdemQnXUTTqXesucbJY83yPzUx3TRIumLN2tGapY81GwF3lIzUG6LuyKRmqt1xlVkJt0nOMadeQqO5YTg8h7C3JtCNM2MimcZi1o8pV4gw5V8mfk3VK2Ye5kzVrdC43J7NSrryphaXdEfIV0WmLTr8GWJ2vVpju2kyMWtmXEyZp1LauZPYys0xpwjYttTY2qzKLDgZqHr2E5PBfbikK2XFTuTk8kjzarUnrW3ZZEeZrMZ+HRRm7KvY2YJ7atgWCPATXRJsr8y1aquZX/qYp6c+5oNtlyTciRbjMXf/ACTofcl69+zpy59TTuNyqm57nsfROZWnk8RbVw/UawO/HXtix9g9N5XZLt4anR8t9N9arSXrfSvVuprs9n5/6xXroobnYeVNNsZZ0dpdBuwidhwUYpWyzqXqmqlJnAKWoazQoiFjEKs0u0VAUjbWrQKILVa0ZGqLsdhsEvZWwtS/m6RRd0UZ5B1FA4S1CFVCoNh2ZwGLK2Wr6WqtWywGNxewoAjV51aNVpsFkIiIrEJERQItFNyM6tS1CnURaClS0RSC1SIhKrUiBDhFILGo98i9VuboiA2GZcQUUruaUEitK+6tP2AEi/8AyV2i3SEBm0h2aQAiAENcQocLWV6osBCFjUjYiIFWBS1LIxS1L2FpkRS1CGoi0WpSLUpUtERWrEEgQhIFSQy1oli1IiSy7kawdBEi0laNatItQrCr6KmezrpntW5NTLnrVy+bXY18y9XNu+rbxft3M13451kydyol0cXG2Njhy+T3+kt9PVzw50SdDXm4v0Ivj1LlrphV1LDmyy0Zpc3k1U2EycnLrbNeeQ8mtrZL81EO8ss+aksu5oyKkZmW225Z7lu8sM10Hrpc6slukmsVv6s1BrmRWo+vRY1rsGpPXM6s6IA8U2WFIzDTXdbYmSPM+KM5OlxOq9jC78zmLS7TXsFqOJEuAvD5tUM+Ge+miJSZuay4aaeay4e3tPPqYkto4zP5W0R/pQwQ5qZbOutrKvwawFIBN5J0yK17jOrTMZFfEj1T+oLqsy48xPRxp6p0UyHRQgaUBFDCVZVzscHXZIjpFXiatS7ky4L7Y82KWXTW3QzSz3Lvz0zY6Xpvg9HwMlTrq8hxuV06d3geoTvL1fn1scrHv/TarSXa42zy3pXKmte56jh5Z0eqdSRh0YWRFHuiWhayz8GikDSBEi1zoURGmFAMVYaJsK0QoUWojUREWBERAdL1LuT8xR1qUvVBorUBBBAsKulDuQFlB/hRuov1qFKs8tNQChWpqfBQCWoCUKIIFUCUtSnEREalFiIiQdHiiJamdOaiLDY04sKCOsUNqXdK2WpYgbLDUr3XVTqk9VOqry6abtS96Z+qvqmwadsvqkbUHYLWnqq2I2VuJFej9kJ2DdKww/aQ9UlSR3VTqlqWYTeqvqkog07JszLWDWnZTOpaL6aVM/copp2BdEokfsrqkbJsIj+qHqlbKSO6ouqziRh+8j2ZV7KnWlCdg7UsLQjPtSbqJo2DuQgwVo2TafszAMP1q3lbIYhY0g2Iug/+QxRp2Kume6VtRkVO2V1SN1bjTF3lc/m8rVfK5Ezs876hyqy3+ryfr+skyOvPOtGbldW+03jz8mbg4uq72Hizo+X+3617fz5Z4Pg7pTigm+Rjh5bXbFsmbLKZs8uXya2tgX0fm1pzeZi28TLoi8roy5d8emPkzq6ubPLlcmtrMTKvaWfNl1sm8rp4s6233M9yz3npXVbZ0HJlgzOjdbEZsW0NcxztY167Qq51XirvO+tZMjBSulUmxllflDKJWXm80jZmTFh3im1KRvNR0ZV7d7NfmHbvPNTXt+xkeDDGU+MrKNx+Y7orb9g7lLzdzJc959k5jEvCvPXxBFaoJz71F7AutlX5qaTPn8wNWoLnZrUQKPNoiZX/AIaSfAKCcql7fEyK+JcJ4j6ca4poimCKaYoQHrguKNgoZJuqtDZiZckseaXTuWbJiHPrOU59z8lYeRU21Xi1Zb7e56ebjnY9X6JzqnXue+9G5XU1fJ/R8+tTs+jf9PZ5r8zT1fn+nv25WPYRRsUzYa2Oeqe2WkAYpbbFq9RBElKESBWCiBa0ZEmA2UYpqVEIfqTcgUKIpplEREkEFBYkBstXzTUgbFADPFENgFdBSsBqrVaFlIlBKtBQdVqsNQOqtVoiiDRnVhahKOmKRLCokGpZtKIi0tUi0CUqzABVQRWE6yitUUBai0W1Iy9chXVV1XSuunIVsLZVDQG0h6qgpm0r3JTYMm7CI3XsLDKcjPsLYHRjJ2UrScsneg9xvRjQjLsmww2H7A6oEZ+OdM6pe1IhlVq96V3IikFqIitRhWvYvVZkMM2VsAGiVp2ybA1XoiLak2pWodVjWr6tC2ovtWfFeQ9k6tAV2gUzak2otaZ0zalXVKCmvLF7UHelqFU61au4Owbpnr0tS6Iz55n8qunK5ufbtlx/TrI68zWT1Dm1V1qzRPVT84trbONgfK/T9La9PHLocDFM4WuKqQYZ7GnpPH109UjneoZa+Dn/AOXZzYp3B0sbEjprl615E235tZc3k55aYsZ7YOSdmys2akK5fJy1LDmz97o8nVzriW+eKzeoVdbFWf8A4Zc1S7znXPQXRV0K6BZ/9MWq64+v2E6hP1lV9y9StvJIy0dQg9WpDdKZnotEUKio8DNuw/bKMxS580nzNhpAzSW23M6Odc62zqkXsYztMHThvwUiMsoq/BL7SLatxSCRcKsyaMKvusyJAK8usGtVWapZttS7qqDC8VIf1Q9Xe/1Cjr4HD0/JceZzn45MFVHapZ7nDScTX8yD4UiooPguGjWWQDZN0vUGxRsUC6kOwbrZuTEz8lzb+Tp5p2hkvF3tc3BZrNhrW5p7L/p/1OZ1mqeNuD+Hl1uXr5slcrH2r03nzkjydWM8vnn/AE5zqqZ7nreNlqnojnXYjLJ20ufFD6rtyzWzZW7N1V9Vpz+H9Wk2ojqg64rOtW1K3pl66+qFrTvS+qzdRGjK09XZNmYWzWL6dsHYvqh6oDQonqq6qoPRn66uqIjlWT1VdUtSnq2I6oeoGzkJvKDqqCnpszdVfVQO2CXvKbygYrYG8q2kfCPZNgbymxRiEdROqwj0L6qdXZGUy1A2XtJ+K3RoDeRQZAYFSKRC1WrZXcVqImtK1ZKKWgAEGprRYgBhWLHpEUp0Qll2AbTpuyyjDLoTZZVoNR4QbBApuyBAjp6A2WZCIKlbE/F3KtVbi2GrVaiRWwFowXSy7UAtk2LRIewyRbNIxWwdlbKmQ4JeybDFpigbJsfqPAXsmww6MOwQ7NSLR7LugBUgtO2TaS0Fh07YGxSDAPalFXQdmVJrQpm2BeVz76x2k0nm0wfme9qz2VM7Pnfv+v8Aj0cReLFLTGI3jYKa44tPmd3a9fMDhlquexI49SdrWjn005+aWTNWsU6OeHO5M9lJ0cXk563pzOTW1urczuwcmZLDlZqqWHNkp0OTUy5fJqWoxS7yMOak5NMl5adJ7cqZeUm6KugbO9mM6K6DuTdKvJ2Csn7AumfqSLZSYhIpFh1BR5hRKG7CiiBbUJA1R9gfIiMpk18meuS3bdhFz8iuoLbZvmgvXvasM9hDRhNuJVyq+0dl34KVE3RO3embzCJMRuyroBd0Z7OGdUrN4FXVUBqQCgRWw/w1JtOiWBX4dbfeMw+K0XeUoDHUw/zTeqnuGWvBWPz/AAp6XM8prZHIppjMwGxlYsl+r43xnF7lkixR3M+Opq2ql9wIk+JFuJQhRItT9RVkXLbqReKmZE5nKnsZf5dDNLDc6O/lf4xZ/XZ9C59Y8ur6L6VzJzz5dz4/Fa3tL1f/AE96nW0vV+fV6y1w6+vp8Ua5PD5W0bNnXl6efmhu/OuimeMp0Vs6a5WbdGnaWM2jV6ymqkGheotQbK2aRqFdVXVbxaNVg2VsxYdRS0Siloiq1FIEwKsF0PVWpWkq7h6huRi0N1RfVo1Wqp0vahbL1lNRi1WybUlh7ljIu4PcvuVaxJtSdWgiF5Kb0mwUOAfVTYtds4jOqPq/szLJa4y/sPqyw76p1TItdGMsijLLm9QXVVDpRlkcVNOfGUcZWcTb2p2sXVTqrE2doN5ZOqDqrE3bSq9WLqp1S1K9XsmxaOmIW6A2GEg9woLEpaIlERSJLUiNSo3tApSSLUhxlERFgRERYkRAjGxBVstSoSwIsQ0UiqWpAKRaMId1bKQ4aheytjfYGgRGNX0pWy9itkybsm8kbA2ljyMjRsnVI2JzV2U52yNSHXlBeVgvLTPeWnK/rJcdfF0b5Ele4lzvzdLmnj/X9bfjtzMb57m/h4trcjDTv+nztq+d+nVv16eZjoYeP4tUcfVo4/H3g729PH1cuO0YbLbLxBuZ0TTlZvCnJ5PhTt5pczlT2U6F5vNtvTmcnZ2+TPk43MOay5HM23c7NTp8liudmmK5HJY7rZ0+TiYc2LV35cema/AloZ68mqxoC81fEd+LO3yEREaQ+rQtvyUvahYjYy7Gsgt6HimoN9sJFbQmfwo2AuMuxsMsdvc0RWzNjXwyB4fAgcVoFrRdHYaZrnaFRk1Zob7Z83i0xX+iycmviEz39gbCLakNDmr4kjz+YHSTAgfwv8BajHX/AK0a/wAKF+Fz9akWiI6EKhhY7iii7/40sEf8n/3EjUmJjOVfcKFfbPXsW9HxTOLbUUyN0U2YqcuKnybsOeWP5ga482iJZIyy04crCO1lLnYMUYk5/J4uzj8nBrb0duXzJmm+fQ6+OHfZjaPTOV0rn832hz4mOo17no/P6426+m+kepzkw67O3hzvlvpPqNY7mdnt/Tud1Y8nr5uRzr1uGuw+Kefw8xsjPs682Viu1smzmxVGRVfZ0llZbtk2Z4qhlWG7IATWM1EChAkBA1VEQIlZiCIEDViCihX2kBtWwLpSsQtlXWwE2OJSrXsDeVhEFe8pvKxLV/kF0myvsGK7aBsrZNr1CPYHayKpFIsGoiwKRCQIlYkCl0HZRUX+Fxr8S9k2OIzYUUTsvZmxadvsonqpsMiOQnYUUviMQrYUUE9gCw7Js6tyIbANVsq3TEL3Xs1owaAWzahIBGVaMKIpRokI2TZpSmh2LRaDV7A2L2UoN2TYlTUqaVFbC2TSamRKtlbSsGGIXtItgcEgVbM6ZFqBsHYWkxC9lbnVRjJ2TYajt5TeSBHViXSglXSvX+NLzM15dV5qc/Nlcr1GpD75TFm5lKu9iLxbPN+v6ZPTpzzovzytg3yKD+eHSdCnh7/S67zkXVNxUV0mzh4Hn7/W2ZXac428DBtb2PpHC8XN9J4Wur1fCxaw8/XTrIfGKcUM+amjNXYwb97jY6yF3NWu57GjaWfNXYYa52bE5fJn/Rp081ORyq/0aa8mHG5M+Tk8zXudLmZXB59Ny4GLmVLBZvJ7WW8rrGKVyalhvuOzUz225dMHIlndG52hmvEeWKzbKvwoV4u8m51dJNAEHPmZfgdRCIuJ3aSkFrUhGJcXqPq0WtEy8tXAI81gUVmNKAw+JrAacPgCJ714a+I77bSOjthnvusXkrUWai78Ga/qdmDqpMRN4pmCmnMRpTpLqCpaKKqWi4/3VUnvEgagW1pvoN2C63+Ji1qlIj/k/wDuctFR17QYEZIwqApB12M6KIXCs0SupxqdDD4OZhrV0cNdjnSeK0ihdLYImmTNLdc6wzWr7TkcyXM5MduztcyXNuHbm5WLGLDWtz+XoPSvUen5OFeD+Pz/AI8U41aW9PNlcuo+h8PmTXyd3h12PDej1+z0/DzvRz1MYsx6HDR0OZGeT4zukFdKKHswRnPjK6MVo2FFM/VXs3PmsVrVsRsjoyPZexaM2k7qr2IQxG9VXVLUgb1VXWxathqMD4h6pd1shq7pWwVBWrDa0MqwCDApWhwqwqMZq0Kug7FaehG1JtQWnoT3fJBq021bAUpFaPZWwUK1EChZwSBUCMKrorYX0jV7FbJsqdMuk2L2TYNabsm2pGybDE9uKDtdVKe3Sl9y9hFgCFBJkLT9GiItZxaKWmUDdKugGVIFEMSIiLUNQUBxEVsh1LRS0pEWpSvV/hWIGybM2iUewdlKSWsKC+zPSIiHFqIsAsUokDsJFL8GcV0VdM3425/MysHV72rmUwW4fpfTcFGXvaONW1sLTh2l4e+r/Xo5mzXY7dC80yTiygvO8HXWXHo54Fq38DF3ubhy7W9J6Nx97lzdJHovSOPWk07sTrDLxZnFhld5XPrpoedg+Zl2z2xHSLvLoxZs6s1OZycrUFTNyOynKzZ+yhZsvYx5ssmM1gzZe+nM5Nd7oZqnenO5Pm6RnXK5nmw3Lo8ljuaarLDcs9up0mfNgdpGK55WbzbrwUXeAy452MNyVc97XeIGpixl6VB0/Vr1TVplj6ciiWm8XYX0qEunAdpFz8j7AZRWcR2q+l+p1qUhUTtZ+srhbgt1WolrZOYCO22vyZ9e8+PNqTWTMM7Jm7T+NJfJlJnBqZqG/BS4CEWvVnWsrJc0mlNWq+k35DGTSk0pt6Q+lJ1OfpS4mqb+kKcEs3vEw9JfSn4t9zIehsp1qYOkvpt3QlV4JF6THrMkOh0i7wGXExo05MAelLWr1/SDsU/IYmb16UFhdDDXYxx4GxTFToYa73QjJLjRTZhpmprsi52H8EMupy+ZgqnIzYql6PJ5OZzMXfs3zfWixxc3hTJHbc/l0s86EXPyejiz+ufXqa28LP03oOHyap5nD5PQcHXSaejm+nKu1xs9butFbOPxqmXUw5Z0d5fWst0HxTHGXY+HWMdemkU+YIPhvXMcICKMbtSKRDoRQi0ksvYdllD3oGyI5qogBG1laKRalrUilOAQZdpqqVspRZqKQKgEgRKVIiIkiIiQUtdqKREhBqCiI3hwNk/+hgLY30sTZACZPktFBQ0xSkJj6Iz2cVbO47ImqGqonUQgoQSAXs0xfY1F7JsyDC/8K2UIkREKUiKVqEC1INaEi1K0rWFBqxalobEpERJWylLHxfRBCHYo5CeqDrpNQC+qPZM6q0WAY0FkzU03/wAbDbPUyOkrBmrvJ2nxMzebLfnTyfrXT85txpxRLTGrDio3ang7vt6uT8lTLJt3l5LpI7rebq5XaOj6Ng6uZ9A9I48zEvJegYNbe34XY5tt3jBN0PZnunHqt4Vmy6MOblC5WVgumSrNyacvk3R/K5Eudmy7Nc236zaTm2ZL2OvKzXlbzWSrZc0td0TdS2HLzSyXLp5tWW5PIrDdUrZovEDpO0rC4maX7bHRfivq6mUWJfDxsWbjTLoRnKzVsrcZxy7wFXOro3LNclYyr0M1NiVzNNmMV4Ge8evxduMWwb4oZ8XF1/Ao1a83GZuhTc9LxDqDU/VojB8kvFzUb82OWfWVhkSfA/DJcS04fMxnGjDJOae9viexjvzorGXUi/ls3WTc7KqMevfqvpNM49raY4zJYIkcS39AyMBhxijAdGCWyMS+lMq3FjHGDvN6H6NPaLZjT4sPtl9BtuppcSD4sHQV0HT6f2X0pLORyekzZnTzasWaVJosYbJbMssty3PmslV4A2oy528i7xdnaZNS+oOMvez619RYPM+KdPDTZhyuTh82mJpjE60VNfIxzY2HtSvpH5q72bkz2CJ5OUxObypZMjZmrbZjyeFOvN1z7mzC4p1+BnrTVwcPn+W7BWj0RxsyvUcTJTo4curh8PL2Onid+ay7vArZ0nG41dna0xnp35c7XWgzZjw5dmiKblYMSKDtst0hxo2QnalbHQbsG6LWmqmyKWKxVIilnplEWoWIIkRWJaKDtqsIyrXdTZSWiCirM+hYURRIiIUiBWrEsQUgJF/+yy1QgV2ESqUaWvYmzrViwWtVgxSBMZrOaWgy2tEg1qWm49/A95J2TZh3tPCTsmyYtNLtWwTAggdyG3UtEDsBRKAvYWmQWwOqzczLrDg8n1bX5C0S49F1Z+yurP2eQv1j9gX6x+yxW69r18f2L6+P7PGf3U/ZP7X9lGntPdYw+6l43+4n7J/bfsJU9p7qQ+8l4n+4/Yv+4/ZJ7r3kp7zG8J/cfsC/Va+yT3PvMae+x/Z4X+4r7L/ta+yie499jB7/ABvDX6nX2Kv1OvsIXvPfYfsyZvU8c/J4i/UMhF8zJXya+B67N6xP2auBzur8ngurkq/J6L0Xbt7hE9vhraDNmXh12H7NiwaB2TZmxrAZmO2i2XMz18bjn5vNns3k0xXleT9fjp+c9mr6rN+cpN5Xz+/8erj613lFxq2tzLybOv6Ng6ty8bs9T6HXfL1EZdYcTgcXpRNN1+CbdSORJGbK5t8jVnvmubTRyeRLl83lTLLzeZu5fJz1THitac3KK68sN5Q9V08Q0Xlkq6J2U1IzRXRV0uyrmmpBoLIuh5u0rZqTAoqzlNSC1huaL1p0Lkm5M9M1k2/VNmnpbBvANwkbbBuWjoK6VS1pxkvAHWnRiTowT9RLqsYeN/8AvNdzsHNgryk3DNfIrGa8GxF8V1rxdhHSKxx74o8OKvF1LxSx3WttS6MZ7wM14HUipqAXimlasczpam4Z75P6EmRjmVLoxpuexy801OzpXXZqxZtd1iwmJ2PjAbxsW0GeKsQMOKWjpdheHzb9exkyMHS7zYlr6adNIjXWGe6ndozV8WTVJd+AdTIk2JmUgRgaNdTIqQXUollZqr4ivLMle4lBm1oqpaM2edO1lutlLgpdyVeI8N+DUuOTJeIq41abKa9f1Moh3JF1qk0RUtOHLLldWhRVb+TWJ2OpItnMiqaYpjE1M2ZNicwxMuXxZcnhTZm8KY78KduPmsde2TF5tMecs2LzaPw7/wD2cO/rtcPK63GyOBwprtdbjbS7ysvQ8auxoimDj+DZDvz/AIw6HGaPJiwtUOsc7TYoyKKMhpaIQUKEgdkMQ4RFhlSIgtCKRDIUWCy7o2g26LugIsSrSKWmqtSBEFlnUUtCdUi1NqIrZCxSZsmxCxpk0ewdlIqzi9grUMWotWybbIoloq0gjAKElgFaJItS01HuO5ZPVTq0w6HITsmx+D6ZsDYGyKCw3ZWwQnCPZe0s6HGdNugqDdM41rm+q5ex4v1eq37Xs/U8VU81z+DWS2cZecusm4nV/rP1M/rPx9RT9cX/AMqF/wDk7X9UbHpSntp5/uFpT0f9T+qR6VLWp5/pUnSp6iPSZNj0z9WNLyfSoXQp6v8ArP1FHpkmh5L2dD9nT1X9cP8Arv1Wl5P+vpP6+nr44Mj9nK0Y8hHp9G/1X6vWRw5PjiyvieO/rK+rsem8WsTue1kzDgmVpkHxvi0AiTWgAN0mbzCG4C2fM0BuWO76Mjl5pc7Ngrudjkzq5+anl/X468fXKyTUl602XM0HpPndT3r1QjDi2t6z0TBOLVwOFMzfc9RwKl5bddZHfw3rEg5OeZ2Kiuxl5OzNroG8rJmqhM95ZYOstebNfyaM1MGampdSrUVt3i6pjNo1bSReVnzZ9WpNYrReeZL95Ll5s/eyXynTnlnXXzZ9itnM91+fsZh5Jxa6UiIw55ozq/g4KH/I4D1JMXifiAo6JTpUpFayq2aLxlXjYOqimrDU0zaUDapNmHXU1lOnLDGejY5J8k0fqXcripo26ky6WO5cXmf8z0Fy5PJ4tVZ3FWXjy33PYVxsGrRqrdBcYl3rovxLukGe2e52arlInvMWHcPF2LvBW7ZxpnQ7pKTVjDGLW5avLUXTXErGpFxIkLumlhd4+/YHS/BmxV0xKLAfMu6XeUi6lM2h2oq6oy6km8smTVodapXTpPdY5+or5mMyYKnQ+yXj1I/POn7L95NHr1cc9S5L/K+vNJ5sW5ZUAqztfqDoU1oJZeT2ttzUsmadm0xiitB3MzBTaN6lH4cn7MYo82fFN3Vku6UTmr4iTUmaviyZvA4F+FunNys9MuHzOIxeZ7pXn7911PT6l3OO8twsutvQ8PL2S9Mvpl3+NM6NMMXGy9jRFOvFZsdDEfBHHo+POnaVx6+mQOJBhNa0aMNiCo1QwZCCajNqkWpBFJYUhLLTY2GVdlWmyrpYrUCiDygQQUZ1WIiKTK1Iq2o0YhGybNjDbD2l7INKWAYLY3GtRFLWsagBotWgtIGoxatSBVoXC7QIIrWWOKVhWirRW41HsVhEcbRERYkTYKHELZFLWJSkCsZGXc7DRinCLlhzcXZ0rBqzoc6OGL2st2q9QbMZPaz9V9CWnVNVZjRHQkfQmTBaqTVoIxSvWVosWg6S+lIl6moGsr6Ui1UMSulKulIkOIu5kWo9U1WLQjVqsQ/EMLRoAtQrUzW4HxJvKq67yMzP8aZeTnqmG52bbkm5eb9bkdOPrL+cSa0b/wCinzv0+vZz8T8S6/ptVWrDx8W2r0PA4s4o2eO/+q6t2HwByddA5sszGsMPJz1p5CzTpGbLrdMu2zNmy1uDqjCfmy9jmcnKPNlYs1NTjBUvKnVZry6/Jz+TzNXTmY5WureeWTNnn7OVfP2+RGblOkYtxqzZ2e88sl5NvkTdFnWzqJGVivKDf9m1rr4eSfHK/ZxB7UzfbWu57r8fY2OZMvN3lrQvqZPtS8Vr2OH1CTf7GXi4y5P2NjPk+1LFr2XuZocVjp46OZkn5Dj1PJPyWLXsv9Mm9Xlv7X8/Y2PUaPiZ07yONPqBkc9m+juuxFatMZNnGjlbNOHODHQ2Konrp1EpTv8AAioyAvIGmXmVrbPGUXJra2dqzU1bNMSwxTZt2LE24a1F15c7qfsG6qhJq8sdXqzSXn1cfq1Pkl59ravpeTZfKK69Eb/Iq8n7CXTrXeWmbNyWXNyfixZuSZGL1jbfJpmrmUxXnpW1V8aXjaxej75lfZnrk0v2tUnssjp4syk3yK+wfcV9hXwq37k9pq34pIqrvuo2KDGA3pMdAUZO90ONWzn9I6KqbY8U6uGZM1mmGM/YL3Wo1H8nBNOZmxa21+5BtORqROdcsVupmxMGaO9uTF/+M5kA1WaJMP21TNrXiTsZh8xJi+F3AGu/Aq3TGPrJ+cWl7fFY8gFLrj3PZvF83e43xcPieb0HD8Jejm7jLr8fwltie1m409jdhl6OJ6ZrRxp7GmCY7TIdvrk04Rgwo0wMZZi/pEioW0cRSLTKiLGBJfxCiJKVa0aOAXrVHYMVZLdrjendm1PJ+n6zmu3H43qPPa5Pqru+r0t4sMsPJ6OlOf8A/pav/HrjbCigVruH+HXn9ZYxfxsN2Kuk2S3WVzvIURHTWUWpBRqWiJDKUEVgQGgRJBRESEFEJRSgiEWxeyWtqw4myItnGnthBW6NRaaojOoK1qOpEUJagosCtZEtQXOxqVFLEycCgg7T9ToxA6r2XvK0g1WJCghFqBIYgrSWUYpKVAi+aIoiIiJAh2TOIgUBxaWou01KAnMMjN5sWNE5SvhTRbPby/t8a/P/ANM/5VCZK1Lw5e983r7j38+o6PD7XXw5a08nFw06uGp0eWushl7UTm8DryzLFmzyJMX1mvF5Md1qbmzsV1texDLzM+tuZyeZW7XzK73H5td7dc1czmb/ACc7Nn2DmryJdeeXO3TNzCDtnTf9FOjBsL2qsOUzrs26C/az9UjhydFbHYVKSY4cr6EteoLUuLGb2sjj0+aM/wAG3y5xR5KWz4sJ/rP1T+slnzer/ifGmX+6/P2dPGrGy/T9WbNxtWXN6xk+zNfqeSmpzf8AE0Xxyu6Sb5uT5SP3U15Hwv8ABo+rX2HGet2W8s/ZWwvOLz118PJao5LgxWjXhysWYddyM/7G9dx45Wo/eM2aZ1jsdcu87ne5qjoqqHi15GbVSLiuwq6Zzxa8miK7zbyud19fqXfKbtxnXS6smbOVhzz9jfdzMeQnF/gvZnJykddl5PLmmW+V9KdPGjW7NztWe+fTk5stXfkZG2ne3OMHm03yKr5Cjavky9WYB7qm7L/Gd12cMY/k2Yawy8x7rL91e6y//wAxeEnxPXxn44b5nH8e15D3WX7A6t/b8mc4PJ6fNysJPVx14vPRkr7NEZcg65MrsTq14cU5XN49djfw8+rzdzOi1+zBfFdDDkmoDm1GJxs1VPaRdU0cme8iz0i9qg2MpN/7qWo7NlY81d46qYZLrTudOZoX+FA6v2B1e/ZvxY6+nG/hk9x+hnVn7SZzl1fG3aQZ/Bl3n7yJr1/WQ/mgl4u381sLaRmenPqbWriu5xMmsS4fFdbjeDvPuB3ONyfi6nGpwOPNOpxtph6OPjn26sUfDDh82uPN2jm2QH5FwJ1wYIcUUJYTYpexcImTdl7kJssDQQHdewSbL2CiIBwh3CnbNLn+vWR04m3Hd9J4U9Gao/m55xdrTP8ApcZ5r1bPVXT4/wC/6bcfU/HiSayc/n6/JweT6hXd3Gc+qpxeZVS8c6v8duuYd+PU+91uHyevHk8fnrV0vReTrer6H4W5NeT9Jler/IS5rYx9Pmenh7+qUiOjhQIsQCQtSwktQoXaQFootIFBISLBYw2mig2q1tysyBFCLGuiwrUIbHt9p+ytnkP7Wvsr+4r7MWtPXdeQe4l5T+2r7Bv1avsPJY9Z7qQ+5l5T+2/ZP7P9l5LHqfdSL3jyX9mD+z/Y2p673ki95Lxv9n+yv7P8/Ybqex95KvePIf2f7K/tv2WrHr/eT9Ve6l4/+zpf9nX2GjHr/eY09zjeP/s6V/bUtWPX3zJB7yXkv7P9g/2P7LVj2HvJT3zyP9j+y/7H9k09hh5U00bbPL8Dl7X5PR4a2hq+1DxFmD4rFouFNsaihBBlQKKTQrCGw2gNCO5NkdMDdL1BYMqmbM0s+au8WNls+ZotlzU8n6/WuJ7Yr23DCfmu8eF8n9ble/n40Ydm+MusMkSPSnGTXRWbmUyXyKoWaWbbUJWbKyZuTUjzZZc7NTcmMWk8nk1u5+athcmu9num+fblSMpRtg1dIMUhnSlfSOLUihCjF+otWbEuKbuNU0xdKlxVS1rcjpXlmYc/k5xf6leI44Oau7Uhj69MnJy5KdK/Ts092v8A+6zXi+Ny1yzY4mfzKbc3H72e8Xf2u0rMKSO0y8Vf/IDUs/h+jvLtBHcYpTJ8ZwH+TIupUtGc4fF7ndyuHxarudnh8ScjGz/Tjjbar2r7OjzPTKn4uXe0X/8A4syLHQw02Rln7OH1dfsL3dLDlrudefsReeXI9xVWK6/YWLHRvPP2Zc2dm2/af/yJzV8Wvow33QL5FV4kLiNr1byT4sXtVfI7i4qv8uhwPTNu63R9tOK/EW6XI9vrHizcm+zV6Lk8Xq4e153mYKxXSk96mZVrRoWbMLCcrQ6x4UATlRPetV4TDO96uxh4esE8LF3y7HT2jWXPq61Iwa69qOnHp9ZPjR0elOFuumMOHPkmDIz0Zm41YiekNPiXmrYnVp6S+gKzYxV4kXX0bM01Ln/OmuYzhdkZsv8AJmbwZLd+IzvrVBRHVzRERJDerWmpSJC/kWHzLNw+f5Q6+N/C83f42PZ5/i/8j03Drsl15n9cm/jYG6JJw12t0PRzGFRLVPmRHme3PUYOgReE10lCIpGtA0CIjEQK7QUiBEmtbgkgKKDTG/0mf9bZzXc9Kxaxs8n/ACLj0/hPbpc3P2avKcyu93eZlcDk91vifrdr6vHxzOTOzjc6XfuXE9SnycubrV+ODyF+m5f9WQ8ntI9N/wC8l9D8Lteb9Pj3vHrsk6GfH/wydD63N2a+X39GAa2tcrFQi0ESLhS4X0JYRWpJSIErUGWrZNSDui9i7EZCiKW1KZEUtQaiJCJBgtef2/aldT9lEvNK20bftSbftRG1B2JaOp+y+rP2Zdk2Uoa+pItv2Ytl7K1NPVXszbK2/Y2pp2TZl6qdUFo2/ZNv2ZdhbK0NW9Jsx7UrqJNe37B3r7SzdROok1RX7L2pnjY7DNIu56b5y9hw/wDhl5H0qfF67h/8JlwxpWFbSwcUrYK1owWwVAO6zIYFCrH0iulJAV9Ql6qWrGUKs0FhrksjMeRyfBm11kZrojMeDV5v1uTHTj6wZMdDxYqa/wA6inV8z9vevZz8M40jtcFcmtYeaukZuS5eamnk52G+48i+ic1OfyadDLPY4/MaYtYs1d5N0K67yLduXOi6odi785G0D4ofXZRLU3xk27R6/szYnR4ePbVzMHhwbH+zmnW43GnSWn2smenX653A4eObnaXpONw8dR4ywRg1bcNVMAyC5PBx18XmvVPSNe6ZeqjOZeDHnjua+LHyzl8WsdVOrm3j0fVeT6Lhy/FxuZ/0zNeMt89sXnXgNSM07f8Ayet5noFYvi5XJ9KyTfi1O8+seM/jg9KlTLsf12RXsMzpOtTm9LX5yfxcHX1nVr9lka/TcdYr7pHXeHG7h+na4WrjYpxWZFdmob2+rkr6bOTimuNVPH+pYpnNWrv8nlVMavO8zLtmMV9kdKl3x8n1dPh4upq7WH0/aNqalZjx18ep+0s1zT0vqvGnHDiW15Ksn5mpa8HHnLr2jw4trb4xTEHdLJ7Kfqdh4+OLPumS8vebRI9Hxpx48JGbutm42Sq1nZ2MPG6sSzpZIrs1cf1LHvXi9R/XM9+mOe3+F42+P+pfQ/8Ak9p/T7fEX9HP1a81leI6H5H7Oq/9f/3XuY/6emr7ZdTjf9PTp4rzrU4tfNY9OyV/6/8A7rpcP0e6+L6JHoGP6tmH0fHi+LN/S1eGPF8D0Gq12l3+H6FM+T0UcWZjXUfSmWb0ccj+sx4o8XP5M632u/zK1hxLnqW5tY514Kz/ABK/rv1d7jYP1NvFP1SeavgzLPeLX4u/yZlyeQ35MWOJzJcfNPydnnOTm8Dz69/6xWLN4slt1sdf7PRwxZ9hSIjo5oiIkiIiSL/CkMuJv9P/AN5ei4ddjz3C8HoOH4OnF9OfTr8avFvinN43xdSHfn45U6KPgmJaI8HWMLN2KG1LkwC2TYKlqHsIg2KaQ02CJasUik2ZrK1l7L2VahsOzxsuuFw8NdzVys/Sh4f+Tcez/jB5vK72Dq7WRmzzQMNd7436Tbr6PLVbh+p/J3Pg4vqXyZnJeZ53+zJ6fWvJlp5/yY+N/wBzL6H/ABvVx5f1+Pf8Wv8ARk9l4X/bS0Prcx83r60whOybNOZyyNk2MhkP7VE7J1TPQvOnpdFdUN0sUg9g7B2QNSJdB2XYFiEgRLFiLAImVEQsrRCgGwoMY1wfbV9V+zyPW+x/VfsP1cHZ5H2dJ7OnrvY/j6q9jP1Cx5P2Nfsn9dT1/s5+qexa0PJ+xpXsXrfY/qr2c/VnP8Lynsa/Zfsf1p672M/Vfsf1N9h5L2f6p7H9Xr/Yz9U9iMLyXsU9i9b7Gfqv2c/Up5L2P6p/Xfq9Z7Gfqns5SeW/rv1X/X19XqfYyL2aFmvMR6dP1acPpzvezMjBP1Rc/h8PpOzh7YkmMWp0JStKgwjWNaNFB2AtGoGyt6WYxVopGrGRBWoRq1ECmxAy7TYDFdOYhGZpIzLGydSKaS7lw/SbGp9BGLYycFHcaT8kvlftc9Pbx8YrrWHO5vK7NWvk05fJnZ5c11jPdbIvVS4HRXJ8HG59S2c/P8XF5lVX5dZXOst+YL+QwusZsZ4mtzViNusxFStGU2Ym/j5dXMij4pWmPVcPmTo6GHPLyXGy6utxs7Ousjt7bD2YsOU+KFpsOhpitfkwbJ7nVS606sVW5+uzlRzNe46PUZKas2Ca8pc7k8HHXxavfY6gu+ZhQxz79Mx/WS79Mx/VsvmYyL50y15DGS/Sp+qR6ZM/E++dPxZ75y8hYbfFwzHcx8nLjntlzefzslfLVyr5lfZqdMU/1LLM7OHd7WbyctVbO1GHb9Len43/AAvKcCuyXbw8zXD5LMTF6087fnTp+q59rpyvmoYfxe23Rjuhy8HnLfGTWDFfQM3a5900cnLsyX5tWCVrw8rV3OH6n2eTzTThrsYpetw+pmx6jNvLYa/Zvw5exnWo9Fh5mPd0ONnx15PKxTfhrs8lWo9bxsuGr+LoRkxy8hw6r7OnGWvszrc16Hr49Crzy5MV+w4r9h5GRvvPOjHeeqsXaHaWL3rUgLmqTDw/kb7jHIPf4xfY0zTVmzJfMmvky5uTj+xg1i5+XXuef5nJ73X9Sy49NnnOZl2t05c6zZstMWaj7rZnzNxyZ8/gx23MnJnu2duL/GLSERHVhEREkRESQUhNweaFuNvC+L0HD8HB4vm9DxvB15+Odrdx3Uw12Odhl0sM9j0c/HHo+WhmMh0xmU5A7L7iytFLJ1BbAUSbsmxSJD2TYr/IP8iI9NiP8psOjGri+QPUsvYDDl1YfUs/e+d/ya9v/HI2O43mw462beL5Pm/3HujrR4PP+sOxly6w4HqWXbYfzS89za/xTHxsv/6zLVznN4X/AHMvb/x/fp5/0m19C4Vf/q0tsUwcL/tpbYfW5+Pm9z2NSI1GMWikKEikSWpFBCUpFqWigo+QkCirOg2TYoTTEq0UiWilNgSqCub/ANY9h2i1/Vo1lNXG+3dn1/VP/Fo1VqCVrX1TX9T1Fmg0/UOlfU03U0smtJrTZ0itWURrSa0YM4ZWZDblWoavstWp3SoHSoyM4oBmtFqNUSCjuM1XxnCjIlECREQjUAIJg3RInksioiKQWiA2FuGTQrUgvt05iIgAZMWXmHfaVdbKtQNg/NLsnZ5/0vpuNnHrVeemaaF+afL/AGm69vHxl5LNrs2WzXWrzR0xlzdrBycs9w+fWTdx82WtzuClcmtrYMrXm2Y7dHOlX8SbadQ6tyYxWXWvsPY+MX6qvE0C1iifsPVm+jqo7mjCrDi8WyJZMVhbuNl1Z4lf+Q6Ovizz9mqMk/Z57q1Ib5ORZrUr0fXn7L6s08x7nJ9hx6jk+y1a9RGqPN/2eZP7DN9msHk9Fev2JuZ+zg/2eT7K/sci8T5O32/Yi6n7OXfOpkzcnJXaLyPJ1r5MywcnnfVjuq+VEXTeaPJebPVWy5qqe4ObL3k3l2+Tp7c/qIDb4iOMW+2nDn6TVHM2+Tl7yLZE/lVVWQC7qb/UPVlqxW404b72i6nRh6s/ZOrP2EWju+9QO3fYe0n6Ig4rQCMGVqjL+xuHLUsB8ZWfE66OHPTo4eVWjj4and1MVTUM3luV0eNyqbveU5+KZmD41+zNmHWr3lK9/kZ+1P8ATli8tSnf2eQv32ag9XGHr4VZpN6+SvkHu+1F+6w/Ffuceis1Luq08mS8tfZeblSw3n71zyLVcnLX2c/NR/Jysfk6SYxapmu/i1Ml+bpyxS/wTyf+M8vJ4OnNyuff1hQVeQXZhEREkRESQ3j/APIUbg80LcdbhT3vQcOex53hU7/Drsdebsca6/GluiWHjU6EPRHPqodADYdZ7YiK2pammavZACDKBXIlW5NmqCK9ZLujhxa9S0/yMMg9VXIdk22Z6vtqL/M6uPz8vc62WtcLz2atrfL/AORfb3fgZhp0eHXc5mKXT40vHXsh/JrscHn13u7yfBxOeLyXA5rn8H/ufw6HNc/g/wDc/h7Px+vP+nx7/g/9tLbDD6f/ANtLdD6nHx83u+xhRG5GEEiHUiBUtWrRS1WdEEQQLVWiWG2rRyvaVbFCA0NqFYTK0vYQEZ+r4uwiRrWpHu0N7fqna4uha9Ro1FQ6i6QhLWaVqYilhiK1WE0fVXIB2oSOk6LQWq9UgotSGoWu5pXcMMg4lLWBM6pakUgtWpY1UBWpikQaoNDqwCKXsZWLC7Ab5BuRragiQN+QVLQDSs1AMuSXO0y6qyPyZdAcf1vp24m3A/kWyfku9nyv0+vfz8wGaiLpd1Mk3ypl557bxn5k7Q42aXU5mfaHLzU3ms2E6Sy5vrq02zZpp1k1ysZtVwZ0jIxV9Tus0BkY9hxgbuNin8LVOXP6H6l+1drpyHp/qj4ufh4tNMYKlojFX1NuewHMZ4lLkZN0NaKzSRdSPNTDdd9Nci3DbyyVdE2rWvs256ft+xkUya19kia+yDbtjFtjY9aVrSUtabyTJGbORc0Rcd/kuZh20y+RXwIvkV9llX/xuk9mxWSt4KTSvqKJrd0+H1zFR5nqEx9Z8tCtYlIyz5q7aZx5vMDpGkX4qXEbFCiqoceZkRoNi1TqxSIjDnKq61gPVn7iudi7xdnY1y1hscjXxpqjn5Jc2JqbOqtTYLcuOrHqeTTU6PUacXYcVo52a3rtRzshnuclfJyoaIpg629fIOOpTNFNWGhbh1fSyG9LIOMjTGSWcWsXtaJvjVLqdSSrrb4nTa4ebFRXQp3Lx7FXjmTPbNrkXi1hiz+bt3MufmxS3PTLEWZc6AtoVhv/AHAfmjUh3jnfqIiEIiIkIWKtbLEZNob+L5vQcOuyXm+HX+Zdzh12Okc7Md7jU6eHL2OHx6dDDTvy5dR0ooezHFGRTvyxI1bKLih7JmxE2LulISG7JFFCDeLsAlGVLUivyefdSf8AukLM407W5fpfrUnvE5OL/wDVnnPzPfT2PMxa8bV528Wr4/8AyPdfS/GZCMM97r8aexzYnvdXjeDzu7NzPByOe7fMlxefPYZ2a8/y51hzOF/3Tp85z8P/AHU//Z6Py9OH6Pd+nf8AbS2w53C/7aW19fn3Hze77NEDZbr9YEloiVCXZzPYZFFC6hEGAS6ZsmwYWcS9ihKOM2qCKwQVYtLRLS1ULtS2b91pEQSbke9REYKoMLgcNYpRLUgxIpESQIkK0IRKSAZvJYtSdQFjAzfZiIARx0QKIsYqkWoyMItWyRSsMWiCWLQqWJYNZ7QVls2NSD2TZQTENQktklqWFmwpbPZt0RbnW8KV/wD6XY+PO1y8f79yR3/Kez+Ni2bP67Zo42KZbI7XzO7r3Y4HJ9Gcvk+k6vU8zLUuFzOZk7u1g487zOLq5maam3V5+eqpyOTlb8sZpNguV7bDb1il6teGZpWHBs24cGvxG6ziRgkyOMfhlojVNYzRgO6EjTYEHSknLrOxl59Yc3mcrvIoc2XHLHmyyrNWzPbWYEvJLFeUy5ZrdGKnUTryRc0S1Iy3xnkfXlzV7UcON/uZDeeWHYF3TU4k+CtnuCryzRG64S0zuX7equWjDEy3Yen8jpc/2uSheyp3InHofh4s0xqsee9n+CM3H1esvhy5fM42qnTLhahbOTiqe1l1oytRlzTW4dWsOrfkzrN0qaIjQaK9W/TFC1pGzh8eqZPwOHi7NccOZ+Ldx8EzA80q+mXNvBjki8E6Nt+ZV6ufl4ly8+LUm/Bt5LHm8HWVn57I2P6vYzLjzdMbvutcZf2N9xTLHmc51WH+6o6OUwLDP11Y5NHRzKcqMvYbtszjWuvHKk+OS4+JsxuU+4tdGM8grLLPAmpPegvMwZu62+5JvE0nPyz8WS5dS8RF4lxfWJzc09lMbrXiZM2B346kntzvLEgvzP5kLoyiIiSL/CkMuJpw07XDyuDh8/y6HFtqXfTn19ej4zp4XG4eV1eNT0c9OdbDCYo13n+uZ0HbSywY1WcEiICi1IsS0UikS0Uiwyqpp4HmzX4NPAp5v16114+nc/L2auR+T/UM/wDrMv5yvlftbd19D856T5OhhYYbsLyuwOS4nqTu8lxfUmoK85zvk5uD/updLmeFObg/7l7PxmXHH9P69v6f/wAMtzD6f/28tb63HuPmdfRbD2KSHSRi07ZexaQRpl0RYrCsxndSDC1xRWtEAsOytktRSIhaEQUNoEirUy1EUtA6RBAWJWo9+hewxixINLhZvsCRFhKRAoIMCNJFbL1VqyRhVsmytakAoVhVb5ikWp0kFoUEixi0KCRrGdBqKJUgtCCRFIdCiKZMBYV2VdasWtyaIROxuw2HFosA0yKLswu1aKWRlNsn8uHbcD+XQ4OLZixebscGXzf26yV7Py+tWGdWvUfF4+zoeyfNvT1vPcyXnefPk97m4UuD6hw8fd2ty6Hz/n+Tj8l7Pn8Oe55XmYNbo0fWA/DsrptWHA1LrNa+NMt0asmGWzCbcZkM1Ddar21Zc2dS61g7yhvIwZuVqxZuZs1gbuTnc+8uxF5dgqI/YHUkGwLaZXdSx5mnWi7xmXGbNZdQXi2abktqUWE9D9k6Ry2/O/1eLN0qV06bNaHob1J9Ga5uv6mxjqm6ME00xxh5afGudGKpNia//wCXSjjC9t+rPXZnFYYy1Pydj0vLs5ubi02+jzqtOO1c9jl8ydnQzZdY8mLyZVjjczF2sFy7+bFsxZuNs1mDHF1U35uNqT0/w15HJWUWlNUYv1M6FUvNnxYNK+rqcCunHckcZfTqRacroxn7AXlKjthlzZe9aJBXRN0LyHGL9TKswi8GxF4HR6XYTcryWOXeIPSlqzT8lRPf3t3oeJEceh9KmsRt1mRg6Vfsjfr+rPmxK06SLu+CRiqj4wUxfR0WGmqK1gnoUZrrDE9g78ZJHGeXNy5akHX/ACeJ/wBU6/V2W4/uqT3VN4nStnuWb3X5X1xiMudSc2v/AJC6+xWWm5feCzWPkx/ntZdfy6LLmnvdOemM94QE4NT/AA1pvOFoLX8prX1LCN/GZMM97dxZ+TXNk9sd/wCOxxPi7GFx+J5utxnp5uRy6mtmHzaIZ4aIdufjlaOBAXBEgxKhdNEKCCkJWyl6hB2Xsq5AzSZ5HYv9IiDHj/eu/wCP1g5mXbKXAOT5jwvmdV9Hn404Zb8JET2NUS4262XyfBwvUnbz+DiepN/n7mivP8v/AIbcrB/3suty/CnLwf8AdS9X43a4/p/XtuD/AMUtezJxf+KT9n1eJsfM6+mIpbqzRQsMLs4yit1KM9qzBWqFwsBEUJWxeKKXsvYasCCBhZWJa4WFbrUiIirMu0rQIoKe7FqE1iNqWJDosREQMoGxAslNhbEjg1YvZYQ7prBBUoStYP4AWC6M93DBBD5CdIOhIiDGMQIkIsCJEFZRAoZUJAiZpZ8zLmpqtz+TXex03IvaTopz9mvDTn9LXFLDC7LcVZa7LFOguil5guPcbhnH83e4E+Li8but6f03F4vlf8j29n5z06vCwN2tSvhT2NfSeDp3cnNNOD6hNaU9hfHcb1DieQ5L536lVTs87mnfZ7f1bhz3PPcnBMxXa632y4ET3tWGRdLvPwyPqtHGIcGRIczdusMvJrVz82U/l5HK5NU3zzg0vk5WHq9481eTJdO0mMa0xlPjuYYdHh4tlbhlOw4tjfbteHAd02cUrB7aVe1l0uml4zici8E/VmvBP1dzpgvjSMTgXg/Uc4tXVvik3gOnGDVGnpq6Uo4TDXiVGLUUSL7OGwbDO04e5kl3LPvWK3T1cznzR3EK8+3yFGRz/m1calxU2x3AvEfhO1NmDHIy42boS6+bExatLCowSZ0h6mQhgddSrlquWa1Lpxn5Pawf5bOZXYwRfecWNGGaq3QjEnpvDqu63SzYNYUZxzbnsYczo5WS52sU4xK1aukVeL6rRhQ4VrQo80JDdaF0zcMndNpmxljjnRjP6SXKtwYzXJWbwOysub5My4GTN4M52Ul05SkVtImh4nYZmnQjBjqHKitbbIzhqtF4MbNmxSb1dkvuhgMN4qktqvtZm5dWaoOg0OjxAg1Fiyz6Tp2N/FljbuM7T3HGzHV40uhHawcZ0Hp5/jLRhpqimKD4p2lcWiB6lRR3k3/+IULsMSK2tCBEhQUEEalX2h2S6VbNpi9lcnJrhD+C+Z/wvF/yXp/D37YKvvbeNLE6PBfL693X0Z6mN0T2HeMggd+DmWXkU43Pdbk+Dk83xPP85Tg87wpy+F/z/wD3dPnuZ6f/AN1/93s/KY4fpfr22D/ik4rj/wDDJj6nF2SPm9fTkVC3ezGFwsIksCuFIyBKtQhqiIFCRIFAhIFEhBEEFLCYGwlJCkaT3p8EHwy0FQy4KtNUEaZQuxgs41AwMMSi+oCIibikRE0sjKcTbUmUYKBKhbrrOCQImbCiIh1jqIFEZZxEEiAAXQ7Kc70cC53J83Qc/k+bLbPZ3GrvKO43mzKm6BbM+bLrDmZud+zNrbqXlIvK5N84m+cynUuiuo5Wbk/sqMlM9/HXj69N6dWz1fpVdjyPo9eL1/pvg+T/AMmvd+fx6PgV2Orhly/T57HWwvn/AN10pd6y4fqdd7t5nD9Q49UpcP14/wBTp5zmeFPV+p8LJ3PM8zi5JinWByI8zYkOtdxsFmnRIM09hsBshx+ZPe5XJ7Xc5kuFz/Nvm+Ws9Ry+TTLc98n5vNT0T05YkOpwPi5Z+HLrcovU8fwaYlzfTctVq6cMNxNQXLQVY1vCdS7Nsu5pnyVKtizeTXeKmO5rdoAsM+YrXDM5xabqG5HCXJLM3cZmiWzCzPTf1pidiuTxtoaON3Nl4tj5M48blnWz+NLT6ri1zB407Hm4q04e0zYPQofSqW9Ac3gxfZtzeDn7MVQZkF7CaxGWyZTyLMmBk5M7M+HFterVyZ1ho9K43VzbEOz6bg/0U5nbDZhnpw53MryYac6+4rU4WrWnGfpq6UtWodVosJ6UlXin6tCh5M4qJPiQxLREr6gFZ57GrWS80rBa5fJZcvg38nEx3Jxiufn8yb7vFpzT8maPOneXWPlDE1uYtDa1bL8Q3CXE7tMTLHQWn+RaypzJOUrWmoOrUohMSPpSIWrWoPTkPSk1f4Zl9jGOpqWri+AtTMOJ6Ofjj02cam/DTm60PapetydWKMinK6tGRkpqVmx14yHbfVyoyU14crprFjbvRsd0MnUn7NeGtob1SaJNkrWWbNyZlaD9k2lz75IPdfsvKJtsLBfJV7lXuQya6P4L5vgXhy7Jya7Hg/5HT1/h8Zfz4OjwvBzpdHh0+b+l/j38+46cLJijtmAz8mexxuf4O1yfBw+eYnA57n8L/mn/APa6PPYMHbml6/zu1x/R7Dj/APDJ0Ofgz/6MtPXmX0/zvx83v62Jsx+5lPcy66w2bJsw+8xp7zGbU3bIxRyZOjJNJH7LK2kq88yKj7oPVYr5Mh9zKxOjFL2c73Ke52+QLo7D2c6M/wCx8ZDqatlbMmbL2eTHXJpYHV2VdOTfMB7nb5CROtdB2cv3S/dNc32n1m5XC1B0kS9gnAtZDYkIVsrY4MN2DsFTOtSC2ESmy1WDQvqK6phhoA7JsSaXqrYN0osMQrZezW6Mw/tQjYQ8qb7MQrZNje6waFXV/Yq8sszpkxZPVn7J1ROhgrpStpDtIanOLc3meTddS5/Mqd1WpCjcNd5O0hw13uenMaeZXY8zycvfXc7/ADK/0XmeR50xaJMDeeS+vJV9wOh+QWjrmRy2eMFGcfjVVsd/66/l9et9Cz7avb+k08V6FxddXvPScXi+Z+12vb+b0HA8HUwsnCxdjd4PBZ711oNGXlTLVmy6uNzebqA5nqkz3PLeo66U6nqfP8nmuZnqopqX3prl5u2wbJmryIjbds40xSXyAwG5LLFzKqnH5s1Tu3i+zHzMUunPTHUeYvFW4HQ5k62zau3k54zh21uWm5Z7lpY7fp2Xxeg4zxfG5VYvF6T0rnTliZ27ma1HZL1XFdi3OxqUrpg1o8u6GHSM0sNy2ZqI1akxMl4q+qRgr6t0SdEyNTFE0rRtuZIuVbiJ1FhHqKJFuOkjRxPOXSvXRz8MtWzIcP1jzZuNl1dP1LBs5ebi1MU1/VXb42XHl1OvE8nHJrBbvcD1GcsTNNShXJnVzLeizTOWHPycHvany1ObE1RsYK3dHDw9TrmZE9MufGLUnNMmc/lTj8XLvLky32j6cXmqXb9Exf6Xi4/D4eSr7np+NM4sLpArk5dYcXNW2zVzKqrqWLpUzejEg6JVhlsjExuts2obxbNeqtZEuisN4FdCvq6NyBW4MJw4jNV+K9jP+zFJsm6Mumaz0KVmYs097XlZsrfLFYOTOrKfyq+JHzd5HP6hkTsGI2a8OLYacwqJ1Ng7ofqvoOVJC4N6Abk/FpNrXYYSqROx2qo8zCsVrKtRCiVLosKlt42MmpacNaw9H5XY4dRpjAP20kxyR+8eqTHM720i9tJPvA+8OBq6czBd1r4k+5LvPs3Eb1K3Ojl1LnXkBdfs0w6mbnVXyZLz1TFtXxDtSanpr2r7JtREULqBmw7aqS9vsR1FdUVqXXW4dD5FMfDyVouq2t4f3ue3p/H5gt2/h05kNvGfPr2u1HgbBGGuw+KCI5ng4XMp2uY4nN825BXH5fycz8Xq6PM8Kcy3o5mVx6+OhxeV2NXunGk6MtPp8/x83r7XR6lJvTNF7DjZ1Zw66pW1L2FsjZq4qpPjlUx3WoerqRjf7mvsy3n2+TN7gvqfqoWnq0nVpl6oovdWJqjKOKZT4qVYWiMh0Z9XPuvqrq0E6GbPsx3lK6tKutjgvsd1t8itqRDbhFtSb0DdNpED69779ge+/Z57ai96+zHm6SPUx6iq/UZr5PL9Wk6lfZXut49R7/H9k9/jeY2pfVpTuJ6b3+NPf43merkTq5F5RPTe/wAar5mN5nq5PsLq5PsvLfgj0PvMZXvpcPbID/UE6kLv++kXvpef2oW+RecTt+8lPfT9nE/1E1yG/pv1Y7fvpV778fZxdaDrX7Dzox3feT9kjlTThXI8O2681r0sZV5ss6OZhzzMEczk1XiNVN5PO1+TN/Y19mG+4eHjbKdBs99Se8r7Kjhr9mtQ/eUL3lF+2F0FqsX7mmTNl2+TV7Wme+Mtp1l6tfYWHLW5ntkjF0u5nVWjk1/ovPcnyp0uZyezVybybKAfGx7W60cWaie1zOH5u/h8Amf2cjw8bVrHhnZj9LkdPz+t/pfbcvZemfB5r0rBs9p6Zx/HtfI/f1Xv/N2ON4NF2mHj9h/QeXp1tcvk7ONzcVU9NmxS53N4/Yyy8T6hwqqKcPk8Opintebi7HC5OLsPkXj82Cu4mcWtu5ycXk5madba5h0CIFtkOadmLNj2b0uZ0dJdZrz/ADOH2bOXeKpem5M+TkZsXe1Bjm60vobfFo11s2JanoOXm4uvivh8quNc9zpXOzkcnFU26/Vj2fpvMnLh7m14f07nVgvurter4HOx5IYsy4m0u5HtNJszOVazXI4xnbCgeLUoIxyC5atQ9JgsmpVy3dJXSFuJi1Hq0dJWpk1rVQYmqDDKXmmaZbxbN1yVqeU87zOHTPxupNvR5sW0U5l4Jm2urox0+Hl2hrcWMtSbHMOh14c/1LPrFF+87GT/AFOVmVqcq5yZ8zscDh6x3NOHh6/FvjHOmp1EYcUycdGJd4uwb5Jxc094WjmT3kRPekvDPe26kxPe0sUlah1NRYLCy7adSsyVZsxewrIum45pZSXQL8HSRis+bLqwcjP/AAbzKc662trnnLrNTzXE0LF5tMTs1aA4cWzXGLVMOJpiXOlUSO5HEiCxkuSabLki4FWMdzW/iPpH3I8OJuNYzRio/pdjXGKTOhI1muZUriXQvFJFyefUwED/AB4K1HH1ej8vrl0X06ocY6aMMm9J7Zy8/VY+nSdCnRjEb05dPCMeTkdKl9OnU6Ep0JOYZXJ6dC6FOp0JXeCZMinpyOgroV8XV6U/VfS/U4dcnoZPkrp063S/VLxyvFjXH/OKk6VOt0p+qunP1Y659N8X1hPHmphXybYnsZ80975/6329n5+5oYlu4csuF0eNLx7r0tkj2D+P/VLcr/6rRHJrspxua6/J8KcblNcXOhXJ5Lma7unyXNx/8kvRy49/DseCmmeK28LFNRtTbGKX1eP9fN6+1yo4tD9tTrRMr1l1kZ1yOhkToU7Gv6p0tvisacboUr2uzs9D9U6H6rFjje1TofZ2eh+qdD9VixyY4v6i9s60YF9OQL6cj2wb4zs9IN4DJVrj9Cg+3p1ugnTMi1y+gH29Ot05ToSYNcn2tK/GCnV6Ep0JF+LXKvBQehXydW8QLxqLXo4rY+MGxuHjOnxsEvM7Ob7EX9e70TI9JSee/r6JzcPV6jpfhk5PFkaXmOmZ03TvhzuV0BqYunIv8GZsWpNjm6YrqyVeeQ2zZppoY1e5xj9zjc7oUrp0Z7Dpe5lfvJc7p5PqHp5DhldP3kg95LB0r+oelk+pkob75MlXzCOlQawUymj3lAvmf+TN7age2yGTU0+5PjnasHtsgvbZFlTrx6gP+zlxehkD0Mh8Knb/ALNP7NxuhkToV9kna/s5VfqE043Tpp42CqZNjo9dk5eephrjh1oyczjZEHJvJVeRbRm42SWbWpvulZqbOI7vGudHBjtboqtEnW2k/h+bjRkr7NHEy1u4/rdjr+U9vdeiVL2Xp+WdJ0fOfRMtPa+mVXa+Z+317/zerjL2K3pkiuw+Nnks10S7ZOV3NVsmZkRw+bPk8/yfCno+a4nJnsoF5vk15OVyfN2OZPk4/Jl1ghKA2DsSaKwjLLNeLZz+Ti1drRl5mJuXQ87c964b83FB0tW57DHrTNycWzrdKSeTgb1PM5prFZ3A5lYL7W3k4NtnJzYqxW7T2y9XwPUer8nQ6+zw/Gz1ivtdvh86aidq7mbzqehijopzcOea8aaYyOdmGVuitT4rZz+oOMurGYa3h1VhrZo1Zaxl1XqdchTUhOotRKQBcg11OLtJkvzZc2J0LlnuTpcbNtNkXTsZsE0x3xf1ViZI2q3f9K4v2li43D7/ABdzh/6SnpZp3QV0tWjaQXSt0EapcnxqC5HleficjmT3kRLp5sRPTCIiWi57F9LUu6MuJNV7TLPeRW1NeTOn3kZc1C2JsYzaz5NiGiic2su35c/9WKRdMvJz6q5mfX5OLyuVVW6c/nf4xp+bLtZcTuCJqm3DiaZTDLZGLZmnZ0ePPY461PdHhmTNRxJuvYrdaxmUZfbBF0wcV8wWg4HPJxWrRhxCidj4xncStZH8U1WdZwi5KuT7Jt05ZpFyuJM8hxOz0/jPbj3cTEekYjOk9/P+vN0qDYTVWrruuSxajiTdVamfVX+GjUFyzKNKiV6jiRNadKuVamWEapSLXjlVDjzY79R04/8AQ/GGDJW1Opmnscu3y/36nyPb+X8Fj8HS4fhLmRLp8bth5I9baH8pFJZ/mLGbP/s4/MdXkOTzGeP/ACxa5fKc2PNu5nhTDj85ev8AKb/1ce7k16HhT/oy2RLPwp/0Wp9Pienz+vo4kX/iqBOrnKtFIbFqIiJREChw6IKIsWihPJFwErVWo9kUqKuQ3JyrFRCWr7CG57Zt0IPIwsxp6WOZjkf9jMvJ+8pL5NfZ5nd63+1/ZP7eXj+vX2V16+yntPY/3E/Zf9rLxnX/ACLr0zhew/tZS/Ucbx/Xr7J7nIsT0+bmTRF8mXn/AHOROvX2U9L67vXlqwzjyvMRnyO36XkqmpFXXjBK440/Vpiew2J1bzVKx+zn6r9jLYtrGWH2c/VPZy2hRYvZyns5bFnxtFuMXtsae2xtWqa0vGjyZfbY09tj+rTrS9aFh1l9tjV7PH9W3VNVg1g9tj+qe2n6t3SDcoz2xe2x/U/DgmbntErbVixrMdjDix1HiTzOLj08Q8blB5nK7GMWuH6jjxy4mbXdu9U5Pk4d1W5Dbh7rdfDinRweNk1t045nYk39CWjjYJ3cyeY6nBzzVvP+lx04+69D6Ng73s/T9ZeP9Ny69zucLmbPnd82/Hv4r1mGpaocPi8h2MOXd5/F10dsvKmmwrM5WYnA5Xm5ubFOlO5ycXk5+bEE8zzMDj8nA9RzcTkczE3PYrznJxasmrtcnEw3idMWkQbEpEnwQnSoq8TZCrk7gjm3gY8uB2M2JjzS1Lqc7pagyTsdmAp91Ofmxd7l+p4P1egudmTNi283fnpl5K40sMZanbudf1Lh+VS414tHeXQ6XG9Rqfk7PD9Rmo7qeP2aMOWt/Jm/nP4te4w5ZruloinmeBzte2nTjnbOVhlduM+rfxs8/NwMOfZpjP3+THXLUrtXRTPGfsX12LMaOQHVH1WUlqDdLhFNSrxNBWYy4WfpK6Bwo81PQVGJLrU5z+ZlCN9zR8ZXHjK1Rkb+h1Yym9rmxlasNDDh1yz3LZFSVm10PiGJns668ma6ZvpWAvzCC67wXln7Ny655ht12Ml0XeeZYOXz8cR5O3M945tV8rVzeZzpYM3P2YM2WsrtzwzaZyeVWUGGKu/EETtbs8Di7G+kHDik868WqoxbONmIOGdrdPDiJ4eLX4urE/q5XpuQiMQtWvp9gLxsU4wZP9me5a80kXNLn5hL1kyMQolrjE1iTHiHqPVY6+6S9VamozGWa5KuWmyHSdMWEeNmYS781w9v5/Xn/X+NkDImjtpe/j48vd94NFQJtkcGFwJfRRBRAFItCsLss2ybahKs7DPeVZ3G83L9Osjp+fu4dyPByLdfmORfm+R+r6H5zMFhpuw5XONjLq4u2un1E6rFGccZ0dOtyuZTbly9jkcnK1jnayclz8fnJ/Jyk4P+R3/P7rl18en4X/CcRwqnonvp/n9eDv6aIKOu65CCiEIiISiCRakRAhpBBQsoIIlVBKtQbZw6CEtNtQ7G0LLGCx9akwqOMv2b03sZ+qexn6uTu8z7YXs3pPYq9j+o8U857MPtK+r03sZT2cqcp5v2f6q9nX1em9nIvZz9WcTzHs6+q/Y09P7Wfqr236rDK8/h9Pdn03h66tUcZow4tTIzbjfhmdB2VFLumxoFLRqBYVqKVqJS2ipAiFQRbIjKlRaIGrVF2YXa1QBFnF5mK1YCKonmZOwVs+XwYZcTn+Tn3NbupzJ72O5CLgyKpIxp00jIqm/h56lz4ls4k97l3PTfP16L03k5K7XpvTK7O6nkuB2vSem14vDeXs4r1XCiqd3hYqcX0/LMuxh5cw89jvK6AM/gX7jZLrscK3GXMwZpbM1Meap0YFjlcqXI5Uuzm83N5QTicmXOzOtypc/NLcuhjEtYwmwIrZbcUiWyZmnYu5bgc68exfTdDWWfNJ0YxXLNbTfmRml0l0YwcuZqHJzcOqdi/NWrtyM15nNxagOHFv8A/J6HmYJqGXh8WazOnkmeOLR+HFkl2s3G1w7MkTLn1AVFZJasOepOjh7QycnFWK3OVuulh5J8Z9nHiqaMOXUX0ZHXjLqL3Uud1ZTqz9mb7LqdfGnUlzYzyPq7DC6XXVt3sMV9jepLUgtak21I6k6eQbzz9mZNWtt5+xxefn2s2+VP2c7Nl2tqQSi2acOZg2MimvCf0eTq4cve3RXY4vGrva82fWEmu8/f5FZs/Z5OVfK/YN8n9lPaabz1uVfKphzclg5PJOMupm5Tm8nmaWx3yKZr2p1jB+bnudmy1lDeynokk+OajcOL7Dw8aq7nUxcb6s9dyRYy8bi7X2y7vGxzggviY9fI+3Pq6ZMJujONIIna3Qw4P1c7W4vDLfE9hETq1fFxtNVCV4LVXg5UxizTtZXSaEaw6XGPU+JXBsSVhfSXGM2Fsc3DS9Q6m0FvmMWs2Yhoy/7Eu3Hua51lue9JP/K5l7Pyjzfp8BB0CiU1fQ4vp5uhwi4W3WRQMECWAUCBA2QgdhFXRhwNgteylaS7Nw9oRPN+3WR1/Oex33ObyZbLqZhhy1s+f1duvdz6mAhe0k7KunDMdNaNl9Vl6upfX1tvBa15svY5HMytGbk7OTysrpzw5WhutrXg8yt5juFiyzv2O3M9uXd9a9Lx67Jaopz+HlmobYp7eL6x5+pt1pil7bExWw47XbdccNRWw2s9KIi1bajSiAuk2QwYQxUr2lAaB2kW0rT9CMveU2JiwWu6BdbKs4GwrRT0FLUtRqPcdJNZMRzx3DrK1qPj/iqtZBcmoMUrP/4pqfqrUYtI1pR+sr1k4SNTMRv/AIJ4nKzURSyFLRGdSkRGkpaltKIiKZtSIiMpakVtKkSw34L2kO0tGFFWaTmYrZFkWbmKYU9sfJxTTP023NILllMvTTpn6r1WBn6ZvGkzpJi7R1z69Nc3G/jU73p2V5rDWtujxOTrbyfpzc9O/PT3XCy9jqYarteS4HKp6bhcia1eHv09fNd3in2Rxa2aPg8zrGHMw5nTuWPNiYt0WuXm1czlOryZc3NFM2anJ5MubldTkzTmZsVbt8hkuQNd4ma5PjpUKACh0SRItVwNIvpEZsDoRJvS2+KFebzYtWa5d3n8VybnvbnRxzM2LXZndXNi2c7NOtut6EIzTtCvTcGvJFacbPrmalwdR3uTM1xnFwztl1daM85cLd6V6ftey1iGcDBM4u6WLncaavxeizcesUauRyZ72ZdacK+BW/aVfFyS7mouhNLWo8xeLJJe1PTXwZr4kcn0z9VanFw1+x0VUtX9dQv66mMpZuqPc7+uyFXw8hViuqTeSUvi5CbxZPqNoxd5GbbvaehVL/rs1OiZ9jIoz+uzSL2eRDAdTVM2etF+zpPZ0i5t5aVtkdOPTqo/+vWCuL0qoF8Xbydv2sy2YeDNfFfGXmfYtUembRtq798GcXxO1mcLXnb9Zx4bncTW9fxLPh4f829Dz52zERibnfUmMF8bBMw0xKRJkSfIyLgvNRxPT2tz751uG8SXWiWbi4NXSjGx11/2JUYjdT4kFywCgWNGbMUhNyrUxS5psXEyIPiHY0wWydQruTVjxNO6s0C67A6hvtb8XKgsmx3Rdu3Llb6RchSn0Pw5+PL+19NELLgT28eo81o4EXCNm3RwInZFmi3Dk2K2TZm1GXQL2BsG6ZvRTYWzP1Q3nmWb1rcmNWwLyst8mWbNzJ0ef9XXlsvJsxZKZ/fT9mfNytnks8vT0z403n1J67n3n+1A9xP2U4s+ta6XXZLy18Ge+R/5Ee4prxGtF5dfkxZb2/K7ybEukjnagorUK/w3z9ZdXgcr8/j/AB+advDl2+TycVrTpcPlOrFj0cUbs5mHP+zRGV1ljjY3RQ9mSKN2dJWLD7oANkagtxFDCBiloIwC2RSMtLCgWohWBFlm1SLUIFopU1/gGX3j6EJabDNd/gBar7R9phwu5VqOwjWrQdqaj0pFkYDrKXI1qQ6SA/tTU6iVDXqWbAaqGFmxKUtTNS0Uh1LRRV0rEdtKiNg9X9hiwy9gJtsspEUhSwWMu2bGmXMS2XqTcsUstyU0l3IRSCXqjABO1TVVYH5HzX1I1Ol5/wBJM9unLt+l1T1/p9dkvDcDLrb03pueu2Xzf2/17ePj2vp9djbFOL6fyOx1cVbvJ/NdjGe5ama3NSuZycTm5pl1OTs5uaTZhxy88OfmmXVzYmPNiXKcu2a5dTNgc/NiptllsMCtIlsiGoWokxGQfFEQcZMZTk4tocHmYtbp6fDO0OV6pg17mpfeGOI5vMnvdW51ZM2LY7hkcfM5ubLrbsczFq4PNmt6d5NZbuBzsnWmX0j0GtsU0+Xem4qrky+pf9PduKZHUZ11eZi2wvN8nFW9PT3XY5Os1mc1HK6FTBmGXpPZzWFxeTi6WbU/W1xMpmmVqGHCulLbhwTp4srbho/A0YeBOX4hzeifq38CtXW6+MS4Xi+T6PU/Fgv0yp+L6FeXDXxc3k8fHW2rUuiPIYeD3+LoxwJ0a9dLXdC+jrBfDlmvhy6V0Ta0Vyb40/VnvFP1dO2S57xp0jpa/Eu/Bo1IsW6GfpbZnqOBwJ6M9ri+lYtuS9nhnXDq1LqeY9bnHgefzcydNYp0P+ss9S8P7qqvudJNmsVvuqrNsIjDX2NLB8NEYuwjjS1XRTNZ/Ex7WS38DFXkx5XMjbdxsDX0lYZadXG3CTrX1DctALZDJcltBVyqS7DIrRqXVQWHU1UHQWh/S2H0JHCrDsVdNebFLDm7bbYBsn4BtO6/xU/w9HH3HHq+hi/P+wf/AHF+H0fxnx5P2+CEkI9TzIiBJtEgQfhGQ261Zr5MyTzM9S4+bPkq3mvUldfF1M3Mlkzc5z7y0TdOd/X/ABuc1u9/+Sr5lMN2pyv62Nzlp93RObkV8gM9Yte7Zny8vrUnsV5apXUr7AQu3xAbpQDjF6otgohZt1EREERESQX4rUKHU34OVp8m7DynD/BkZaj/AGdObkYvL0+HPs0xTz/G5Tr4c80689fxixv2TYqKXs6S65Y0R3LLih7bNsrtSLNSCAo1LWDZIoWM4NFbAuhhwwN1qVvVBsyMr2RS91lpx9MUtQk16VopYIgoijNRBImUCuwKTWpMWpazSC5WItT2rBXJJirZFgAosVlA7DJtfDirom6FbLeUgd0HZXkPUNSmQYGJ1GlYiD1TtMgAVZoLDWF3JR4L1ZlTPcl3J4NQbSNRG6j1ShPaozUDFOh1QzUzDg2vtcu+vR4+mcGaek4HxZ/TeBVQ9D6fw6nXZ839Puvdx8aeFNdr0XDxdjBxsWvxdTDWsPFfmO8N6RNydFAu5YsxSOXypc/NLq8lzsykbjn3LHmltzM1i+1WG5Zc2J0bkq5b8nNx82AjpOreJluTiZtRamB+bcC9ToDA9imrDJfPwTWEzC1dLaBJieO5mDVhuXpvVuL2bS8/mnvblaxy+fi7Hm/UJ7nrM07bOD6lg76deOvosxg4FdLLNPoHonqM9GXzq+10OD6jUxq31fWsR9GvnzUV3B4FbZnnvSupnuXrfT8HS1cLTHoeFi2wuP6/w9L2mXofT+2CfXMU1hZ8nR4uJH06+p+GZ9zq68YJqCXn2jC28zhzPdLJHaJdTdho/ZkwzVH9KiBdWfsC+V2eTHydpYbqvsQ1Xl79l7Mkfnb5N/GwbL1/ESz27McMfs5R15yydXR9WwTi8Wf0zBXIzCXWQ4eLVE8zgdKHrcPFmYlzPWZ1iu0jXJ9Axf62z02apiHj+BWTFmp0OZ6tOPjeTXKrzH/WuXveNjZ1vXed7nL5OZhl14mRlrhqw9xMT4tmLHqaj8MmlbL3Y6Qojv1driYtYY/TcXV7nYidXPbfq0cYjukkL2Zt1A11JtoupKupFMZblQ7ssKr7SrS6BdNRlak2kN1Jxaq8+pd8ygXUs2WtSBZOTTLlyguyrHHOTBR7Dimc2Ho/D7jh381pmjSMJz6fHr083XszZewIE7zpx8USFI3ALZm5OSZijNvk5vPysd943zGfk5dmO5+R2/8A+QbnZ879P05r0c8kF3qfc6lXO3i5246+JCGa0BSq8g30Bfd4ma7K01OjMZVxGy6814fN0vpv+arpUzugxXNT5Hm65UCIjQRERJEREkRESRf4UhlQ4rVqw8qp+TEJqWQWa9DxuY6EZXluNlqL8na42d0lz25WOrtImbDR7txfblZgtk2AjrGaLZeykIVt9k2lO35q/wDi1ELaQ7BQ2ISoRJGegqwjsC+F9QQOy9nN2WilhS6iIhCCCJWgNhWiaREUWksIkvwA0sN0ICZ1ERTFSF5qmTHM5mWhrU9pyc/f2lR5su1Vbdxp2Cvs3DLTr+qo7TNmkXqhgEYYXY9pBdGLFAsZdi1FgMstiq0KLWNQRIpa0itVqY6EotXW9KwbdzBGN3/TZ7JeT9bPH07flPbsemYv1drDic70+XZwz4vm99SfXu5jVhxNWhcZdDeq4tgtms+8rPmpUxkzU5+amrNTBmpztajPdFCuggWl6hvU0iyyzZpY7bcxFy1yGW9Q6m3JetOsqq0jzEkeZDXhbcPgwQ24aRZ+fi2h5bmYtbp7HkzOjzvqWLspJwLly+Zi22dnXyZeTilqdKx5DmYtbojjVrbr+pYJ3c2J1vZ6ObrD3/8A0xg7dqemw+by/wD0tyto1ei68y4dzPS5ek4eWYhg9W5+8aubHP8AjNC6XXthtzONlquT4vRYZc68HQvbVr4fKZbh+adocXNP+t2uveeWONazI46fp/F7O+XS6GNOL/xnFY43qfDnR5P1DbFb3vKnaHiPX51zBnE9MxdV6fhcWZjvcb0DWoelip8VDgNZBcy0aEZiscT1bB1V+jcXWO6TeZUzZ3Gy/VBtvwcL1L/VvV1OTnnFFdzjR/q5tiwzXwNe55D/AKjqsW2tPovJn/RfOP8AqrzqXXmYz08pd1R2EESfh83e3Gfrbhnxai8M9hjLSCjuvUts9PxTvLlZs1OxwMWsN2lB409jRqxUGJDc0fBeZmxMllban2RmlmTDC7ou8oMpFtRNGxN0XsXeU4zo7ykZstBuibyNs1Ly19ibqqXdBWJQtVpjM/6i/NHEiiT8MmfjE68de8c7C4kX4Frqp7eP0z643lNh7FLeni7XOwYLXsHk5JmKbtc8YuXn6Xa5WTLVX+q+ZlrJbNLy/v8ApcyOk5OgyCo7TIqXi69u/MwQul+qQczOW9Iufiz3Lbcs1z3tVMeTzKPua3J/DpBfhdzva4jQSNWsKutdv1Yqrb8nZv8AeiXTmehQoiNBEREkRESRERJEREkRESFP+7bxs9MP4HNfw6c/BXpeHnm/k2xTi+n14urDvx9cOjr7vFIlUdo/J6J8cVCCiSWniq6U2lqRCERWyXQtMi0VCwbH0gyBf4Cx7/rti1qFsGbFoJBqCiIYAIuwpqVarVtQU19Dsl0oLFrNWpEWsyIAYBWsDmrWHA5mXvdjk12PPcyu8W2KGYsu1uzw3C43m7XDE9nW0epB23Y1GoPYkZbUQgWJS1LUiMAmyx2WKytERNSoiL1Y2EIzJwVTZxuNt8XH9P0kdfzmh4eCqej9M4tfIXp/B117XofT+FUvnfp1Oq9PPK+FxXR6DRxcWsd5+kvF3dej4yx2iMuS2AG2az7IzeArXNc/ksWZszseZWY0yWFdk7BCKsWxN01YAWUPYFtRFWUbZLcZqtpVtIbA0GuKbONlmnNiWjDWtpN19zmepYq0b8NTVi5mKahnkvH3PezXLq8zBrbFbUTh83Bts42bDrt2vVZJlzeZgqtnbj3yiPQuVWDM9JfK2+Tx0TWDM7fDz7Qx9pdbDlrrPXek61E7PGYand7D0muyV1yI1c3BtDi92K6emvwee5v/ADM+LUK7qO4fnJ3GxbQ0xx5lhuOxxanSRbOZ1+kG+fP2LLoZqeN9frvdzk8+dPJ5v1Opz3XcKHR9ArWHeinnPRu10+rUmzC62zJzM+rN7/8AH3c7n8+Uoyc3lVls7h56mCONi6t7N/SnFCt1MnM5VL9Py97n+p5dbZ+NzNba5Yr1PJzz0XzX/qbP1OTT03L9R/0aeF9SrqZqdpPesX2yNPGxbBjFs6GHFMw1BiROsLFqGxTBOj6bPe5mzq+m/wCznuNO1G0w0wzwdDNArrUm6FYLAsKKupMzEWzZqIzEWbmplunRKsi6S8jPdNYzUume6+q7ojbvIX1TopkaY+KB0HxIcMtMSJziq4nU/wCIdRw0wAtoZr83XnpmwNB2DdEXb189yTK5Xk26Y+fn7DNnL5uXudOv19emJyzXXyoX1IPjweT9LtdeZZ9MXHmoTk6Q87UuJ2aO3Q2aJ6KtjzU05sk/Zzs1945mku63B+BFXWrtBfmCQEVsPeYWMEZfMmzbqdy7dI1b6CFEbc0RESRERJEREkEEc6/IVAQd6/EBSL/Cl/hrn6nQ9Pp3uNXY8vhvW3d4eWajyd+HPp0F7FxQnaV57BbK2UitCbJFqVDfNBq1flHTm7AmqIiKJ/47LUE+mIETFrvqLAIIWybKQLE2VsgVgEEQLaw2IpA7JnVKFZbFqnsSIiMQuxF2zSzcnwcDk+b0HJ8Hn+TPe5WaRcd2eM43G83X4xTav4A+Am40L4BRbQUtQTiVQdh7FMCqsK7CzaytEFqL1G8SJqmzDg2gGHFVOrw8FfVw76kmuvPNIxcPZ6L0zgdguHxXovT+PM+cvmfr+m16ueF8LhaulgnQyImRbOG66yJFICLJvK4NY0EXZF5aZL5FINF0xcnKXfIY81fsGpB3yGHNnVdM1039aS6DsCytmfEHWRYtpDa5SgqgTRKsjptFoWaz6q1P8Sdm7cZQyCxbFNGGtbbfKHOim/jdws1OT6lLi5nqvUsG0PN8mdbVMYLlnzTOjdcs2aXXkx5/kzrauNVTf6unmwTWzl8nFU+JlxOzw8u3yeq9G5Wsa7Pn/Dz6u36bzP2H1Y957rscrNn2tgjmdnkV7hlp3+Nlaurs89xs9N0ZxJiFybojWq+Rl0OO5m3UxZsVV8mfoU6dyXq3VDOBi1ac0l4e0y62UNc7k4te7Zyr8/J2ub4OJm82fEOpwKmTOZypmHKw1r8g8zL2eR5mM1zefzJ3c6+VqrmV3sWavqbEfyeZtGrB0tu5evf3NcYpdvrPwGGew5EIVsDZavk5g3Di6t/q9Bw+NMxLl+my7+H4qwafB0AiReLmbQWRdDuibSVdSz5qkVs10sRWZkzNGamK6aTPdFXQ7ohvWSrpWtL8hxLfMwUMTW7ThnvSJaMLMgPwy0xLNPgdFCzBujBdLuib2EmDB7E3Xesq9nTlmhsmxgvwdpWaz5r1hys9bW2czLqwabHbfq5mXUjuaJlUYmuMVaeLHXtqwrpmRO3aOJFE6sYkidRWoOatYalDJmrvplz13jy13kt8z1qtQrNO0DS70al9sT0zbVKXdUiROzq6WBsH8G3NSpaPHS9Qjr8/yBpzqIiIIiIkiIiSCCiSIiJIv8f7qQz0hfy6Hp+Xv1c1q4f/ACOnPd/rPXzXopoxn43g0RT0SOHV96NERpzRERJcCBC7p3ZRFbL2Z0iDfgm0qujaH01BLcpXpwCkBdEdQWytihCxiUeybBQaVxSXRYmlKmwVLZlCKWFSlawrGmICxgtmrWfN4OJzPN3c09jg8xixFYa73X41djhcfzdjh7aKQ66EUImDYblMolIG6Mq0SF7DalHkFBF3TCVYVpE1TnViNnGxVXxFxuNVXPa9BwOD+ry9/pJNennln4HD3+LtcbhePa3+n8DX4urHFmXj7/eX69M4ZeHxdXQiNVRAnj693XaTDYpezKu6Y0mblXQNis2USalXTLdE5stMt5aFEHmtkvKVmy0y3VG8tA5PIqWG+VRuamHN5po73VK69Ml0VdUmdbOvX2X16ZNk2U9BvjO1xUuRs0RnJb7BdMnXou860NF0FnjLuZtTcuoxCuqrqtDWqG7jU5HVbeNlZl1Y6N90OHz8Xe7kd0MfPxNS4ceczSzXLdzZZL8Gp1qsZLlmzYpptsnVqByr4uu2qYdsVupqC8UieyCOV2Hxn2Y83H+Ula1J2fwx3cORqw5Xnoz1MNGHlUz1Wnoo2a8NS4Mc77NMc6TPYdXaQbMPvZL9zI+mOn1ZMjLLj9eVe8mTIKdzOU5+2wOTyZplvPJwNF5WLmcr4k5uV+rJdVS8dHxmzZa3BG1NPS2NjGrzglKjAZc6mpbV9i1ltQrLttkST5gg3DO1y5p2vTcXZs6kMnBnXC17M5qN21Lui9i7plGbAvLsTeUm8tLEZmqWfKVecq8q8VQZqY7MzZWa6alGguggvYxtKiZMiUiTIa0C0FKkY8hjRAopm2Xs19FjWll7L2ACTZ5VNRlm3BdGZHPzZe9rAVye62fDOtjvZceDWiQ7DLdr2MuJr+C3GqHDK806ikVrkMzLyaac1auZmrYoi6VFD8rO9vTf8U/0gNxt5tHSB4n4MYrmpFh8z/MFz9Wt2YZ9Bmr+Z/go25oHSpqf/q9T4XU/wHVriKjzXc7LyZuf1jC0ZsWpLUu/HMKIhSIiJIiIkiIiSIiJI0cbzZz+PXe1yOvjv8auw3b6snG8GmO23r4ceofFCLgTf1ywSbBEDInaloEy+xRIEStKAWqluKXX1QClseUdsCXZhdtys9QBiIzazOVIgVEitkUTIJcSAOw1rBgHtJd1K3AZCbSR1Q7Mk/qgvKBGLR4l8muxwuX3Opycs6OLmyzuiDD226/DpxorvdXiJOhBsUyRRmzUgtxq2KsCH0ETalIkvYN0itlbins2J2b+BxdiODgqvi9H6fwa7Xi/b9ZuPTxB8Phz2vQcLiq4XC1dGI1fN6/S369XPGnYZ0aYZ06urj07T00l3UkXlJuqc7Sfdak3yJZrykXlkT0mv3DLmrZnvkFXyDbiHezNar5E/Yq8s/ZnUDMzWZm5E/ZjvPP2MukrMyZj82WWa8skWlXJVnXRNt4pSdhbKstmcozYUZSdkHiY0bK+ZOy+q1Jivtow+ZuzJGUN5TE27SDZl6ottlqaNj+Nl1YDsNd61Y9Hw62g/k4toYPT68Xd1moKrxXqE6Ww27/quDvpxc0mXAx3qWZZdeDYDsBaJRWqazQkZaB0JpXta+LVhpqipWGOXHFyD6GZ6LjTjpr9lja5hx5OMGZNckvV3gwyy5sWFpPOf6hdzkdrNOMm5xrFXFuchPQybuxfTLvpjA5fQ7xdKZbCrLJXSn6pqJCxaXYO0dkok5SjL7rXEj6KXq2cDFtZcS6PpuJfA6OGdYHa/gz3lA0GaidlXRF5EjrylXXYy5srN16X0w7NlYry0l5ShZqoLy0uK2DrRkS0FGRIoxd7T0yitU1pp1VrqcZ1nEatWaioHrK0+DCUYWKFBV/km6XeUq6dOZkxm0nNXY5V5e9p5OeXPvvt2zWTtpGz4fKWmPNmzKmvBLQDD4GufU26VwlmQrNroVjnc+9XJ2budl2YMnc9EmzRM3K1cXFt3NjLxfBqBKsu528myJ2BeJBhuZ+HkU36l3g/Uev6mNGrpT9Q3in4rRYQo241LWnCs07EXOvk0o3z1jnL6Yqn+AOhpLLeLV0nWj6WEzUP8N6rMCII4Ck2q1CZQf4SswKIiCDn860AR5+p2OPln+Jbdu9yuHXZLpPXxfTj19aoWX46pDccrNPCpaqRERMoiIlKiliUaj6v7VPa062pdy8vm9OOT7airx19Xb1/UObt8j/8lN5cPp0nTp0OrjFrLP8A8zOOZ06+oda+rq9NOh+pv7UWORrS9adn2f6p7P8AUf8Ay78Hxw7/ADTm8nmavUcnh9ni8f61imfE/wDyEXvpO95Ly93c218bqVavf/6noeomzJhmmiNmfID2FsV/A9ab8p/E5/L20pwM2Tveo5+DseX5c99NaDeNW1u1xHD4Hm7uLtgSo8UUycnk6skc6dzqdraUZONn2aNmufbA0CIWtSBa+Jw6y2RE7XMvWej8bsnteX9f3mPTx+etXpXpfZOz0PG4s4vivi4uye1tiXyu/wBNuvXz+f8AoonWF6qNinn8nUsm2m6ki5PkvpWxd5VWz2qC81MV0dmpktitfA3TLdH3THdG3RVXTPdUu6Z7oX0pA5qpnvYV0TdN5rWqugbJdF3WzoyPZRatkF2XZhWqIBpqiQbpnumm2e8R3EuKT/yV4hN9LTYo6Klh2Tah4h04qRxXewRVL6tAvSem09PxqmnhPT89bvTemcra0mj1bi7RtDyvJxave5pnLheT9WwVKLzlyWfc633l2YCL1AOwOtoRA7LUI4o+KY9miKFmmV0cOfVp9+5GwOoPi10b5lWTedmih7SdXkG6qgXQroi6MoTagKulbIasFAugXRBhfyL2LvKgfbNYeuDbYTrUgy9li3Adh2q3e4eLWP2c3gYHUjtO6BWyZjbpluggZqY7rYzk0w7ULUPN3EWvagXs1TGe6XItZHq1JsxkLRhxbKw4m7DiYn/UlxiN1Fqu25dBWotQ7LgWMquVamIEVcgPJ+YqCrZVgsczBaq6ljz5dTrph5dO8m9RjWPNW1lLvzpTssXh82zDPey4PN0eNLPXu6mmPA2JVEmQx4mCZeZX+jTRdasHMrsoSaXJzVr5FRllOT4F4dd+56ZzM1jNdDBctUOZFt+Gma17jXCWTsL8dzn/AHAbrNBvEZC3Naz3Mg1k/MRdauiZ80s9m5qZ9tTIVXWoYqaDmveQ4q1/Pc6Z6Y6hxebwMi5tNNxPVZnqsobPzTM+JcRVOsu+27d9AhB3FT5KSgVWtVpdfFBEFpzqL/CkMuB0ODX+ZdZyOH2/mf8A5OvtL1cVw79ezE/IUdJ9cT4REJ0YU8YEyQqWos6sQNl7fUtR9s9xJd55eH//AEh/YH99+Ps+bbb9eqPde4lzvVeZrHbTzX95Lneo+r9XFXcvpta79Xr3Os09H6VnrL5PmN8n/W22ep9F9XmYnahJg+vf6tEf/F5mPXZ+0i//AEij7EPVwPteYj/qCfsl/wDUGPRRmt/rPMnHhp879S501mqdnS9b9V6uGu54nNl25NEPQcbBOd1+Nw5lwvS+TOL5Ox/YT9hJYXS6Uymrm/2E/Zf9hP2Oh0YkyJcr+wn7Cj1D9lOi1c+v9F4/l/8ALTu8/nTWHyeb5OTa3TQ18StbdvD4PM4cvfLs4eTMx5Nc/Exeq5am6czDyp37mj1XJtdauRE1uVj2fpdTUOlFOB6XWuvc6kZJGrG/ZepGGtr7XZ4eCa8nDvv16dOedvsPpXDrLmmte17z0bizMT2ud6Nw/F6vhcfV4P162PZxzI0dKYgPi03/AMbNbzdO4A7KLtyS7yldUq6Kukh3lllzZZJzOfmqj5JszZZY7yyy3lplvKvFfWu88sd5SLy0XdNasNuiroq6ZryiiHXUk3RN5Q7NSY3RXSyLpO5pkd0HYZkdyAN17m9IXQBhKtTelMr1KL0kq5a9QXKTHckt14pBeAJj1Dq13i1KuWvIE7JslgYLZw673f4eeZ10p5vC0xlqSnsuNz9u3YXJxTlh5njcrW5ei4HKnLh1swVwefxdbcnNPe9Rz8Wzz/JxVNkOfbPdNGXtZNm1owbIXYMN2MimMTa1r2CXFUmx1U/ZNiOoq8rKN6gbyyRdFbrAfsrYrYIxDsF0HYq6XkNHdEXsLZV1LSKtcUG0huTALWmnjTtcl4ZdPh4HOwWtvGxawbmrWEjXRk5OVJLpmug3kJuklZqZD7otmoOqaCFGKqbvoAjFLRGA7DgaoxStMZowG6naqZ+GwrUqzyrIsZ7XCImBbB2L2UQPqgRI/Asv8IPwC67DKZ83g1zNjHU9suanN5NbWdycv1Y3ok0IiHxr4w0g4Zrd0uNPfsyYfN0eNPY5dXUeNA2rdMKzOdzq7Kac1Obyqrc/n9035jDyf+QEm5g4Z73olzln57HEVu6GHwZPw24XPqry0yJMjtCuJ3ZRmybA11IvKFYdeRizZQ3l2Z7mqvybyAYMk7LidTImqMuGerpGOfsPSTunS+nR2X+qkaiN6dJ06Z2f6mcQrnQFxudZs9aVnJbIiRaS3KpcYi7b9ZZbxfwp1qt2YzoZqH+HRiywKIiDXhrxdXDXY4mLzdTDbvxf45WOj8JCH8f7Cd+PU1w6+4bum2pSNsnXWwe4KrtNaPb7q2K8hb6BizTBFxW9iTpGbr/sT163NjFskcOny49Gg9zkF16qDfbV9Q3gyS0pSRxnrF4p/hmVptavfZvsG/Uck/JnDY+sN39jmj5Gf21/Zxe4DdmDXcrnVlZryseCzmbS0xyqkz31MN3qXh2/8R5J1I9R/K/7CnPRanQ/sKSOc56HU6V87aGbqUzLMy/UfGemjr19mAzd1ll+BputvIHaXsdGvyUO628bLUtOLLVX5Obs6HAeb9P0sxvnjXoOBelzs9V6TPVudZeb9H4dZ809r6j6B6RjwRNXLx9/pXr559On6FxeyauXb8fAGHWY1g1xt12kKsiz7KuGK3GayLabhnzS5VMts10bmojYz2mbMwZ2/MwZu42JktmtrvEz3iTTJZV0bbJnswaXdM91K7pkvKcwG3QNibqg9xTRsKKZT4pA+DcPmzRRsZSW3ZNiOqmyGjGRsvZE5Cd02SOV/grY3qmTUC5IvE2RQbCc68QNZbLku5GIpLXqXYs0YOMtS2cbn1Pbs5qRXeZs+l63jZ+rBPMwT3U53D5Wurqxl6sdzTLzXMnW2DV3vUsDi3OttgoFml0haDVBl2lolWAQjWq2BYLBsdQtlbl7B2a2/wBZN3DuXsGyjNg+QFrBqWTqYiQNR4ZMidmmMFLDosOKXQw9rNE6i3pWBpvKxZsorqmW9t2EvYvuGFrpJqHUzWqOjFQlREYm3DiFhwU1Ri1NuqQESvU3XsDqDIUGzLLsKwmiR2WYzQK2ldkWcAbsO4b2Qz0cFvS4qgoQqqZ+TXYf9mXk+Dcmxjq+3Jz+ZfzFfnRf/wDEdmKMeDzAZhn5DTjRh83T4rmRLo4PByv2QtBebLrA4IzNFkvLsx8nz2bdZY+T+DzFsY7TH5pff4Lxz3u3z6ubLMMb8P4ZYjxr4t2Jx6tnwL/hcdo9S7qXOd2/QHkZexzdmjk5N77Wd159TEjXhxSXhxd7o4cXY116UrJ0l9LX4t/Q2V7ZnVrDrSat3tqX7alesWOdrS4xOl0P1Tofqxqc/obfsDofq6PS1KvVpMXS/VWkn2W6S4vrLclXHY13NdzJkPxm/NZaLsd+YLdDbvOqCILTnTcPm6PFcyPN0OK78XY59OpFdibERR8drv8Ax50RNk2aZxFWq7CTg4pV0FYIo+xpMeFG7Sr6pdLDw53aPbSb4jfNjvSPbSxcvFLtObzO5WBwrwd6RxdnUjBsdi4ylTj+z1S8DsXjkm8chOJfFX7V2vbbD9nSt1Y4kcPUN4ql27was1yr7Dk6i1r6unHG2vxaY4YLidKh3Ls3gmWPNH1SctetOhGPb4ne2PxOT0lOrmwasV4j9TOI6MFL9qZ6ConUY+gvWd9Va1ExTVXrL1PoXp9Zblx+FgnrPef9PYPHtePvra9HMeo/6d9Lx4NaepjkTHbDjYe3WZdL07iV5W83T1c+pjrcXvbvgVgjsaIhlpnsBlhvVmmM9svK8Gu7c7m39GJMTn5qZbo25ohmXDC7Z7aAXJs1MdsfJytebtc7NXeUz5qlizVs1WzXLUEZb2ZLmm65L0awayaqNsAADY7ShbEavZNkWsWtEUddMcD2Kgx7AQNL2VspEV7DiiRM6saooezNB8NIQLk4OqWF9KWe8Xe16k3KTFclw1ZpZvFsD21dDjcyphzN5V1NWZyrXbvLOWHK5M95XuqX1Njz7ZpNyC5HdBtmXFSSrozN4UzOjIuqXtQtF6imM91SbG3BFnmEN0Xsuw6U1RothFamwz5Ba9VwJtF6riTBQzOkdhmWn/DLBuwRuybFxUrSVRWvecvVIvpHRg2MjHVNmHAkXh43YfHGaoxHRK8ljNGDVNWvUq9U3jLcltNyVcoM1kW03LPaVjNYYkywDq4zJoLZ80tFk3TWss+QH4Xfmil261PmItSNxmgZeT4tLJyfBqTXOuVm8ytv48B5u4mKl6Z7F55z0eKL1Liths2KVqinQ41djlYbrxdLjU53lNc9wLkcAtiTJh1nuXP5NOhmpy8/m68/dDN4ef2HFblZviPB8Xb1/WZPlbsXg3YZYcXg6HGcev8A00fr2Obya1t1/g5HM+S3EwiidrC04ZnyaTRhluwz2MsdzVFOfV1NWHE1xjlmimmMkyyh9OZDrIL5MkXzJSae1mzUT7xmzZ9lqMvKy5ss0G8s0DbxMSrlWtG/hLN+4pSbljuO9utiz+bopNZMs/5Z7/3bM3hTHbrxfTF+AREbYFP+7o8Vz483S4zrxfTPTXBgIE9UuOFFCXSlFnERERRERJYoAOEY9CPbUuskyx5s75ma7bjVfJ7O0mP9Vnnub+NMqgWHGPXXyN2mWLmcmZUqVmLjWiupsPEC14Zr6tGpOGjbyy1ZoZ81djDrtZ2bJNJxq2C0fGxtMSsu61NjLNyWC/Nry5JovDO1gwXGwbN3SmYMxYtYXm7YS+ubzGPptXLqasEmQr4+DZs9tJ/Dx9nidczoqzK5GbHMs34nva+dU7k8adsw6dOZ7dT0njVvNPoHo2KZwzTyvpuPxe09GnsmXj/S7devmPR+mTvq9Bh7Icv0+ZmHSjZ567xsw0dszx2pdgm2TYNyrpi2X4QZ7YrlqtnzOdTPerBnbLpizUeTGYN1Ml5q1Y81VRQOTTFrtZ1lpJrPyZeTqfdMWZuMst0TZ1yTZRNlWZbPdGTWV7B2ArY4D4EydUfV2Z0xuFqxxR0ZVqxqURtRkUmou6Dsq0iW5EYtS4YK4Pgo1JojwTUuBbJJZRvkFIm2LNLfcs9yZcTBZW7XeIm5H/oE7Dig3K/Fu3GVXRd0KwKCrJuR7CIDAy9ldVasFZNyK8uxZjRVymvYaCmmYXfgGPMaRNCTAPXsUKJWLdIJ8xq/EiHU8bi+mR4JaQNLMSDIlIk6JSSJaIwCwy2RKtWF4cUtEYhRiNiSZE8VrVq5a3iEX5tDPbcuouyjSyibZbaMzPYBFgMuS9ECqItosm25Rf8AWZDLkBZUH8CAYzfgbplz+B9kZvB05+65uVfbsxtuafL9mO51d+Dijoyz8iEbs1N0W18bO5eHJt2nud5Y13IzSrNmcqM9GRyPsx48tQ66qmXMK8pH5ak9aic/gLB4F5pr+R4fDVvfWj3W7C6HGc7D3RMulxpcu/eFr+Djczzp2K8HG59d55+arWb/ANWj4M+HuatdlbnpNPG8GnxI40tFudSbF3nqV2y8muxcofuPyqsuzl3l0+SvcT9nTnj3sTfeeS7zzTm3lSMrfiGvZow/Fjitj8N0xmFt/lL/ACzbUnV+zfhyDWOz7qdPJltjDpWbxZL/ANzc1f5J/P8Au7czGL/gURG2Bx5ulgc2PN0uM3P5Wa1x4GFx4L21elwg6UCBEW+9WitlebQEilbSiJAbSq6WnHSzbbald1Wblrv2Lh851tacLVGXVmgd0CVyeZTm5uZtfidyZY+lQZ1uw5/i24aczDNTbdh2XMyYtbOpqw8jk1v5H3Tncme9rVBxnrdu41OZDdHbDJbb5OrDyeYrNXYwX3JHRye9r42Xvctp41UWXe6/YycnOz9evFi5OWkvory95/GpytnQ4ylNd7jZNZDzM/Y5nXqWbLnqlDU5Ofam306XJ7qvZ2vTJ21Y/S+nbiT+PXeg4ttXtuBDyXok66vbekz2PB09fLscLwdKGXBEw2YZ2YdLTEO6RYqK1D0TEYLPm7Yc7NlauVbm5qZxE5srBmyn5mGz8ROaqKHZIl0huSLab8KZyiWbNLXdMWYYtZ7Zcx9suZ00Fs+Q2yczX91zL2CiNW4FDgA4JlNXClwxUbFDiyxnDKIcFxZjLQthFjMjRkGEQeAKKXsBaQ9g7BW1PSxC9TFaixWFXJF4mm/AvVlMt4ma9nT1JzYD9GMCtWnpK1akwYxWpquQRJFjLYYOzTS8OLsSI1B3OnGDsBfFk8+k524vJsvBOhfSPQZdToxHRia8OBW6sYOkPoOl0k6X4U9LXKvEXo6ebEz9I32CYk6MZkY2mMTMhpUYj4xmxiMiSpNVEtMSGJOiWb01hkSvVIWycLUll7Am7EWLYm6SVZQrBtLWslWRZ1lW0CbLOsi0LAWTkNsu2p90E6l2dBVnUAAkMZpFlWbRWVqTbjnWLNMufnna3R5M7MVvRKzWQN+JlxqXbrFbvOhmtfyPqUUjTnp21GRk1J2EzY6ym9YUZfuQuI2GQn7dXtlMc0CJ18zNpZH8aeL5urxnIwulhydjj1Lfiabpx+ZW1U15qrRzrrZcXbqFxpdCJ+LFxnTwyekdhnUVj+Bds24irpmzeFNNsuUzlOPyf99Sjc/mU9E+KIhnQpfQyIpxq1tq6rP7dPbj1uho6uwQRi1GzYM1SvwINsm/MYb/ANwDv/cD0Ryv1EREBQ6OGtXOaoraHXm7JGO3Sw0uyY8JPi3XXMvZWyw23OmKvYUVJQmtBm+6Fp/82dM9CRWwza0P3VWkcqldBUYnz7cbaoz0q+VRQfFnSLqULYrWhmDDo8zOvqzxsG0sOvkk1l2tlsR5+6mmGqMs6MOxfVpe6W662hlv6k7Uz3lrdlN2p+FzsNVTZFJNN0z3rSrys+1JD6UtcdrH1U69HWcbLoP/AMmfrr6oMpru+k/F53ano/Q/i4/rd5ejj69t6PPi9v6ZWuF4v0efF7X0/FVxLy9PVy6fFurt3sOLWGTg4pmG3ZzbqFeYhdqMpVyy56mDM+VzeVlZ+Fn5uVz7rdqudiblz8kxWzZPNpvzD0thbqZLkm5a886MGbO1Lq+AvtZc2UV1sz3JWkXl2LzUNm5PapNVKumWx3RdtwUm6DY7kpvMc1aBsWxd0rNCzIkuD1OcOrSAbJs0j9l7SRsmyMPFvTNtQ9nONNUUvZnihbEtIopnihxTBaNhk7DKGn8II7Z8SloLUItX+D+kHpJEr0k7pB170ma5IuW2y9WtDDqnTbekPoqWf05rl3gqh4cFS6PSTpas26MZoxbJ0G2JH0m5MWMHtmbNg1d3XsZuTi2gjHMw4m3DiXGJpwz8RVgOkG8XY16r1ZGOb0CvbutqV0lpxzOkdEtN4k1BwGq9R6q1Kgok2C4MBWIuw7NWJdki2UygXRVjsq0zUIs2yrbkwAUlKKLsk2wIFXILOKItK1KuWm2ezg0myrOuS7lqCklXJoLasZtY83mxW35WC3Xj5rF/wnMQ05p2hmdufg5+YSg/4A6OeDmf5aul2E8av4yOlhnZmtSsft/suJ1dDpC6H6uVutObYI83U9qwXOl7fUy7MatyDhtw5ZYIrYyL1EjLReViupMsKzBTuM62FysLq8dm/NaNVay81djiiM2XVgzZdu0/Nlc/PesO/MBOa5oXG16hK4/V2LuYcU6NPQxuZh5FTB0cpm0tvtpBeCSuuHqs+XKKzYplntpvuggfUTdaK22Fc7F66qRX4yWpdgdo5dfURELImjAzuhwsU068/GafHxE1xxWrD6ds1Ljnfblq1dv+sr4i/rablWODpSaU7/8AX/qn9d+plY8XA1Dq9B/X/qn9f+qtxeLz+tGO1/X/AKqv0/8AU+UM5a74LNm40y72Xw7XJ5NPB9dPjJGCT44O3xN42LZ0onUFh/rZV7GXW1ZuRk1hqRm1wc2DVnuWvL3WXchRljFJvQbONgbYwToVrh5sGrC9By8cy5d4u8Slh/Jd4K8nVw4Nmv2K6+6nDw4qmPFs17HT9n2MebFqqI5+Ytv6Q44ewLmi1p1Y4P6me2n5HBrkaprTr9CQdANSOfE1u9V6Hjr+ZcnFxu+XsP8Ap/jePa4d2X1Hfl7D/p/gb6vY8XFMxLh+mf6US7PGqqeXp6uXUimjZlgbEutYZsXeVZNjSz56ZL8z8zJdKXUqyLOui7cZNLP0u8Gbtg+6ZM1dik1OVzctWyRi2a8095PbLoCbxTLPmqZM5OXVzM2WmZdQeTnZLrZd9yD6qTYLOtnunWM0q6IujLojubjNTZFIUdGoyYoRSIiBCWBWyQ02L2XtIJmwtqAtT2WiKNjzIhohnpuGQMs2ADIGqFoi1FCoMSQcSAyEk1Bcnl2iz3IIk+1xKBPSHq0dIWkpRl/wFr6Gx8cWUmGDIbo4sme1ky4mHVXSdSOLMrvBLW6Y5fSV0pdLpFXiVoxj1Gf0pDqwiirxNGodUme8QNWnRSTJqK5M1DaGgWpV+CJVqDZSRi9idlpCui0DaFLsKtlW1yyotdq2aZLui9hWFJWwUUQhdmFZEyTZVnWVZRWpdngbZrHmliue90s0slz3t83GXPyMlulmxV3Mmaf/AMno4orLYB2p0jHX1cf7uhxcssEfg/jV30Ov9ak9O1i8GiGDDlaYpyt26Tq8HI5s+TpbVox8rwHPXrDHM21jX5fyuMmvkmWe8t19X6WrbZf5Ixf7tmHutzvpjP8AsfM6w6HG8GG23D4M2+9axfV7ys1F5qrdnvKyi8197Bmrb8tV0x/N14/1eqPDOzXGL6pgxNfaulpHS+5sYvqbqNju7MEI1pTRrsC8Tls/hLLzT8jAZvCmub7xpmDYlOjFZM01/wCpDXmZHeOd+aiIhCN/Cy6MAorVqWjHpsPJl0+N6hLxc56/DRHMufk6M2Pe4edjH7zG8L/Z3/7/AJX/AGmT7HWfGvc+5xp7nG8L/aZA/wBnk/8AY+S8a957zDIffY3hf7PJ/wCyf2eT/wBgvGvd+8xh9zFfWXh/7Okr1TIFJf691y8kzHk5d1tZPJ5k0Thz7Xs88VjvcPE3drl8bmTMH3y5FMas2WZhxuXn2vtK5/qG3j4sXU2trWcah4cVbl4e5vw0yfpuGdTLqZLvPqwcnl/WjiXycuzJr3gvLVW0cbWg008bA1RKorUfUkwUu9Zc3k67tHLzsflawQzFj2dHFjkvjY26JmQ0HSWTK15q1hy82fvMZxTRGOSIaoZ3HSRr4eCcly9p6Tix4sMvL8Gpxxs6eHmVXa8v6O/5x7HjZ9r1l6L0/wAHlPRo27nruFHY8vUt+vTI6MG6lRRuzFl/jUWz2fbFnynk0jNTBdG5sssV0AZsReWls9hCvLRVr1CxbpIzOfmbs1OZyaal0MXMpyrrvb+T3Wz/AJxKTbihKjrnVnuj4ku6Zc1d4s2Vluu90kc6OwB2E2AoiiNQWwVpaiIiK9lK/haFsVqvVBjGtXBseYIOgTnFLpkanQzmxTO+ToaZBQ4pWYj4EXAwhRRgYkxJBRQUSM2EUZFAwWp0SWfhrUxmnxiX0pFFCVuKQEYpaIkEScikTJupQ9tUjdZ0BrIeqnVMuHUuSbmTdiwC+kRc9jZbPaa+syKtV0hYn+FX4A2TYsBLtLovYGhBdLsi0Vk2C9hQEpEsP8rL/EuFWi78CzWVV0tTXiNJug3S7kq2dwJsFFOsZqLRRCAsarQZ6Ls6/Mv8yJ7uEuw6napq6brOMt/8bHcy3ZpZ9UGK5Y7l07lnzYnXmsWesc3Ni2/Paz/if4dG51IvFt4O86E/1nXKVNT/ALqaabMGXvb4px8Na26fFpixfGz4F5p2g3yhWrhOi4vKj/JDr5sUsOadu135o1nj5t/GY4iv5qWjB2m1Y6EHxWsMeGjtnL6swvk137MF1r5NOatmDPs34gF1VH4cXjReCN2/BEtVDieweq4k+Jc70cBA4maXc6ihyl1K0B+TSR8ugi/Mq/GjbKvwpqEhS1OkHVIzMjXl8GR25+Od+RERGgi/x/upDLiF/KBF+GuerblC0Uv+HRIihROy1KQfTpfToeUGwtB9Olzj+ynUq2Optt5tGH9W/wBj+qezee9azjN1KkObPU/Js9tLLmwL1VjDdVXmuMtfM2+LQo41ENGHlatUcxijBRnSqRIqbyed2OfefaxZsTLpX1UEPw5fs3cbPq50YqaMOwrUda+Sx3zme67GewcaL5k0ZhzuYdFamQPR8bPOktXucf2ebjPqC+Yst+J2uZyZrxpg6k77ObeevsR16Zu/xuR38OWadCO55jjZ62drj5aqJZ6rpzHdjwdT0rBt3OXxJrJq9N6Nil5uneR6b0mZ7Xp+LOsOF6Rx/F6KI7HC3XaTDYNVALsFOVfY5PKqm+72hjud0mLWg6tWpObVi3Uz5gamJokTfayXdNeamPMEyZqczmbU6GamLMkxRKvzJ/aVdGT3oZOS52ajuZl72C6qmlaVe1KEjfPOMW6XqhhdkKWFFqEpEIWpFC3EtFLSQ6C4nvGiZBslwaVENiS58z4lic467qLjzXqKJOocHEC2YJ0UvYnZe6TUhGw9khbDZdhxSTXGU6KZIo2EGyKNimPY+FVGqKXtTPsrahKWjYWzMrYpr2TZnih7FWHbBuidg7BG7UXdB2DdJBskdlkLBdJdE7DViWpdleKK7KVYUg2rYSdqBVhHZbVqRV0Xdd6/gz9IFLVbVuMk2TbQTmUrANgojYqIiFnUVdJYLCBahai1RKQdyDxaiJuWe472uy6lrWbM9sv5kq8TZcA1XN9Yy5+bFLJ0qdm8WzNeBud4rHKuCssTM/4b82JkzTtDtz0JGVo42WvFnMw7b9rpfidjDk7DfJhw12NEU8t5kRlywZp17nR+DPmk89JjRdzoXe2na6xG7mRl+7ndWl9Svs1eFK1XlmWfba6LO4xzIWnDHxbYmdCMMtkS5WgMSZB0SvUX2ikN1Lpi+kC6LXamCRYL8KMzeZd+DYZlLU6ys9QjL4MjXl8GR25+MX5EREaCIiJIIImufqWZXhJZm20y7ZLfbNL/AINxfjyCZh+TV4mDq+jP4T+A7CcvCOWIC61RWadvzKan17fr4wdfG8172vsH3tfVwmRp6W8mOvkDaXnI59V+R+8pNO6bEy4Hv6Ow+o/shXbiUuezxc2PU5+x0eozY0UzNjB0P1Njk4/snucasv8AECMCXikz3OP7F3nlQ4TeJn6Db1JoOywM3QF0GmVtJivBRPtnTslnbPic68FF+3dTUWHErv8AG4w8Pi970Xp3D75J4fGnd6b0rjaxO0uPXp2kauBxZxw9H6Vxdrlz+Fg6tzL1XCwTiiXmt13jqcKOlEunDBgb4cXUd2z3ZuZjukgorZmzZUlXX0Z9O86NtzbnRiXEy6Lsebtc7lchJMzNyq1gN5WDmZ0iuTlIuirraxNSIFsmajeTbn3dEM/JZWy+4i1gpKhFtxlexNjLowWBREHizBoiifq1IixatFIueUZBhcGGxocDBEms2rBx5nbF4ZHqzWxL2Cq/BimC2TYlET9hwzGxTXNR42fYzY4BKVsvZlGwdFERRqTRBm1ExQtpak1G7Urqg3DsyTeqPqs+8ptKR3VHGVl3TZJs2TZk6quqk17FXRPVBsRa0bB3Z9ldUKDstV0TuifsVZeyrpI0u6L6gdlZZ9QtwqWzuiIpNg3RRNr+AgqK1QaEo24iyrk4qzrNJUZch1dGLAoiHWcqrCNStUgURdoq7VXMrEgz3IWjVWp07rNqrU25A3rOAJzS0alZpQYblhzYnUuWPky6Shxs06WkefafmxVdlR229FF/1qimiMrLBuHycOjGzbsIEBiAm/MIr81OqKvF9CunTX/IW/KT4mfoU1YJCfhn5M+V/q1pg6Cok+GOgbAwQO/y4+78bzEuirFZZ1mwqv8AYArDtqJ6Vhdl34Uu1X4U6JmUtTpIz1SMvgyNeZkdufjF+RERGgiIiSC/ARfhrj6kHIBS7QCHh+QBRWrTNMudtRKitljPTnVfNSXU76icqqbfF2D7fI9R7SQ+0n6uON2vLXx//aSOlT1mbg7FXwZ+q/8A4XmOlQ3o/Zz9Wa+DP1Srij3r7Ot7H8F3wOweV/gsxz+rkn5C6tHXwq+JXt8g2gv3VfsL3GRVzUAOtafHKpvw8xx4nVpjtOiO1Oczqy5G1GxW6+i3HV3kO0uZ1vyLrUxrWVvOw1LmdVq4c1lNrpzHe9NxbW9NwO65lwvS56UPTekz37PN1cdo7nDxTOtO5h7tXBiu+Xf9Pnxee3XaOlxYbPgz4aXsw6SjzdzFZ2zPyq7EgbFa96th7pGx2lcrkJdObysrCDzeR2OdeXYrk597ZeqkdmysNiutgNyBUea7qZLvtY7y1Q04Hk0ytFkDqEGpNtBGVvdc6z3IddTQ22CLLOBqEAJ2qatW6zhZmodaGxbjQdRaqHsUBUSvytZWIOJD/JsSNODgSLiXKxuHYZGGEuksWlldVNh1Z38pXcgEiSGQX/Cbd7rN/oOETsmzOYjDII2HsyTzoYuqvqnRjo/ALNGUfUMRyEdVNmsRyEbULemEZsmxe1K6qJqBEgsN0K6JtJYQ0BIwAQjThhdh2Xf/ABi3Em8h2LsPcdR+yEQZslV2HZLrsTyLIE2FrQFZh+oiIOjC7Ks2yy5hQS3QFXINaNUz/wCUUhmqtWkBBXKtSMFqHUa9UsBchP1DqZRjPqHVq1LuTKCdZLuTgam+xaz5sWrDyZ2dXN4MWaWt1hxs063TPp3ujmnvZun3uk71EnROqdMStQ1ai12MiWYmXN4EtWbF2MrpEiIdE6q3EXE0fhns1U0RLNuocGQGO4eqtODWoFs/VBhsvak2XS0ILWG/gIyXZd1qOys1NQlKEF0jHTPmZWzN4MbtxfTN+RERGgiIiSC/ARNc/UgpCt2n0LT+U/kUz+b/AD2tWyf1CxfI4rFNSNy66uufX0rL+Nb/AJMitgZvimH5CfD9mvf9WftIOpLje5D7xx+r47N1Ibpxvffqnu/z9hidbYu2D3n7L95+ykNrZrI9f1Y45Mj9ybNB14/1B7YfXX15ZTmczBMw5GjrczPttMua3mmTQa0NX8p/InUazDjcLLFamxezNY+HfwkTsreT8MmyT46G4eNs63Gxzihjium18etnLqukjt+nO/hy666OJxJ8dXf9K4tZ80vJ1dd5Mdr0nFWXueowzrEs3pPF6UN+fthy3XWA2Gyb958ImM/KPZ+akyL3K2DsknK5Grk8nK0c2nJuqYk1BvusF9oyMpi1SWqA3TcuAq2W+2zrJujCEnU4ClRNk2ZdEV5liqJo4FyQTqvUWqahA1WPVetJFqM1DqxSFeotU1PMANUM1Vq317anpIlpiQxJsC84ZVaijtGEERdiDYpLRAueX+jR7DiiToluewIu5OLpvFoERAkMiitVx5ubRqlLBOgRWybN8smeK4oryHAt0miK2TZCmIDcexBsUmxeyJK2BuIs4NTdA6ic+qYFL8EspRpe2q7okwWai9kUvZqTVUGkSLVYNKscUC0hS4TLoodBdWFLUgxaG5VqtGNNi9ZVqJGp6BeoTg6q1FAP1FqbRYy6pq06huSLSRGdNWpQEFqEWBVhWLU8zBSLkGrRqHVplnvVjzS3ZpYszUrNjBmmWVrzMnwb3QiBElB4TSYOUosDfgx5ZbmHM1IQR5nkR2WfB6Qj48GeJ2aIZiMwmlxQ9liWgRMEvIX+Tr7gXLX8wlX2g8h5i4vVALLfnTUzX5tcgKlgajPXoObuhhbrrWGN24+MWYFERsIiIkggr/DXKWKJ2UPFX4n8ut9M0NzqLHWv5S6mgCe19O6v4Tq/guJ2S51GRnxiXWy8Va/kCNY1jpa0mtG6LjX5vN7/AIPn1l1qCrqpdG5+rPc7KUSMfVr6r3r9x60oadH1aHHIqCtKs7pCQSHxnr7J16BGIOadWsn9ULu68gBuyt6/VbcxSH7JuVt+tDZyLyotgokGehumxs34WXB5t8ar+a6xo422V2OHi75YOFL0np3G2uXk6vvHZ0vTeL409x6NxZnWtXD9M4vfL1HG1mHHqu3MdWLmY7GfPlK3KunN1XHc1QXhaISW5/qFdjbmyzDlZq2tIgVi7S7Q1g5LHctfJY7SKvtZ7MzAgSYQ+MEXR+bwc3at0aO6LRdy1yAl2IFtC+irZz7KLIVDCFiaq1GvUgvVY9U1VUArUzUOrGHArTVeq59kIo7k1ocS0hxI9VxJqaKUYEIIbkSr8GbdVZkFaMgJ0dpcGKIeykTV15/6qA1VrqvYNs2pS9UgbF5xpFq2CQcgIG1EibIFmoewf8qUMWi7jYZzoogwQNl7NSBLCCwC9GQ9SQtYS7kuzyrEhpPkuNg+K2Uq16jiR6tT0LVQJYFaIC5DqYjLQLXAtRa9jt9YJ1XqZC7lzJGqam6pqkVqKJGvXUjQah1k/VeqWkL1M1WmSdAatP8AgOpwSk60mp2q7k6mYJtga1K1TVaJBLHZTTNhWVh5Lbk/2/DHyVz7mixhzMLdlYNe91kYV8xQiQkI4gzyMNGXcyaiZkc251szFXxFyp1JitbdL7mFqitTIrYoeHzctRy4oKFHfihExWotpZs96TCroexVn4S8wECjQEXOjQTdbtcs/QAu9BlZp2dJ9YsLy3t+SdRBdZ6OB/gI7U0xYFERMov8KQxCWH+fyt0nUCIn8odiRET+Rsn1LUiv5V6idXqi3n7MOv7Ceff8c7W3r/sDqsq9qP8A1TV3fqmjLF6tMZf/AMlKb7aowHxiZ8OfXyN91LKO6TByZP8AdB6stbq3GD2+yvZ39XawzLTGDYq15u8VSX/D03s9viXfp/6jBY895hiXb5PD6Xc42ftEOGw28b80wxe7q8PHVXMzLF7sduY73pOHZ7D0ni98uB6Rw6nV7b03BrEvHbd2u/MdPjTMtkUxxR8OTs17UZEbMsU24Q00RGhgSs16JFcqu9iuT7rYm0gF34LIzUhGHmUyG5qZbSTNGwfGF+RXJuZaln9JOamIWbKWwq0x4KtI8Cros2gBaXRVtToVVk2cjeCUhDlas40A+JBqOBak1EpFPTOh1VqMOoxaFa/4U1M/iQyFeRkSIRQJUSLUmAS47B60ls1qsuuqjbJEgtDYDdVaHUGBChTJkWiCalZpeqaiUrVFL1WjONaWg16HApakBREB3CmLtIS+5ILKzYLPhISaIooN/go9LnsN4n8JcGFwPZWaghswu2UC0WoRLgYF7FmiAvZQpiIgjIUS0RfAkGa7FR5nwkVajtC6SD2iVEjiSKINmIWaTYTU1FuApF2ikxKS0VfcQVYLO1VqcOFhHYG4S7KPsimsFLthzdzVm8GO1GKyZ2K/Nt5LBXm6S+sYWqFCVWrHH2LOj6qGjXqFZ0JmlhvHW7eTc0tWFoiMr4uKM8vEmDYo5p+GoXdLimpUZsFV1qXsAEAkZkNpd1qQPNXeF0zAFV+AirrVuRM4RBdVV2UOwGOfX1ERCyiIiSIiJIiIkiIiSIiJH9X8J1fwXrQBkZ8Yf1PwnV/BCLIvGNHUkxjP6n4Fis/w7ak3r7E9X8L6k/8A1GM5TN1xdfZSKB3OB3Q6eHtcj03/AI3Simk3RUgvJLncnmax5ONyefXwpGR0PVuZ/H47XnsmT83f8pmz1l8gRNVQnMjeN3FxV4vZ+gen7a04fo/Bqqnte74FY+NEzLh3ddpHV4GCcEOzhr6uLxstZbdvh90PL3XbmNMGRRaObo0YXTweDnYcXe6kT2BoTPyaPsm0mcFmX2lXSRF0xZqaLpizUgy3W1l2O+2yrqZ8kic16ufmqqM5OXa+xmB0q6OiewOo2+YxavYFoprFoLUuwi+xYFeq08klapqLUWoWkjHqvUDSRCLSXuvZeqtUEXqrUcSSuJFqOJFqtxqe1wIK2G8WXcmBIZ7JaLIsIKLRJBK1WjE1XqkDQJRdq1WpB69itTNTYAIPVWqIAnXBakIFoPVpFh8TdS7nsYsv8SHQzw0wJv8AYfq1pqhZUAwtqGIpEKEqwdwikCgmfiCils6rERFCqDQUL1RL2X5j1VqkGJNhQmeWRB1EFsq1WIJZokRCyiIhZBqCzi7kfDCNl7LuVeLeaktS1CTCCyzirKDZVjuiWpcZrNm7dmLN8W7k15MGYxmsXIrvZjuSS3mM/UREQxDI+xWrRH4ay34fihq/hGZL/QOF3K4MViYqx0W3ZsTPmxKImFprql/7rSiKTZKLS/8AdWyJaiIFDSc3kA65qrKudHSIGQFzsapuVi+utZbjUJuYvV0jULtQrLajHX1ERCyiIiSIiJIiIkiIiSIiJNjK7/J9OyY/i5fJwaf/ACZnpnmMSIjTSIiJIiIk0dT8f+wo/ZnlqY6Y6a+NytR3z3PsGtfZQSa0ZstZfJjppZr8zPZ4A6fpODq2w4Z3t2uNXS8V18x0juYc84ImZdHiZ6y6vK4s1Zbej9InveTrZcrtHrvTcXZLv4e2HH9N8JdiHmt125Pij8MbMkNnG82XR0IxNMFQJIdk2YRaSrc/k03XTnclIq2czYu6QZuTrLlczLt2tPPyubr3pB0mgGWXeySK2RNWpcc9RFhMrQbLNuQGTSrUyAbGIYgtVRJmosZTUWookbJxluVam2FIOqajHCWFdIeo9RaoyKiR6nRK9FPbRGqNGperLQNQajQsstkV5tGYi5CUtNUQXqoaNQq1EpNjYlXKLVDKHqtIkxIkS01TNAmg9U1RheqRI9U1RDcdhNw0akXI0l6tOPwIie9og7oWscC1SZ0O1DqlaTqXfa06guTqZ0N1DqbcC4EqO0TFalUrUSzzcF9h0VqJQUQUJEjRAg1LFoRIvVYFL1WiKtU1HqhZoNU1GHUsUKCSxbiL2VYtQNSatQGo0al0F3IDSbW6YG6KuhkXRVgbAsGxk0UjP5MOamrPXew5qa4n/WM1gzeYRZvMLdYRIRcAwUTscVBpKlopmwYs7DWxP8rjzPq/E167AvEPCapNWMd4GW8brWz9KaoJzunSdKnR6cquZPlQ5yNl4iLlpFIq1goVl7v/ALGlX27fsYCQ/wDoIP4dB18Bc7F66xX/ANTgX3dv1blZlZ7KbYxa+TLXbTcu/B19AggtMoiIkiIiSIiJIiIkiIiT6N6pkxvK+ofq7mbFWdm/rtvKWE8n06+qa19Xp83pjDm4WvyPknDF/Do+31+JNxqdZvWMRkY6r/aWjoy38bBNLTrl9CjXXjiz9ZVfFlm+2b7clHS9rMjvFMrGXIvtZ7rav5a+b/uxNRvmGYa0vZsw5d3PbeHO/aO/jcdT03FVW9p6RxtYlxfR+NM67PW8CZm5eXq7dd5HW4cupDn8OnQ2eWx2hkN/Gll4zoQy20QPYuB2lKvYqwqutYSBm8HJ5NNPJ5XZq5d0kvZlzZfqHNlI2QKzMxmaiAauwiUWLVaoJTWMlqXYBmtSpsC1KbUqGwCJPiRYtHEmRquDO1UVNQaj2DsyYXYDyA1iDgKJGwcVAtiNaIEXFD2UuERVyZsAWY1pahWWIKTmknU+yiCx6LWkrVa0SVqAaFFiiV6rBq/gijIlBWqG6g1SBqtdl7JLQGy9jiWVcG7bAWIuDEEsAoQKwVopZwWKUJVgloNaRaDRItDUWC0CaCRLVwNUSvUY1oVajVqsAViRYdCIKCc4tN+AEW0zaiIgxlSeSIsBYNTLA0AotR1BIs+yLPMRG3yJvuMutYIuuwlV1qT1F3XxZ7p01kvNXew5q1aM1MeZqCk2Awss0SwwIGQcGlQa6chFCCxVq1IjNila8LRj8GOKaYplswvVeyNW6sBYbHRd/lmTGbLS71+JNnlX+O9qZPrLPcgOIs7pWVmGG52an+r/APCEHc6gbFgPmqJ76EprXOzEYsvm13WrJf8Au6cLPWgREbZRERJEREkRESRERJEREn0mMGpn+FZcky5PJ9TmXOxNXLzzMODyc7NyebWRki66neaNdKO5nzSOMszBGS9+2Czbhcd7o8Zlifq6HGxajR9aYnsS+1PhqVdar3PqUXm7YXsRya+LQcrmf8jIfyfMhR1R2vTcGurk4p2r+HZ42XXtHXxrn69V6X8XoeNXfLyPpuenquBW2rydO8dzhuhHc52F2eNLy306xowzrB8VuRdfE3CG60x2j2KHBZiM3MrWGu+2HL5NbWGnPzUy5vA/NTHmpAgrNS7onXZGgvYLRbPZt0VLDsXdpA1mwxakIBYF2BaUBqNNnSS34yKDYLgyEj4S61L2Vf5YvU/pMihlwJr6UDqYFzrUoR6riTNUbQ6i1EJM4CDFLJRERVIHUSgbWe5I1abL1QL1TUS0ACXqmqEUExeqaJUZqrUYdUfBeoopq+wMItlBABcjVqYitQmah1Oz+rUhEQoK9k2XEiiIi9V6jNIVxKaiidWgMOq0Ywh1TUS/4Pjq2QpQrL3FQ0SBxLUAV6jUBatS0QlUi0OJSLQFFLUhqItSWotE/LWetSlWIF+DIK+aJ80QUGxqvwSZrJo6ybdNRWcmvA3N3EWpNOM2ama6aMzHdGTAVmplszLTO6S6xagRBMZooF5BgW2orQ4kYRfwJv8ABKtERpB/jvWtcTsrJ/FhsGeJf80JhqQzZNgKFaxaIh5uKh/BV9pxeaVJ6Zvsr+CL82gm/N0vM5+MgCKwgUm62AK5C6YtVYV2o/xjr6Xm+JF+B+b4kX4OvPw//UpERtzRERJEREkRESRERJEREnouf6pVeFOPk5VVfaz1X5r89wsU7V/AkxBaorYWHi/z/u2xwhfbNrMZhxbW2+2lInVK0eHHLRGpG0gvKWGtjzZQXkpjz3TNrWX+nbUVmojelX3GSfwaz5vMozN5ltNy6ZirWv5dCLct0OFtXaz01HovTdq1ev8ATfi8z6fi1iXp/TZ8Xj7uXHoj0fDnxdeNZhy+NWrTGXZw6mula2iCcPgdDLcFu0QVqLZDFcq3Iuu9uzUwWlGPk0xZqaeTTn8mwSboMUTuvZCn7FWDcRBeiJdF9UYTAg2TY4hbKCprANNQiblBgoCgZNUX/K2cs+mGxS9il7M243DlggasUMg4mDlSiIiC0UsFEUjUqWpAsjQ2WbfgWV8AJAoIJEOFFg2XssSlL2QYVIi2osGvZSmZNS1BRfRFWAav4OX+ACjk1E9HWfUcD1RqzUi+5Bs2YQogmswaHVBIsQRIgk0UiwT5n3KamTEmqLEqQoKF6qxkCDuVIaFBBU9nEUvVFZi1SLUAi1IYlqWG6VK1WmwgyzoIJkSg2sOyws9kXR2amW6KBZN0OybaiItjzNOamTK3Iyx5q79SbrX/AOJubzJzeDbmKK2GyxWjRPdCsxCgUBgyAf5hqIhCLUM2NQBkLiRM40k/n+FqjtWx1zJdhlWillIiIcWqDc7DUNwEE3OrVbNmaBahAtM2E3XkWK517QuiVYRBLn19LzfBmtpzf7s1uvJ/+oERG3NEREkRESRERJEREkRESRs4M/z+fz+WNt4Xb+R17i3HXwy1xLPh+xgZM2ZcxpOaki9gX+E/lP5VvN+tSYLXs2Y87bfhqwZmMxm0pERrm450jN5/go/LO35Ib3fbrz8HE7Xq7vo/F/jupyuFO2Z7Hg4NcLn+nx05bOBien9NweNORwZl2sOXWHj6d+XUP40uXxrrLmdvD2uNsvx0bI7TI8yIoyO1lrGlVg6pV5US8zJbTfcx5qQc/k6ubyabeTTnZq2Q1mBsdqXrKA4oVqBZGguijbL1N9rVoVstpaasnYTUmLTBbFoAYr/KkUStjIooUULcMPWqKWLDKZBheExnGjIMBhOaiUiIAiIiwoESNfGbUREYQVDCkXqmp6JM+qrP1LuWyQIzQF/hZf4vSkQQo0KCCpMWiQIikCIKqgVrRLVItFVoVrQUoIImViKiV67G66n4gapc6mAtoAWgolm0A1CdZWoK0iVxJsNyYlaoMIwIFaKegHVeq1nF9Dc9hZ1kiIKLgKSIiEqDYg2zUE4lNlgWX817As30A2Xssq6aILZ78zLIuu9Au6LpLLumviZ8', '2025-12-06 07:07:26');
INSERT INTO `traloi_tuluan` (`id`, `makq`, `macauhoi`, `noidung`, `thoigianlam`) VALUES
(6, 2, 33, '<p>hahaha</p>', '2025-12-06 07:07:26'),
(7, 2, 43, '<p>huhuuuu</p>', '2025-12-06 07:07:26'),
(8, 2, 44, '<p>âmmamamam</p>', '2025-12-06 07:07:26'),
(9, 3, 21, 'mâmm', '2025-12-06 07:10:01'),
(10, 3, 2, 'haaaa', '2025-12-06 07:10:01');
INSERT INTO `traloi_tuluan` (`id`, `makq`, `macauhoi`, `noidung`, `thoigianlam`) VALUES
(11, 8, 2, '<p>THuận lon</p><figure class=\"image\"><img src=\"data:image/jpeg;base64,/9j/4AAQSkZJRgABAQAAAQABAAD/4gHYSUNDX1BST0ZJTEUAAQEAAAHIAAAAAAQwAABtbnRyUkdCIFhZWiAH4AABAAEAAAAAAABhY3NwAAAAAAAAAAAAAAAAAAAAAAAAAAAAAAAAAAAAAQAA9tYAAQAAAADTLQAAAAAAAAAAAAAAAAAAAAAAAAAAAAAAAAAAAAAAAAAAAAAAAAAAAAAAAAAAAAAAAAAAAAlkZXNjAAAA8AAAACRyWFlaAAABFAAAABRnWFlaAAABKAAAABRiWFlaAAABPAAAABR3dHB0AAABUAAAABRyVFJDAAABZAAAAChnVFJDAAABZAAAAChiVFJDAAABZAAAAChjcHJ0AAABjAAAADxtbHVjAAAAAAAAAAEAAAAMZW5VUwAAAAgAAAAcAHMAUgBHAEJYWVogAAAAAAAAb6IAADj1AAADkFhZWiAAAAAAAABimQAAt4UAABjaWFlaIAAAAAAAACSgAAAPhAAAts9YWVogAAAAAAAA9tYAAQAAAADTLXBhcmEAAAAAAAQAAAACZmYAAPKnAAANWQAAE9AAAApbAAAAAAAAAABtbHVjAAAAAAAAAAEAAAAMZW5VUwAAACAAAAAcAEcAbwBvAGcAbABlACAASQBuAGMALgAgADIAMAAxADb/2wBDAAYEBQYFBAYGBQYHBwYIChAKCgkJChQODwwQFxQYGBcUFhYaHSUfGhsjHBYWICwgIyYnKSopGR8tMC0oMCUoKSj/2wBDAQcHBwoIChMKChMoGhYaKCgoKCgoKCgoKCgoKCgoKCgoKCgoKCgoKCgoKCgoKCgoKCgoKCgoKCgoKCgoKCgoKCj/wAARCASdBQADASIAAhEBAxEB/8QAHAAAAgMBAQEBAAAAAAAAAAAAAgMAAQQFBgcI/8QAOxABAQACAQMEAgIBAwMDAwALAAIDEgQTIjIFFEJSAWIRFSEjMTMGNIJBUXJhgZIWJHGiQ1ORssLR4v/EABkBAQEBAQEBAAAAAAAAAAAAAAEAAgMEBf/EACURAQEBAQADAQEBAAMAAwEBAAABEQISITEDQVEEIjITQmFxFP/aAAwDAQACEQMRAD8A/RikW72u6gGljm4z1NREFArPMxEEgx0RFIUpEQ+Q1EWteRUiI0lhEFmVIEZYkSAGhnpBgatVrUiIgo0QghtSKVexKKOFAqWrEgRKCLQaJzoF7IpYuelbpusGp1vTNhbloMHkduTa1rGL2FFWpLdGgNl7yRfQkB1ZJvlzKZaUYb5csub1OY+STrbpvLzl+rT9ir9W/c4np+rJV5ZeWv1X9me/WP3Ehj1vuJD76YeNv1X9mXN6rV/I4LXuf7DH9ir9Qn7vBX6hS/7CgLXvP7Cfsv8As5+zwP8AYUC/UKlF9B/s5+xN+pz93zy/Va+zPfq9fZKR9Fv1jHPyJv1vB9nzPk+qV9nH5PrOSfkk+tZ/+oMPj1XlvV/Xe+taeAzet5PsxZvVslfJi+prpj0HN9UqrruZf7evs8tm9Rqr1YcvMpwv6HHpfVfUt48nF/tKm/Jyc3Mqme3Lrut/HV5nM6vyYLyEbGxOzh11p+ijLR0VW5MSYzreNUZdWiMuzDskZe9zxqRv2F1/ix7Fbd5no43R3bM+YMUXmpafFnzV2Mmw+TTNDfLnXZ9L5lYHXj1at+6nloo/q/F2nd/jn1HuOH6z2dtOz6f69UfJ8vw56lvw+oVPyennq7tYsfYI9fnTyaMPrW1+T5Rw/Uay/J3eH6jr8nfnr0w+jR6rQ/7Kvs8Xh9Smvk14eVt8mubrL1kepV9l/wBhTzcZdvkfFfs6W6w7f9hRkeoZHI2TZc82/FruR6lQ/wC1cBG5zP6npo9T/Yf9h+7y29C6tHA9P/Yfun9h+7y3VoPuKF51PUf2H7FX6h+zz3VoOxxPQ/2H7J/ZT9nntv2Vspynov7KfsOPUp+zzey9qPhP6np49Qn7D/sJ+zyvVpXuKXhE9V72fsH3s/d5b3VB9xTWJ6n3s/ZP7Cfs8r16T3FfZip6r+w/Zf8AYT9nlfcUnuKa+menro5s/YXuJ+zyPv6FHPo4HsoyyLqy8nHqFfZf9l+wqer6s/ZOrLy8epGx6kk9LvJm0/d5iPUv2F/ZSGvj0u0/cN1Lzn9lP2T+yn7JPQ7SHqy87fqX7B/sv2S16S8sq6svO/2f7Lj1IsvRbzY3Djmz9mqObIvtOojFHNlojLNueGQ1FbqZPiJAqTK0REcRERnyPipIUjWgSIiSIhV2NWGdpNi3UZfenAoiNaqiIi0YiIi0xERQtaWFF2twS6+hrUtznL0oAV2DZaliL3XsLdZg0BsrdrdaMQvqg6wsR6FdVOrLOI1NyL5E/Ym+RP2Q1r2Xsw+7xfcccibbs0a1RaWVtItytEpW8h6srBaODO4jqyTfIGavJtWw+7kXvpVZt1s3BuxXzsZV87EGddLcO7kXzsZN+p44+Rw67u4Xnb9Wn7r/ALbH9l4nzeg0TRyI9Tm/m1xzpXivNsRm93Ke4OGdtASvcL6qsZvtelLL6qdWV43+DcWi+rJfVlYtGgOrJGbl6QzYbWrfRmvlzLkcr1OZ+bh5/Ve/sOMvV36hJF+oS8lfqRF+oGc6Lcesv1OWe/Vv2eTvkVfyB1av5OngPJ6HN6r+zLfqdfZwbqhRVGcrXVzepVUeTJfKyV8iCro+MZHfIpPcUSkKyIe1UHuM7QXqpzqDssCb6myfxCCTdM95WLC03yNXP5PNncvk5ex57n8rpONuNyOnyef8dnPzeo/s4HJ9R2tjvlU539Y14u1yfU/2c3NzKq/Jz7uqL/lxv7TMdPFrvlFXl2Zr/KsOznf1v8bwOb8guqaNdiL7XDrv/T4s3+U/yb5WKMbPkZCdT8P7GRjVrq52a1h96gKHhqfGi1hlpIcyooyLRZq1Z4y0LmV2M2GmS6MV2BugYaS52NilZc3mXq19Mu52PMFKVtS9V3LXk52F7C2peoLlqdYxYdh5FYzsXqGSs3kwA21t6OeqzY9dwOfXa7/D5lPn2HndJ0eN6vPi6zu/1zsx9F43K/Z0cOd4jgerY9PJ1MPqmP7PQ5WPX485nVl53Dz8dfJrjmz9nbi7FXahHPjPNfI3qukDYjN1V+4MiPsjZOqFnELZArNS1KDssQ+5NgXUh3IHatlFDTTtk3KtSxGbJtqAsyJp6qrqWdNkKZvKdpXartS05WxWybLBadsvYnYJOtGybMwtjhP6qtv2J2TaRgM2/ZNv2JUpE07fskZf2Zk7Vhao5WvyP97TnLFidbDz6dDD6lX2eaFGdm8yp7fD6h+7Vg5s28JHNptj1KheU9rHImh7S8fHqrpYfVf2Xjqeg3lN5cuOVNfI6ORLN5LcjHvN/MbPUWtO8h3kgF0pC0bGbMWw9haDbJ8EX5M/Wlxaw6iODdUtS2sUiIiArREGrFItDmrVIiIvf9Wfsvqy8f8A20/Y+PVp+x8Wr3r02xfWl5/+2n7E5/Vp08lzwL1r0N5ZJvlzDyN+t/ux36214jye5v1CS/7D8PBX6rX2D/ZV9h4T+mdvfe+/ZP7F4D+yyfYP9lX2M4n9V/Sz49zfqP7MGf1bR5P+wr7M+bm7NTifxm/pXos/rdMn91X2cC8u5a8IL09J/dV9m3g+sd/k8cbhy1LXjBr6Hg9Wk3+1l8/jm1HyM/sKV5l+rye7v1aWa/Vnif7Cgf2A8IvJ7G/WP3Iv1v8Ad5C+Vv8AIHVpTiHyepv1r9wX61+zy+ybLwg8no/7qvsVfrVOAmynEXk7N+r0y3zclsKHx/w61+6pPdUyIsWuth5uSPk2x6rX2ec2XtSwa9XHqtfY6PVv2eR3r7h6tfYXla9l/cfsn9v+zyEZa+wurQyLXsP7X95T+1/eXjerSdWiHsP7X9oV/bfs8f1a+ydWjU9h/bfs5nN9SqtpmnC6tB32U9pqvLkr5EbUovZSIWyBQ32hIiMpawokLZSkSVspVpBiGhV1oVeUI+yLoq+Qw8nnzI8pDJrdm8HJ5N1PyZuV6vMw4fM9Wn7PN1+3vG5y6PM5mu3c8vz+ZVbE8zn1l+XawXdU83X7SzHacjyVsKC42oyJeXrrbrpOVohsOOt+JfQqk6VS1RWqeWwtOExKr42xxd5dWfJplvBqnS1HecHUaTRGujPYuqTeVIzDJMVrdJhzgvt7lE0ZspfV1J2Vddh8UnMzk4crJkrvFFNW+8DpRl+LdimqhxYrvl3MPhKzV8Dc/Eq5HmrvIvLLBLsGyeSamMVQLOuWbN4GMM/X1sjNnFmxE9KnWXGcBeWhRkpfSBc6t89M2NUc6sfi24vVclfJxRRl1eqdZMc7Hs/TfUa+z0fD5lV8nzjh8npvQcD1PX5OvHfpjH0PhVX2dDZ43h+pzV67PQcLldj0c9TGbMdaKGyRlmjdm5Q1JFSRsL8KfcFrSErZezSkPItfVDsMKkRE59IgVXSUqk2RNVjovZPzRaHGLfWJdKCjVuOcmjQAmY0ivwHYNuuewaXsHYJs1S407KZ17Odh3TwB6oLo4jdg7FbL2IS6XsWG1Y2dsrqkA2CattlkbJsMGtGydWiNldVSNa09WjYz1LD1TN5Fi8nZw8+pdDDzfs8ydGXUWHXsMPK/Ztx8t47DzdWzDz2M96XrOruH/wAnA9+dHqH7Gek7IocuOUfHKlnxOulC2KOVIvcSxl/pxsWyxyJF7iVh061wR1ZTqt5sxhoQjqp1ROdOnqL2NPiYpFhZK1hV/wCgvOxa8z7+hxz6c0yHWxhu/sKBfKqmbURsZvSbVSdyKakF6WvYG0r3lrGdWhd2HYzk6crtDum0qQanaraQhUjoZ1ZTqlqPjEdsmxQxYha7B0pe42fG/wAWg0Gif/0NlqRFqWJS1Iqlh2VdFmXDfZuwtiEAOWqBIamiFjFi0aA2BtTOLTEJ3oXcCJCe5O5acaFAjZL2IMUTtS9qEWmqJ7lxVGqU5ZOwdqFJ6Bik3lSahIHdcUEu1Ltnuzsn1JezLmvUrk8rVw/UvUqmHG9xvGvmcyZ2cHmc/wAnN5nPqnIvPkq3k7/WbkdeeW7lcyu7uc/Lkqgfn81RkS8fX67XWc4UKJbI4ux8cNyt10xhiTYmm6OGq+P8XPWox6riaOudGfqzvqyTVJtJebXRq3EZtIc1TTDt5DilZqLtW2o7qWXNS55VpnVVmrsYu6DYy7G+kX82zq7QxWLbWG4KO61LvL2ITbf/AJZ+k7d44Jvt7gxVHBrbhrvl14z9ky8/GXvbIy9jOYddG6Z7pl9xS+rVM2aNatk2ll2RuTQ6G06M2bwFFAuppJn171istDEZs0tbPlalZxludQm34F9JeTP1XVOjk1OupPSX0nXnr3oyO3wfU9bej4HrU+OzwH86tnBy63L0cfr7+ud5fVOB6p1Xd42eafOvS8/7PT8DP+z0zpzek3k/dzMNbNWHZ2FrTupS9TBKtLRRKgi1FqrBQoItYzIIC1E1QUEY50KIioQSBtnDCrRVhdYkREaQkCjKxBBRWoQRBCCiKtGUm0REytSKJlEpSC0ypa9ixQGmmLXtLOrqjE1br6urJ1dk2ZvtNfuPrRscqnN2Ng2Y1rqe/o/Dz9XGg9eOKV2/7KTY9Sl51Nlh16WOfP2HHqH7PL9VfXBeq/sp+yf2U/Z5X3FJ7ilmB6z+yn7J/ZT9nk/dUnuqKe04vqE1bbfNeFw8rW2v34nq6nr/AHv3pPez9nkPf0n9lX2Ket97+xfvf2eW9/X2K9/X2Sjq6qEjMVUiLdMcrFLtLK7jg+lmK1XpR0+OAUtBa1zMCJNUOs1ECapWlwGxxILOrEVdKUmlm7A1TUah7qSEUos0S1LBq0QOwsFi7kGot02BVqmq0alS1bpZY1kQbAjN9MyrEFBreCgwhewE9isKjEpUgZazDU7QKQM2oiI0UREEraIiIWjg34M8FXl1FJ15WTk12FXnlk5XMxzHk59detaxn5NV3OBzO63Sz8rHUU4+S9rfO/X9ZLrvzzrN0Nr8U9nt8WvD5tDw9d47SOd7H9TI4cz3N+2rJmyuVmtz0C5mbKupLzZWO8vkbTjVfK1D7rZhutiurqcWN+at3K5m020xyZZeRlmli+FRnoXXZbBs34jWjbaxbalRS7rsU5WmXl2AV/gyKbkC2c667CmcOjCbJdy1Izob8GbM02yZvNu3GeqrNW0MUedNd+DLHyEjOmRTRFER2j2GYr7M6uw4ok2FZi0zZNggujDp3UD1Wa61SK2s2KVr6itioobItFsDXZY48EAa9idJoiUuiiKllzVPidmpitqX1iVdLx5akv8ACW3+dz2Opnp1OH6nWPV6Hgeua/J4f8NXDz61Oz0/n3bNrj1H1b031iaei43Mx1G2z5f6dzMcvV+m8zZ3nesY9hGWavyP27HH41bOjFPRzZQcsOwtm9SKRZCgGf4CKgIiKCqCMBc7FLRBjIg2gbLSoAv/ANgNxIiISilqYC0UpIStgXStm9OCugXQVMpakVYCwCQaAqGBNKsC0WoYERVYhha9lJtxbgxF7C2VOmL2K2VsRpuybEbJsTpuybF7Jslp0Uq6L2VsBaZsEOybJGwvaidtVdUYjtk2Z96TelgaRMm9C271fTUezEPVerGuhKNOsprJ8h4syH6p2rcJCH9qayRhGqH6yHQeX+ovWQaybqrUjCdU1MCiOC7kSzKIDVWpmqaqi1ShaJqdUUvUSDToVDCpQoGg1q1qQGq9BItSlqWNSJqiCjA6pqYEDE1TSRBRDqmokQDqmpgEVaiUoai7ks6yrVpkLNjwBqIyKogdV6n4sWmyirFK7pgzZT7pzeTTHVylk5WWphyOblqoa+Vl27WLJPUfP/b9P8d+eWWbpojHsHDg72zDip8zvvrdemQnXUTTqXesucbJY83yPzUx3TRIumLN2tGapY81GwF3lIzUG6LuyKRmqt1xlVkJt0nOMadeQqO5YTg8h7C3JtCNM2MimcZi1o8pV4gw5V8mfk3VK2Ye5kzVrdC43J7NSrryphaXdEfIV0WmLTr8GWJ2vVpju2kyMWtmXEyZp1LauZPYys0xpwjYttTY2qzKLDgZqHr2E5PBfbikK2XFTuTk8kjzarUnrW3ZZEeZrMZ+HRRm7KvY2YJ7atgWCPATXRJsr8y1aquZX/qYp6c+5oNtlyTciRbjMXf/ACTofcl69+zpy59TTuNyqm57nsfROZWnk8RbVw/UawO/HXtix9g9N5XZLt4anR8t9N9arSXrfSvVuprs9n5/6xXroobnYeVNNsZZ0dpdBuwidhwUYpWyzqXqmqlJnAKWoazQoiFjEKs0u0VAUjbWrQKILVa0ZGqLsdhsEvZWwtS/m6RRd0UZ5B1FA4S1CFVCoNh2ZwGLK2Wr6WqtWywGNxewoAjV51aNVpsFkIiIrEJERQItFNyM6tS1CnURaClS0RSC1SIhKrUiBDhFILGo98i9VuboiA2GZcQUUruaUEitK+6tP2AEi/8AyV2i3SEBm0h2aQAiAENcQocLWV6osBCFjUjYiIFWBS1LIxS1L2FpkRS1CGoi0WpSLUpUtERWrEEgQhIFSQy1oli1IiSy7kawdBEi0laNatItQrCr6KmezrpntW5NTLnrVy+bXY18y9XNu+rbxft3M13451kydyol0cXG2Njhy+T3+kt9PVzw50SdDXm4v0Ivj1LlrphV1LDmyy0Zpc3k1U2EycnLrbNeeQ8mtrZL81EO8ss+aksu5oyKkZmW225Z7lu8sM10Hrpc6slukmsVv6s1BrmRWo+vRY1rsGpPXM6s6IA8U2WFIzDTXdbYmSPM+KM5OlxOq9jC78zmLS7TXsFqOJEuAvD5tUM+Ge+miJSZuay4aaeay4e3tPPqYkto4zP5W0R/pQwQ5qZbOutrKvwawFIBN5J0yK17jOrTMZFfEj1T+oLqsy48xPRxp6p0UyHRQgaUBFDCVZVzscHXZIjpFXiatS7ky4L7Y82KWXTW3QzSz3Lvz0zY6Xpvg9HwMlTrq8hxuV06d3geoTvL1fn1scrHv/TarSXa42zy3pXKmte56jh5Z0eqdSRh0YWRFHuiWhayz8GikDSBEi1zoURGmFAMVYaJsK0QoUWojUREWBERAdL1LuT8xR1qUvVBorUBBBAsKulDuQFlB/hRuov1qFKs8tNQChWpqfBQCWoCUKIIFUCUtSnEREalFiIiQdHiiJamdOaiLDY04sKCOsUNqXdK2WpYgbLDUr3XVTqk9VOqry6abtS96Z+qvqmwadsvqkbUHYLWnqq2I2VuJFej9kJ2DdKww/aQ9UlSR3VTqlqWYTeqvqkog07JszLWDWnZTOpaL6aVM/copp2BdEokfsrqkbJsIj+qHqlbKSO6ouqziRh+8j2ZV7KnWlCdg7UsLQjPtSbqJo2DuQgwVo2TafszAMP1q3lbIYhY0g2Iug/+QxRp2Kume6VtRkVO2V1SN1bjTF3lc/m8rVfK5Ezs876hyqy3+ryfr+skyOvPOtGbldW+03jz8mbg4uq72Hizo+X+3617fz5Z4Pg7pTigm+Rjh5bXbFsmbLKZs8uXya2tgX0fm1pzeZi28TLoi8roy5d8emPkzq6ubPLlcmtrMTKvaWfNl1sm8rp4s6233M9yz3npXVbZ0HJlgzOjdbEZsW0NcxztY167Qq51XirvO+tZMjBSulUmxllflDKJWXm80jZmTFh3im1KRvNR0ZV7d7NfmHbvPNTXt+xkeDDGU+MrKNx+Y7orb9g7lLzdzJc959k5jEvCvPXxBFaoJz71F7AutlX5qaTPn8wNWoLnZrUQKPNoiZX/AIaSfAKCcql7fEyK+JcJ4j6ca4poimCKaYoQHrguKNgoZJuqtDZiZckseaXTuWbJiHPrOU59z8lYeRU21Xi1Zb7e56ebjnY9X6JzqnXue+9G5XU1fJ/R8+tTs+jf9PZ5r8zT1fn+nv25WPYRRsUzYa2Oeqe2WkAYpbbFq9RBElKESBWCiBa0ZEmA2UYpqVEIfqTcgUKIpplEREkEFBYkBstXzTUgbFADPFENgFdBSsBqrVaFlIlBKtBQdVqsNQOqtVoiiDRnVhahKOmKRLCokGpZtKIi0tUi0CUqzABVQRWE6yitUUBai0W1Iy9chXVV1XSuunIVsLZVDQG0h6qgpm0r3JTYMm7CI3XsLDKcjPsLYHRjJ2UrScsneg9xvRjQjLsmww2H7A6oEZ+OdM6pe1IhlVq96V3IikFqIitRhWvYvVZkMM2VsAGiVp2ybA1XoiLak2pWodVjWr6tC2ovtWfFeQ9k6tAV2gUzak2otaZ0zalXVKCmvLF7UHelqFU61au4Owbpnr0tS6Iz55n8qunK5ufbtlx/TrI68zWT1Dm1V1qzRPVT84trbONgfK/T9La9PHLocDFM4WuKqQYZ7GnpPH109UjneoZa+Dn/AOXZzYp3B0sbEjprl615E235tZc3k55aYsZ7YOSdmys2akK5fJy1LDmz97o8nVzriW+eKzeoVdbFWf8A4Zc1S7znXPQXRV0K6BZ/9MWq64+v2E6hP1lV9y9StvJIy0dQg9WpDdKZnotEUKio8DNuw/bKMxS580nzNhpAzSW23M6Odc62zqkXsYztMHThvwUiMsoq/BL7SLatxSCRcKsyaMKvusyJAK8usGtVWapZttS7qqDC8VIf1Q9Xe/1Cjr4HD0/JceZzn45MFVHapZ7nDScTX8yD4UiooPguGjWWQDZN0vUGxRsUC6kOwbrZuTEz8lzb+Tp5p2hkvF3tc3BZrNhrW5p7L/p/1OZ1mqeNuD+Hl1uXr5slcrH2r03nzkjydWM8vnn/AE5zqqZ7nreNlqnojnXYjLJ20ufFD6rtyzWzZW7N1V9Vpz+H9Wk2ojqg64rOtW1K3pl66+qFrTvS+qzdRGjK09XZNmYWzWL6dsHYvqh6oDQonqq6qoPRn66uqIjlWT1VdUtSnq2I6oeoGzkJvKDqqCnpszdVfVQO2CXvKbygYrYG8q2kfCPZNgbymxRiEdROqwj0L6qdXZGUy1A2XtJ+K3RoDeRQZAYFSKRC1WrZXcVqImtK1ZKKWgAEGprRYgBhWLHpEUp0Qll2AbTpuyyjDLoTZZVoNR4QbBApuyBAjp6A2WZCIKlbE/F3KtVbi2GrVaiRWwFowXSy7UAtk2LRIewyRbNIxWwdlbKmQ4JeybDFpigbJsfqPAXsmww6MOwQ7NSLR7LugBUgtO2TaS0Fh07YGxSDAPalFXQdmVJrQpm2BeVz76x2k0nm0wfme9qz2VM7Pnfv+v8Aj0cReLFLTGI3jYKa44tPmd3a9fMDhlquexI49SdrWjn005+aWTNWsU6OeHO5M9lJ0cXk563pzOTW1urczuwcmZLDlZqqWHNkp0OTUy5fJqWoxS7yMOak5NMl5adJ7cqZeUm6KugbO9mM6K6DuTdKvJ2Csn7AumfqSLZSYhIpFh1BR5hRKG7CiiBbUJA1R9gfIiMpk18meuS3bdhFz8iuoLbZvmgvXvasM9hDRhNuJVyq+0dl34KVE3RO3embzCJMRuyroBd0Z7OGdUrN4FXVUBqQCgRWw/w1JtOiWBX4dbfeMw+K0XeUoDHUw/zTeqnuGWvBWPz/AAp6XM8prZHIppjMwGxlYsl+r43xnF7lkixR3M+Opq2ql9wIk+JFuJQhRItT9RVkXLbqReKmZE5nKnsZf5dDNLDc6O/lf4xZ/XZ9C59Y8ur6L6VzJzz5dz4/Fa3tL1f/AE96nW0vV+fV6y1w6+vp8Ua5PD5W0bNnXl6efmhu/OuimeMp0Vs6a5WbdGnaWM2jV6ymqkGheotQbK2aRqFdVXVbxaNVg2VsxYdRS0Siloiq1FIEwKsF0PVWpWkq7h6huRi0N1RfVo1Wqp0vahbL1lNRi1WybUlh7ljIu4PcvuVaxJtSdWgiF5Kb0mwUOAfVTYtds4jOqPq/szLJa4y/sPqyw76p1TItdGMsijLLm9QXVVDpRlkcVNOfGUcZWcTb2p2sXVTqrE2doN5ZOqDqrE3bSq9WLqp1S1K9XsmxaOmIW6A2GEg9woLEpaIlERSJLUiNSo3tApSSLUhxlERFgRERYkRAjGxBVstSoSwIsQ0UiqWpAKRaMId1bKQ4aheytjfYGgRGNX0pWy9itkybsm8kbA2ljyMjRsnVI2JzV2U52yNSHXlBeVgvLTPeWnK/rJcdfF0b5Ele4lzvzdLmnj/X9bfjtzMb57m/h4trcjDTv+nztq+d+nVv16eZjoYeP4tUcfVo4/H3g729PH1cuO0YbLbLxBuZ0TTlZvCnJ5PhTt5pczlT2U6F5vNtvTmcnZ2+TPk43MOay5HM23c7NTp8liudmmK5HJY7rZ0+TiYc2LV35cema/AloZ68mqxoC81fEd+LO3yEREaQ+rQtvyUvahYjYy7Gsgt6HimoN9sJFbQmfwo2AuMuxsMsdvc0RWzNjXwyB4fAgcVoFrRdHYaZrnaFRk1Zob7Z83i0xX+iycmviEz39gbCLakNDmr4kjz+YHSTAgfwv8BajHX/AK0a/wAKF+Fz9akWiI6EKhhY7iii7/40sEf8n/3EjUmJjOVfcKFfbPXsW9HxTOLbUUyN0U2YqcuKnybsOeWP5ga482iJZIyy04crCO1lLnYMUYk5/J4uzj8nBrb0duXzJmm+fQ6+OHfZjaPTOV0rn832hz4mOo17no/P6426+m+kepzkw67O3hzvlvpPqNY7mdnt/Tud1Y8nr5uRzr1uGuw+Kefw8xsjPs682Viu1smzmxVGRVfZ0llZbtk2Z4qhlWG7IATWM1EChAkBA1VEQIlZiCIEDViCihX2kBtWwLpSsQtlXWwE2OJSrXsDeVhEFe8pvKxLV/kF0myvsGK7aBsrZNr1CPYHayKpFIsGoiwKRCQIlYkCl0HZRUX+Fxr8S9k2OIzYUUTsvZmxadvsonqpsMiOQnYUUviMQrYUUE9gCw7Js6tyIbANVsq3TEL3Xs1owaAWzahIBGVaMKIpRokI2TZpSmh2LRaDV7A2L2UoN2TYlTUqaVFbC2TSamRKtlbSsGGIXtItgcEgVbM6ZFqBsHYWkxC9lbnVRjJ2TYajt5TeSBHViXSglXSvX+NLzM15dV5qc/Nlcr1GpD75TFm5lKu9iLxbPN+v6ZPTpzzovzytg3yKD+eHSdCnh7/S67zkXVNxUV0mzh4Hn7/W2ZXac428DBtb2PpHC8XN9J4Wur1fCxaw8/XTrIfGKcUM+amjNXYwb97jY6yF3NWu57GjaWfNXYYa52bE5fJn/Rp081ORyq/0aa8mHG5M+Tk8zXudLmZXB59Ny4GLmVLBZvJ7WW8rrGKVyalhvuOzUz225dMHIlndG52hmvEeWKzbKvwoV4u8m51dJNAEHPmZfgdRCIuJ3aSkFrUhGJcXqPq0WtEy8tXAI81gUVmNKAw+JrAacPgCJ714a+I77bSOjthnvusXkrUWai78Ga/qdmDqpMRN4pmCmnMRpTpLqCpaKKqWi4/3VUnvEgagW1pvoN2C63+Ji1qlIj/k/wDuctFR17QYEZIwqApB12M6KIXCs0SupxqdDD4OZhrV0cNdjnSeK0ihdLYImmTNLdc6wzWr7TkcyXM5MduztcyXNuHbm5WLGLDWtz+XoPSvUen5OFeD+Pz/AI8U41aW9PNlcuo+h8PmTXyd3h12PDej1+z0/DzvRz1MYsx6HDR0OZGeT4zukFdKKHswRnPjK6MVo2FFM/VXs3PmsVrVsRsjoyPZexaM2k7qr2IQxG9VXVLUgb1VXWxathqMD4h6pd1shq7pWwVBWrDa0MqwCDApWhwqwqMZq0Kug7FaehG1JtQWnoT3fJBq021bAUpFaPZWwUK1EChZwSBUCMKrorYX0jV7FbJsqdMuk2L2TYNabsm2pGybDE9uKDtdVKe3Sl9y9hFgCFBJkLT9GiItZxaKWmUDdKugGVIFEMSIiLUNQUBxEVsh1LRS0pEWpSvV/hWIGybM2iUewdlKSWsKC+zPSIiHFqIsAsUokDsJFL8GcV0VdM3425/MysHV72rmUwW4fpfTcFGXvaONW1sLTh2l4e+r/Xo5mzXY7dC80yTiygvO8HXWXHo54Fq38DF3ubhy7W9J6Nx97lzdJHovSOPWk07sTrDLxZnFhld5XPrpoedg+Zl2z2xHSLvLoxZs6s1OZycrUFTNyOynKzZ+yhZsvYx5ssmM1gzZe+nM5Nd7oZqnenO5Pm6RnXK5nmw3Lo8ljuaarLDcs9up0mfNgdpGK55WbzbrwUXeAy452MNyVc97XeIGpixl6VB0/Vr1TVplj6ciiWm8XYX0qEunAdpFz8j7AZRWcR2q+l+p1qUhUTtZ+srhbgt1WolrZOYCO22vyZ9e8+PNqTWTMM7Jm7T+NJfJlJnBqZqG/BS4CEWvVnWsrJc0mlNWq+k35DGTSk0pt6Q+lJ1OfpS4mqb+kKcEs3vEw9JfSn4t9zIehsp1qYOkvpt3QlV4JF6THrMkOh0i7wGXExo05MAelLWr1/SDsU/IYmb16UFhdDDXYxx4GxTFToYa73QjJLjRTZhpmprsi52H8EMupy+ZgqnIzYql6PJ5OZzMXfs3zfWixxc3hTJHbc/l0s86EXPyejiz+ufXqa28LP03oOHyap5nD5PQcHXSaejm+nKu1xs9butFbOPxqmXUw5Z0d5fWst0HxTHGXY+HWMdemkU+YIPhvXMcICKMbtSKRDoRQi0ksvYdllD3oGyI5qogBG1laKRalrUilOAQZdpqqVspRZqKQKgEgRKVIiIkiIiQUtdqKREhBqCiI3hwNk/+hgLY30sTZACZPktFBQ0xSkJj6Iz2cVbO47ImqGqonUQgoQSAXs0xfY1F7JsyDC/8K2UIkREKUiKVqEC1INaEi1K0rWFBqxalobEpERJWylLHxfRBCHYo5CeqDrpNQC+qPZM6q0WAY0FkzU03/wAbDbPUyOkrBmrvJ2nxMzebLfnTyfrXT85txpxRLTGrDio3ang7vt6uT8lTLJt3l5LpI7rebq5XaOj6Ng6uZ9A9I48zEvJegYNbe34XY5tt3jBN0PZnunHqt4Vmy6MOblC5WVgumSrNyacvk3R/K5Eudmy7Nc236zaTm2ZL2OvKzXlbzWSrZc0td0TdS2HLzSyXLp5tWW5PIrDdUrZovEDpO0rC4maX7bHRfivq6mUWJfDxsWbjTLoRnKzVsrcZxy7wFXOro3LNclYyr0M1NiVzNNmMV4Ge8evxduMWwb4oZ8XF1/Ao1a83GZuhTc9LxDqDU/VojB8kvFzUb82OWfWVhkSfA/DJcS04fMxnGjDJOae9viexjvzorGXUi/ls3WTc7KqMevfqvpNM49raY4zJYIkcS39AyMBhxijAdGCWyMS+lMq3FjHGDvN6H6NPaLZjT4sPtl9BtuppcSD4sHQV0HT6f2X0pLORyekzZnTzasWaVJosYbJbMssty3PmslV4A2oy528i7xdnaZNS+oOMvez619RYPM+KdPDTZhyuTh82mJpjE60VNfIxzY2HtSvpH5q72bkz2CJ5OUxObypZMjZmrbZjyeFOvN1z7mzC4p1+BnrTVwcPn+W7BWj0RxsyvUcTJTo4curh8PL2Onid+ay7vArZ0nG41dna0xnp35c7XWgzZjw5dmiKblYMSKDtst0hxo2QnalbHQbsG6LWmqmyKWKxVIilnplEWoWIIkRWJaKDtqsIyrXdTZSWiCirM+hYURRIiIUiBWrEsQUgJF/+yy1QgV2ESqUaWvYmzrViwWtVgxSBMZrOaWgy2tEg1qWm49/A95J2TZh3tPCTsmyYtNLtWwTAggdyG3UtEDsBRKAvYWmQWwOqzczLrDg8n1bX5C0S49F1Z+yurP2eQv1j9gX6x+yxW69r18f2L6+P7PGf3U/ZP7X9lGntPdYw+6l43+4n7J/bfsJU9p7qQ+8l4n+4/Yv+4/ZJ7r3kp7zG8J/cfsC/Va+yT3PvMae+x/Z4X+4r7L/ta+yie499jB7/ABvDX6nX2Kv1OvsIXvPfYfsyZvU8c/J4i/UMhF8zJXya+B67N6xP2auBzur8ngurkq/J6L0Xbt7hE9vhraDNmXh12H7NiwaB2TZmxrAZmO2i2XMz18bjn5vNns3k0xXleT9fjp+c9mr6rN+cpN5Xz+/8erj613lFxq2tzLybOv6Ng6ty8bs9T6HXfL1EZdYcTgcXpRNN1+CbdSORJGbK5t8jVnvmubTRyeRLl83lTLLzeZu5fJz1THitac3KK68sN5Q9V08Q0Xlkq6J2U1IzRXRV0uyrmmpBoLIuh5u0rZqTAoqzlNSC1huaL1p0Lkm5M9M1k2/VNmnpbBvANwkbbBuWjoK6VS1pxkvAHWnRiTowT9RLqsYeN/8AvNdzsHNgryk3DNfIrGa8GxF8V1rxdhHSKxx74o8OKvF1LxSx3WttS6MZ7wM14HUipqAXimlasczpam4Z75P6EmRjmVLoxpuexy801OzpXXZqxZtd1iwmJ2PjAbxsW0GeKsQMOKWjpdheHzb9exkyMHS7zYlr6adNIjXWGe6ndozV8WTVJd+AdTIk2JmUgRgaNdTIqQXUollZqr4ivLMle4lBm1oqpaM2edO1lutlLgpdyVeI8N+DUuOTJeIq41abKa9f1Moh3JF1qk0RUtOHLLldWhRVb+TWJ2OpItnMiqaYpjE1M2ZNicwxMuXxZcnhTZm8KY78KduPmsde2TF5tMecs2LzaPw7/wD2cO/rtcPK63GyOBwprtdbjbS7ysvQ8auxoimDj+DZDvz/AIw6HGaPJiwtUOsc7TYoyKKMhpaIQUKEgdkMQ4RFhlSIgtCKRDIUWCy7o2g26LugIsSrSKWmqtSBEFlnUUtCdUi1NqIrZCxSZsmxCxpk0ewdlIqzi9grUMWotWybbIoloq0gjAKElgFaJItS01HuO5ZPVTq0w6HITsmx+D6ZsDYGyKCw3ZWwQnCPZe0s6HGdNugqDdM41rm+q5ex4v1eq37Xs/U8VU81z+DWS2cZecusm4nV/rP1M/rPx9RT9cX/AMqF/wDk7X9UbHpSntp5/uFpT0f9T+qR6VLWp5/pUnSp6iPSZNj0z9WNLyfSoXQp6v8ArP1FHpkmh5L2dD9nT1X9cP8Arv1Wl5P+vpP6+nr44Mj9nK0Y8hHp9G/1X6vWRw5PjiyvieO/rK+rsem8WsTue1kzDgmVpkHxvi0AiTWgAN0mbzCG4C2fM0BuWO76Mjl5pc7Ngrudjkzq5+anl/X468fXKyTUl602XM0HpPndT3r1QjDi2t6z0TBOLVwOFMzfc9RwKl5bddZHfw3rEg5OeZ2Kiuxl5OzNroG8rJmqhM95ZYOstebNfyaM1MGampdSrUVt3i6pjNo1bSReVnzZ9WpNYrReeZL95Ll5s/eyXynTnlnXXzZ9itnM91+fsZh5Jxa6UiIw55ozq/g4KH/I4D1JMXifiAo6JTpUpFayq2aLxlXjYOqimrDU0zaUDapNmHXU1lOnLDGejY5J8k0fqXcripo26ky6WO5cXmf8z0Fy5PJ4tVZ3FWXjy33PYVxsGrRqrdBcYl3rovxLukGe2e52arlInvMWHcPF2LvBW7ZxpnQ7pKTVjDGLW5avLUXTXErGpFxIkLumlhd4+/YHS/BmxV0xKLAfMu6XeUi6lM2h2oq6oy6km8smTVodapXTpPdY5+or5mMyYKnQ+yXj1I/POn7L95NHr1cc9S5L/K+vNJ5sW5ZUAqztfqDoU1oJZeT2ttzUsmadm0xiitB3MzBTaN6lH4cn7MYo82fFN3Vku6UTmr4iTUmaviyZvA4F+FunNys9MuHzOIxeZ7pXn7911PT6l3OO8twsutvQ8PL2S9Mvpl3+NM6NMMXGy9jRFOvFZsdDEfBHHo+POnaVx6+mQOJBhNa0aMNiCo1QwZCCajNqkWpBFJYUhLLTY2GVdlWmyrpYrUCiDygQQUZ1WIiKTK1Iq2o0YhGybNjDbD2l7INKWAYLY3GtRFLWsagBotWgtIGoxatSBVoXC7QIIrWWOKVhWirRW41HsVhEcbRERYkTYKHELZFLWJSkCsZGXc7DRinCLlhzcXZ0rBqzoc6OGL2st2q9QbMZPaz9V9CWnVNVZjRHQkfQmTBaqTVoIxSvWVosWg6S+lIl6moGsr6Ui1UMSulKulIkOIu5kWo9U1WLQjVqsQ/EMLRoAtQrUzW4HxJvKq67yMzP8aZeTnqmG52bbkm5eb9bkdOPrL+cSa0b/wCinzv0+vZz8T8S6/ptVWrDx8W2r0PA4s4o2eO/+q6t2HwByddA5sszGsMPJz1p5CzTpGbLrdMu2zNmy1uDqjCfmy9jmcnKPNlYs1NTjBUvKnVZry6/Jz+TzNXTmY5WureeWTNnn7OVfP2+RGblOkYtxqzZ2e88sl5NvkTdFnWzqJGVivKDf9m1rr4eSfHK/ZxB7UzfbWu57r8fY2OZMvN3lrQvqZPtS8Vr2OH1CTf7GXi4y5P2NjPk+1LFr2XuZocVjp46OZkn5Dj1PJPyWLXsv9Mm9Xlv7X8/Y2PUaPiZ07yONPqBkc9m+juuxFatMZNnGjlbNOHODHQ2Konrp1EpTv8AAioyAvIGmXmVrbPGUXJra2dqzU1bNMSwxTZt2LE24a1F15c7qfsG6qhJq8sdXqzSXn1cfq1Pkl59ravpeTZfKK69Eb/Iq8n7CXTrXeWmbNyWXNyfixZuSZGL1jbfJpmrmUxXnpW1V8aXjaxej75lfZnrk0v2tUnssjp4syk3yK+wfcV9hXwq37k9pq34pIqrvuo2KDGA3pMdAUZO90ONWzn9I6KqbY8U6uGZM1mmGM/YL3Wo1H8nBNOZmxa21+5BtORqROdcsVupmxMGaO9uTF/+M5kA1WaJMP21TNrXiTsZh8xJi+F3AGu/Aq3TGPrJ+cWl7fFY8gFLrj3PZvF83e43xcPieb0HD8Jejm7jLr8fwltie1m409jdhl6OJ6ZrRxp7GmCY7TIdvrk04Rgwo0wMZZi/pEioW0cRSLTKiLGBJfxCiJKVa0aOAXrVHYMVZLdrjendm1PJ+n6zmu3H43qPPa5Pqru+r0t4sMsPJ6OlOf8A/pav/HrjbCigVruH+HXn9ZYxfxsN2Kuk2S3WVzvIURHTWUWpBRqWiJDKUEVgQGgRJBRESEFEJRSgiEWxeyWtqw4myItnGnthBW6NRaaojOoK1qOpEUJagosCtZEtQXOxqVFLEycCgg7T9ToxA6r2XvK0g1WJCghFqBIYgrSWUYpKVAi+aIoiIiJAh2TOIgUBxaWou01KAnMMjN5sWNE5SvhTRbPby/t8a/P/ANM/5VCZK1Lw5e983r7j38+o6PD7XXw5a08nFw06uGp0eWushl7UTm8DryzLFmzyJMX1mvF5Md1qbmzsV1texDLzM+tuZyeZW7XzK73H5td7dc1czmb/ACc7Nn2DmryJdeeXO3TNzCDtnTf9FOjBsL2qsOUzrs26C/az9UjhydFbHYVKSY4cr6EteoLUuLGb2sjj0+aM/wAG3y5xR5KWz4sJ/rP1T+slnzer/ifGmX+6/P2dPGrGy/T9WbNxtWXN6xk+zNfqeSmpzf8AE0Xxyu6Sb5uT5SP3U15Hwv8ABo+rX2HGet2W8s/ZWwvOLz118PJao5LgxWjXhysWYddyM/7G9dx45Wo/eM2aZ1jsdcu87ne5qjoqqHi15GbVSLiuwq6Zzxa8miK7zbyud19fqXfKbtxnXS6smbOVhzz9jfdzMeQnF/gvZnJykddl5PLmmW+V9KdPGjW7NztWe+fTk5stXfkZG2ne3OMHm03yKr5Cjavky9WYB7qm7L/Gd12cMY/k2Yawy8x7rL91e6y//wAxeEnxPXxn44b5nH8e15D3WX7A6t/b8mc4PJ6fNysJPVx14vPRkr7NEZcg65MrsTq14cU5XN49djfw8+rzdzOi1+zBfFdDDkmoDm1GJxs1VPaRdU0cme8iz0i9qg2MpN/7qWo7NlY81d46qYZLrTudOZoX+FA6v2B1e/ZvxY6+nG/hk9x+hnVn7SZzl1fG3aQZ/Bl3n7yJr1/WQ/mgl4u381sLaRmenPqbWriu5xMmsS4fFdbjeDvPuB3ONyfi6nGpwOPNOpxtph6OPjn26sUfDDh82uPN2jm2QH5FwJ1wYIcUUJYTYpexcImTdl7kJssDQQHdewSbL2CiIBwh3CnbNLn+vWR04m3Hd9J4U9Gao/m55xdrTP8ApcZ5r1bPVXT4/wC/6bcfU/HiSayc/n6/JweT6hXd3Gc+qpxeZVS8c6v8duuYd+PU+91uHyevHk8fnrV0vReTrer6H4W5NeT9Jler/IS5rYx9Pmenh7+qUiOjhQIsQCQtSwktQoXaQFootIFBISLBYw2mig2q1tysyBFCLGuiwrUIbHt9p+ytnkP7Wvsr+4r7MWtPXdeQe4l5T+2r7Bv1avsPJY9Z7qQ+5l5T+2/ZP7P9l5LHqfdSL3jyX9mD+z/Y2p673ki95Lxv9n+yv7P8/Ybqex95KvePIf2f7K/tv2WrHr/eT9Ve6l4/+zpf9nX2GjHr/eY09zjeP/s6V/bUtWPX3zJB7yXkv7P9g/2P7LVj2HvJT3zyP9j+y/7H9k09hh5U00bbPL8Dl7X5PR4a2hq+1DxFmD4rFouFNsaihBBlQKKTQrCGw2gNCO5NkdMDdL1BYMqmbM0s+au8WNls+ZotlzU8n6/WuJ7Yr23DCfmu8eF8n9ble/n40Ydm+MusMkSPSnGTXRWbmUyXyKoWaWbbUJWbKyZuTUjzZZc7NTcmMWk8nk1u5+athcmu9num+fblSMpRtg1dIMUhnSlfSOLUihCjF+otWbEuKbuNU0xdKlxVS1rcjpXlmYc/k5xf6leI44Oau7Uhj69MnJy5KdK/Ts092v8A+6zXi+Ny1yzY4mfzKbc3H72e8Xf2u0rMKSO0y8Vf/IDUs/h+jvLtBHcYpTJ8ZwH+TIupUtGc4fF7ndyuHxarudnh8ScjGz/Tjjbar2r7OjzPTKn4uXe0X/8A4syLHQw02Rln7OH1dfsL3dLDlrudefsReeXI9xVWK6/YWLHRvPP2Zc2dm2/af/yJzV8Wvow33QL5FV4kLiNr1byT4sXtVfI7i4qv8uhwPTNu63R9tOK/EW6XI9vrHizcm+zV6Lk8Xq4e153mYKxXSk96mZVrRoWbMLCcrQ6x4UATlRPetV4TDO96uxh4esE8LF3y7HT2jWXPq61Iwa69qOnHp9ZPjR0elOFuumMOHPkmDIz0Zm41YiekNPiXmrYnVp6S+gKzYxV4kXX0bM01Ln/OmuYzhdkZsv8AJmbwZLd+IzvrVBRHVzRERJDerWmpSJC/kWHzLNw+f5Q6+N/C83f42PZ5/i/8j03Drsl15n9cm/jYG6JJw12t0PRzGFRLVPmRHme3PUYOgReE10lCIpGtA0CIjEQK7QUiBEmtbgkgKKDTG/0mf9bZzXc9Kxaxs8n/ACLj0/hPbpc3P2avKcyu93eZlcDk91vifrdr6vHxzOTOzjc6XfuXE9SnycubrV+ODyF+m5f9WQ8ntI9N/wC8l9D8Lteb9Pj3vHrsk6GfH/wydD63N2a+X39GAa2tcrFQi0ESLhS4X0JYRWpJSIErUGWrZNSDui9i7EZCiKW1KZEUtQaiJCJBgtef2/aldT9lEvNK20bftSbftRG1B2JaOp+y+rP2Zdk2Uoa+pItv2Ytl7K1NPVXszbK2/Y2pp2TZl6qdUFo2/ZNv2ZdhbK0NW9Jsx7UrqJNe37B3r7SzdROok1RX7L2pnjY7DNIu56b5y9hw/wDhl5H0qfF67h/8JlwxpWFbSwcUrYK1owWwVAO6zIYFCrH0iulJAV9Ql6qWrGUKs0FhrksjMeRyfBm11kZrojMeDV5v1uTHTj6wZMdDxYqa/wA6inV8z9vevZz8M40jtcFcmtYeaukZuS5eamnk52G+48i+ic1OfyadDLPY4/MaYtYs1d5N0K67yLduXOi6odi785G0D4ofXZRLU3xk27R6/szYnR4ePbVzMHhwbH+zmnW43GnSWn2smenX653A4eObnaXpONw8dR4ywRg1bcNVMAyC5PBx18XmvVPSNe6ZeqjOZeDHnjua+LHyzl8WsdVOrm3j0fVeT6Lhy/FxuZ/0zNeMt89sXnXgNSM07f8Ayet5noFYvi5XJ9KyTfi1O8+seM/jg9KlTLsf12RXsMzpOtTm9LX5yfxcHX1nVr9lka/TcdYr7pHXeHG7h+na4WrjYpxWZFdmob2+rkr6bOTimuNVPH+pYpnNWrv8nlVMavO8zLtmMV9kdKl3x8n1dPh4upq7WH0/aNqalZjx18ep+0s1zT0vqvGnHDiW15Ksn5mpa8HHnLr2jw4trb4xTEHdLJ7Kfqdh4+OLPumS8vebRI9Hxpx48JGbutm42Sq1nZ2MPG6sSzpZIrs1cf1LHvXi9R/XM9+mOe3+F42+P+pfQ/8Ak9p/T7fEX9HP1a81leI6H5H7Oq/9f/3XuY/6emr7ZdTjf9PTp4rzrU4tfNY9OyV/6/8A7rpcP0e6+L6JHoGP6tmH0fHi+LN/S1eGPF8D0Gq12l3+H6FM+T0UcWZjXUfSmWb0ccj+sx4o8XP5M632u/zK1hxLnqW5tY514Kz/ABK/rv1d7jYP1NvFP1SeavgzLPeLX4u/yZlyeQ35MWOJzJcfNPydnnOTm8Dz69/6xWLN4slt1sdf7PRwxZ9hSIjo5oiIkiIiSL/CkMuJv9P/AN5ei4ddjz3C8HoOH4OnF9OfTr8avFvinN43xdSHfn45U6KPgmJaI8HWMLN2KG1LkwC2TYKlqHsIg2KaQ02CJasUik2ZrK1l7L2VahsOzxsuuFw8NdzVys/Sh4f+Tcez/jB5vK72Dq7WRmzzQMNd7436Tbr6PLVbh+p/J3Pg4vqXyZnJeZ53+zJ6fWvJlp5/yY+N/wBzL6H/ABvVx5f1+Pf8Wv8ARk9l4X/bS0Prcx83r60whOybNOZyyNk2MhkP7VE7J1TPQvOnpdFdUN0sUg9g7B2QNSJdB2XYFiEgRLFiLAImVEQsrRCgGwoMY1wfbV9V+zyPW+x/VfsP1cHZ5H2dJ7OnrvY/j6q9jP1Cx5P2Nfsn9dT1/s5+qexa0PJ+xpXsXrfY/qr2c/VnP8Lynsa/Zfsf1p672M/Vfsf1N9h5L2f6p7H9Xr/Yz9U9iMLyXsU9i9b7Gfqv2c/Up5L2P6p/Xfq9Z7Gfqns5SeW/rv1X/X19XqfYyL2aFmvMR6dP1acPpzvezMjBP1Rc/h8PpOzh7YkmMWp0JStKgwjWNaNFB2AtGoGyt6WYxVopGrGRBWoRq1ECmxAy7TYDFdOYhGZpIzLGydSKaS7lw/SbGp9BGLYycFHcaT8kvlftc9Pbx8YrrWHO5vK7NWvk05fJnZ5c11jPdbIvVS4HRXJ8HG59S2c/P8XF5lVX5dZXOst+YL+QwusZsZ4mtzViNusxFStGU2Ym/j5dXMij4pWmPVcPmTo6GHPLyXGy6utxs7Ousjt7bD2YsOU+KFpsOhpitfkwbJ7nVS606sVW5+uzlRzNe46PUZKas2Ca8pc7k8HHXxavfY6gu+ZhQxz79Mx/WS79Mx/VsvmYyL50y15DGS/Sp+qR6ZM/E++dPxZ75y8hYbfFwzHcx8nLjntlzefzslfLVyr5lfZqdMU/1LLM7OHd7WbyctVbO1GHb9Len43/AAvKcCuyXbw8zXD5LMTF6087fnTp+q59rpyvmoYfxe23Rjuhy8HnLfGTWDFfQM3a5900cnLsyX5tWCVrw8rV3OH6n2eTzTThrsYpetw+pmx6jNvLYa/Zvw5exnWo9Fh5mPd0ONnx15PKxTfhrs8lWo9bxsuGr+LoRkxy8hw6r7OnGWvszrc16Hr49Crzy5MV+w4r9h5GRvvPOjHeeqsXaHaWL3rUgLmqTDw/kb7jHIPf4xfY0zTVmzJfMmvky5uTj+xg1i5+XXuef5nJ73X9Sy49NnnOZl2t05c6zZstMWaj7rZnzNxyZ8/gx23MnJnu2duL/GLSERHVhEREkRESQUhNweaFuNvC+L0HD8HB4vm9DxvB15+Odrdx3Uw12Odhl0sM9j0c/HHo+WhmMh0xmU5A7L7iytFLJ1BbAUSbsmxSJD2TYr/IP8iI9NiP8psOjGri+QPUsvYDDl1YfUs/e+d/ya9v/HI2O43mw462beL5Pm/3HujrR4PP+sOxly6w4HqWXbYfzS89za/xTHxsv/6zLVznN4X/AHMvb/x/fp5/0m19C4Vf/q0tsUwcL/tpbYfW5+Pm9z2NSI1GMWikKEikSWpFBCUpFqWigo+QkCirOg2TYoTTEq0UiWilNgSqCub/ANY9h2i1/Vo1lNXG+3dn1/VP/Fo1VqCVrX1TX9T1Fmg0/UOlfU03U0smtJrTZ0itWURrSa0YM4ZWZDblWoavstWp3SoHSoyM4oBmtFqNUSCjuM1XxnCjIlECREQjUAIJg3RInksioiKQWiA2FuGTQrUgvt05iIgAZMWXmHfaVdbKtQNg/NLsnZ5/0vpuNnHrVeemaaF+afL/AGm69vHxl5LNrs2WzXWrzR0xlzdrBycs9w+fWTdx82WtzuClcmtrYMrXm2Y7dHOlX8SbadQ6tyYxWXWvsPY+MX6qvE0C1iifsPVm+jqo7mjCrDi8WyJZMVhbuNl1Z4lf+Q6Ovizz9mqMk/Z57q1Ib5ORZrUr0fXn7L6s08x7nJ9hx6jk+y1a9RGqPN/2eZP7DN9msHk9Fev2JuZ+zg/2eT7K/sci8T5O32/Yi6n7OXfOpkzcnJXaLyPJ1r5MywcnnfVjuq+VEXTeaPJebPVWy5qqe4ObL3k3l2+Tp7c/qIDb4iOMW+2nDn6TVHM2+Tl7yLZE/lVVWQC7qb/UPVlqxW404b72i6nRh6s/ZOrP2EWju+9QO3fYe0n6Ig4rQCMGVqjL+xuHLUsB8ZWfE66OHPTo4eVWjj4and1MVTUM3luV0eNyqbveU5+KZmD41+zNmHWr3lK9/kZ+1P8ATli8tSnf2eQv32ag9XGHr4VZpN6+SvkHu+1F+6w/Ffuceis1Luq08mS8tfZeblSw3n71zyLVcnLX2c/NR/Jysfk6SYxapmu/i1Ml+bpyxS/wTyf+M8vJ4OnNyuff1hQVeQXZhEREkRESQ3j/APIUbg80LcdbhT3vQcOex53hU7/Drsdebsca6/GluiWHjU6EPRHPqodADYdZ7YiK2pammavZACDKBXIlW5NmqCK9ZLujhxa9S0/yMMg9VXIdk22Z6vtqL/M6uPz8vc62WtcLz2atrfL/AORfb3fgZhp0eHXc5mKXT40vHXsh/JrscHn13u7yfBxOeLyXA5rn8H/ufw6HNc/g/wDc/h7Px+vP+nx7/g/9tLbDD6f/ANtLdD6nHx83u+xhRG5GEEiHUiBUtWrRS1WdEEQQLVWiWG2rRyvaVbFCA0NqFYTK0vYQEZ+r4uwiRrWpHu0N7fqna4uha9Ro1FQ6i6QhLWaVqYilhiK1WE0fVXIB2oSOk6LQWq9UgotSGoWu5pXcMMg4lLWBM6pakUgtWpY1UBWpikQaoNDqwCKXsZWLC7Ab5BuRragiQN+QVLQDSs1AMuSXO0y6qyPyZdAcf1vp24m3A/kWyfku9nyv0+vfz8wGaiLpd1Mk3ypl557bxn5k7Q42aXU5mfaHLzU3ms2E6Sy5vrq02zZpp1k1ysZtVwZ0jIxV9Tus0BkY9hxgbuNin8LVOXP6H6l+1drpyHp/qj4ufh4tNMYKlojFX1NuewHMZ4lLkZN0NaKzSRdSPNTDdd9Nci3DbyyVdE2rWvs256ft+xkUya19kia+yDbtjFtjY9aVrSUtabyTJGbORc0Rcd/kuZh20y+RXwIvkV9llX/xuk9mxWSt4KTSvqKJrd0+H1zFR5nqEx9Z8tCtYlIyz5q7aZx5vMDpGkX4qXEbFCiqoceZkRoNi1TqxSIjDnKq61gPVn7iudi7xdnY1y1hscjXxpqjn5Jc2JqbOqtTYLcuOrHqeTTU6PUacXYcVo52a3rtRzshnuclfJyoaIpg629fIOOpTNFNWGhbh1fSyG9LIOMjTGSWcWsXtaJvjVLqdSSrrb4nTa4ebFRXQp3Lx7FXjmTPbNrkXi1hiz+bt3MufmxS3PTLEWZc6AtoVhv/AHAfmjUh3jnfqIiEIiIkIWKtbLEZNob+L5vQcOuyXm+HX+Zdzh12Okc7Md7jU6eHL2OHx6dDDTvy5dR0ooezHFGRTvyxI1bKLih7JmxE2LulISG7JFFCDeLsAlGVLUivyefdSf8AukLM407W5fpfrUnvE5OL/wDVnnPzPfT2PMxa8bV528Wr4/8AyPdfS/GZCMM97r8aexzYnvdXjeDzu7NzPByOe7fMlxefPYZ2a8/y51hzOF/3Tp85z8P/AHU//Z6Py9OH6Pd+nf8AbS2w53C/7aW19fn3Hze77NEDZbr9YEloiVCXZzPYZFFC6hEGAS6ZsmwYWcS9ihKOM2qCKwQVYtLRLS1ULtS2b91pEQSbke9REYKoMLgcNYpRLUgxIpESQIkK0IRKSAZvJYtSdQFjAzfZiIARx0QKIsYqkWoyMItWyRSsMWiCWLQqWJYNZ7QVls2NSD2TZQTENQktklqWFmwpbPZt0RbnW8KV/wD6XY+PO1y8f79yR3/Kez+Ni2bP67Zo42KZbI7XzO7r3Y4HJ9Gcvk+k6vU8zLUuFzOZk7u1g487zOLq5maam3V5+eqpyOTlb8sZpNguV7bDb1il6teGZpWHBs24cGvxG6ziRgkyOMfhlojVNYzRgO6EjTYEHSknLrOxl59Yc3mcrvIoc2XHLHmyyrNWzPbWYEvJLFeUy5ZrdGKnUTryRc0S1Iy3xnkfXlzV7UcON/uZDeeWHYF3TU4k+CtnuCryzRG64S0zuX7equWjDEy3Yen8jpc/2uSheyp3InHofh4s0xqsee9n+CM3H1esvhy5fM42qnTLhahbOTiqe1l1oytRlzTW4dWsOrfkzrN0qaIjQaK9W/TFC1pGzh8eqZPwOHi7NccOZ+Ldx8EzA80q+mXNvBjki8E6Nt+ZV6ufl4ly8+LUm/Bt5LHm8HWVn57I2P6vYzLjzdMbvutcZf2N9xTLHmc51WH+6o6OUwLDP11Y5NHRzKcqMvYbtszjWuvHKk+OS4+JsxuU+4tdGM8grLLPAmpPegvMwZu62+5JvE0nPyz8WS5dS8RF4lxfWJzc09lMbrXiZM2B346kntzvLEgvzP5kLoyiIiSL/CkMuJpw07XDyuDh8/y6HFtqXfTn19ej4zp4XG4eV1eNT0c9OdbDCYo13n+uZ0HbSywY1WcEiICi1IsS0UikS0Uiwyqpp4HmzX4NPAp5v16114+nc/L2auR+T/UM/wDrMv5yvlftbd19D856T5OhhYYbsLyuwOS4nqTu8lxfUmoK85zvk5uD/updLmeFObg/7l7PxmXHH9P69v6f/wAMtzD6f/28tb63HuPmdfRbD2KSHSRi07ZexaQRpl0RYrCsxndSDC1xRWtEAsOytktRSIhaEQUNoEirUy1EUtA6RBAWJWo9+hewxixINLhZvsCRFhKRAoIMCNJFbL1VqyRhVsmytakAoVhVb5ikWp0kFoUEixi0KCRrGdBqKJUgtCCRFIdCiKZMBYV2VdasWtyaIROxuw2HFosA0yKLswu1aKWRlNsn8uHbcD+XQ4OLZixebscGXzf26yV7Py+tWGdWvUfF4+zoeyfNvT1vPcyXnefPk97m4UuD6hw8fd2ty6Hz/n+Tj8l7Pn8Oe55XmYNbo0fWA/DsrptWHA1LrNa+NMt0asmGWzCbcZkM1Ddar21Zc2dS61g7yhvIwZuVqxZuZs1gbuTnc+8uxF5dgqI/YHUkGwLaZXdSx5mnWi7xmXGbNZdQXi2abktqUWE9D9k6Ry2/O/1eLN0qV06bNaHob1J9Ga5uv6mxjqm6ME00xxh5afGudGKpNia//wCXSjjC9t+rPXZnFYYy1Pydj0vLs5ubi02+jzqtOO1c9jl8ydnQzZdY8mLyZVjjczF2sFy7+bFsxZuNs1mDHF1U35uNqT0/w15HJWUWlNUYv1M6FUvNnxYNK+rqcCunHckcZfTqRacroxn7AXlKjthlzZe9aJBXRN0LyHGL9TKswi8GxF4HR6XYTcryWOXeIPSlqzT8lRPf3t3oeJEceh9KmsRt1mRg6Vfsjfr+rPmxK06SLu+CRiqj4wUxfR0WGmqK1gnoUZrrDE9g78ZJHGeXNy5akHX/ACeJ/wBU6/V2W4/uqT3VN4nStnuWb3X5X1xiMudSc2v/AJC6+xWWm5feCzWPkx/ntZdfy6LLmnvdOemM94QE4NT/AA1pvOFoLX8prX1LCN/GZMM97dxZ+TXNk9sd/wCOxxPi7GFx+J5utxnp5uRy6mtmHzaIZ4aIdufjlaOBAXBEgxKhdNEKCCkJWyl6hB2Xsq5AzSZ5HYv9IiDHj/eu/wCP1g5mXbKXAOT5jwvmdV9Hn404Zb8JET2NUS4262XyfBwvUnbz+DiepN/n7mivP8v/AIbcrB/3suty/CnLwf8AdS9X43a4/p/XtuD/AMUtezJxf+KT9n1eJsfM6+mIpbqzRQsMLs4yit1KM9qzBWqFwsBEUJWxeKKXsvYasCCBhZWJa4WFbrUiIirMu0rQIoKe7FqE1iNqWJDosREQMoGxAslNhbEjg1YvZYQ7prBBUoStYP4AWC6M93DBBD5CdIOhIiDGMQIkIsCJEFZRAoZUJAiZpZ8zLmpqtz+TXex03IvaTopz9mvDTn9LXFLDC7LcVZa7LFOguil5guPcbhnH83e4E+Li8but6f03F4vlf8j29n5z06vCwN2tSvhT2NfSeDp3cnNNOD6hNaU9hfHcb1DieQ5L536lVTs87mnfZ7f1bhz3PPcnBMxXa632y4ET3tWGRdLvPwyPqtHGIcGRIczdusMvJrVz82U/l5HK5NU3zzg0vk5WHq9481eTJdO0mMa0xlPjuYYdHh4tlbhlOw4tjfbteHAd02cUrB7aVe1l0uml4zici8E/VmvBP1dzpgvjSMTgXg/Uc4tXVvik3gOnGDVGnpq6Uo4TDXiVGLUUSL7OGwbDO04e5kl3LPvWK3T1cznzR3EK8+3yFGRz/m1calxU2x3AvEfhO1NmDHIy42boS6+bExatLCowSZ0h6mQhgddSrlquWa1Lpxn5Pawf5bOZXYwRfecWNGGaq3QjEnpvDqu63SzYNYUZxzbnsYczo5WS52sU4xK1aukVeL6rRhQ4VrQo80JDdaF0zcMndNpmxljjnRjP6SXKtwYzXJWbwOysub5My4GTN4M52Ul05SkVtImh4nYZmnQjBjqHKitbbIzhqtF4MbNmxSb1dkvuhgMN4qktqvtZm5dWaoOg0OjxAg1Fiyz6Tp2N/FljbuM7T3HGzHV40uhHawcZ0Hp5/jLRhpqimKD4p2lcWiB6lRR3k3/+IULsMSK2tCBEhQUEEalX2h2S6VbNpi9lcnJrhD+C+Z/wvF/yXp/D37YKvvbeNLE6PBfL693X0Z6mN0T2HeMggd+DmWXkU43Pdbk+Dk83xPP85Tg87wpy+F/z/wD3dPnuZ6f/AN1/93s/KY4fpfr22D/ik4rj/wDDJj6nF2SPm9fTkVC3ezGFwsIksCuFIyBKtQhqiIFCRIFAhIFEhBEEFLCYGwlJCkaT3p8EHwy0FQy4KtNUEaZQuxgs41AwMMSi+oCIibikRE0sjKcTbUmUYKBKhbrrOCQImbCiIh1jqIFEZZxEEiAAXQ7Kc70cC53J83Qc/k+bLbPZ3GrvKO43mzKm6BbM+bLrDmZud+zNrbqXlIvK5N84m+cynUuiuo5Wbk/sqMlM9/HXj69N6dWz1fpVdjyPo9eL1/pvg+T/AMmvd+fx6PgV2Orhly/T57HWwvn/AN10pd6y4fqdd7t5nD9Q49UpcP14/wBTp5zmeFPV+p8LJ3PM8zi5JinWByI8zYkOtdxsFmnRIM09hsBshx+ZPe5XJ7Xc5kuFz/Nvm+Ws9Ry+TTLc98n5vNT0T05YkOpwPi5Z+HLrcovU8fwaYlzfTctVq6cMNxNQXLQVY1vCdS7Nsu5pnyVKtizeTXeKmO5rdoAsM+YrXDM5xabqG5HCXJLM3cZmiWzCzPTf1pidiuTxtoaON3Nl4tj5M48blnWz+NLT6ri1zB407Hm4q04e0zYPQofSqW9Ac3gxfZtzeDn7MVQZkF7CaxGWyZTyLMmBk5M7M+HFterVyZ1ho9K43VzbEOz6bg/0U5nbDZhnpw53MryYac6+4rU4WrWnGfpq6UtWodVosJ6UlXin6tCh5M4qJPiQxLREr6gFZ57GrWS80rBa5fJZcvg38nEx3Jxiufn8yb7vFpzT8maPOneXWPlDE1uYtDa1bL8Q3CXE7tMTLHQWn+RaypzJOUrWmoOrUohMSPpSIWrWoPTkPSk1f4Zl9jGOpqWri+AtTMOJ6Ofjj02cam/DTm60PapetydWKMinK6tGRkpqVmx14yHbfVyoyU14crprFjbvRsd0MnUn7NeGtob1SaJNkrWWbNyZlaD9k2lz75IPdfsvKJtsLBfJV7lXuQya6P4L5vgXhy7Jya7Hg/5HT1/h8Zfz4OjwvBzpdHh0+b+l/j38+46cLJijtmAz8mexxuf4O1yfBw+eYnA57n8L/mn/APa6PPYMHbml6/zu1x/R7Dj/APDJ0Ofgz/6MtPXmX0/zvx83v62Jsx+5lPcy66w2bJsw+8xp7zGbU3bIxRyZOjJNJH7LK2kq88yKj7oPVYr5Mh9zKxOjFL2c73Ke52+QLo7D2c6M/wCx8ZDqatlbMmbL2eTHXJpYHV2VdOTfMB7nb5CROtdB2cv3S/dNc32n1m5XC1B0kS9gnAtZDYkIVsrY4MN2DsFTOtSC2ESmy1WDQvqK6phhoA7JsSaXqrYN0osMQrZezW6Mw/tQjYQ8qb7MQrZNje6waFXV/Yq8sszpkxZPVn7J1ROhgrpStpDtIanOLc3meTddS5/Mqd1WpCjcNd5O0hw13uenMaeZXY8zycvfXc7/ADK/0XmeR50xaJMDeeS+vJV9wOh+QWjrmRy2eMFGcfjVVsd/66/l9et9Cz7avb+k08V6FxddXvPScXi+Z+12vb+b0HA8HUwsnCxdjd4PBZ711oNGXlTLVmy6uNzebqA5nqkz3PLeo66U6nqfP8nmuZnqopqX3prl5u2wbJmryIjbds40xSXyAwG5LLFzKqnH5s1Tu3i+zHzMUunPTHUeYvFW4HQ5k62zau3k54zh21uWm5Z7lpY7fp2Xxeg4zxfG5VYvF6T0rnTliZ27ma1HZL1XFdi3OxqUrpg1o8u6GHSM0sNy2ZqI1akxMl4q+qRgr6t0SdEyNTFE0rRtuZIuVbiJ1FhHqKJFuOkjRxPOXSvXRz8MtWzIcP1jzZuNl1dP1LBs5ebi1MU1/VXb42XHl1OvE8nHJrBbvcD1GcsTNNShXJnVzLeizTOWHPycHvany1ObE1RsYK3dHDw9TrmZE9MufGLUnNMmc/lTj8XLvLky32j6cXmqXb9Exf6Xi4/D4eSr7np+NM4sLpArk5dYcXNW2zVzKqrqWLpUzejEg6JVhlsjExuts2obxbNeqtZEuisN4FdCvq6NyBW4MJw4jNV+K9jP+zFJsm6Mumaz0KVmYs097XlZsrfLFYOTOrKfyq+JHzd5HP6hkTsGI2a8OLYacwqJ1Ng7ofqvoOVJC4N6Abk/FpNrXYYSqROx2qo8zCsVrKtRCiVLosKlt42MmpacNaw9H5XY4dRpjAP20kxyR+8eqTHM720i9tJPvA+8OBq6czBd1r4k+5LvPs3Eb1K3Ojl1LnXkBdfs0w6mbnVXyZLz1TFtXxDtSanpr2r7JtREULqBmw7aqS9vsR1FdUVqXXW4dD5FMfDyVouq2t4f3ue3p/H5gt2/h05kNvGfPr2u1HgbBGGuw+KCI5ng4XMp2uY4nN825BXH5fycz8Xq6PM8Kcy3o5mVx6+OhxeV2NXunGk6MtPp8/x83r7XR6lJvTNF7DjZ1Zw66pW1L2FsjZq4qpPjlUx3WoerqRjf7mvsy3n2+TN7gvqfqoWnq0nVpl6oovdWJqjKOKZT4qVYWiMh0Z9XPuvqrq0E6GbPsx3lK6tKutjgvsd1t8itqRDbhFtSb0DdNpED69779ge+/Z57ai96+zHm6SPUx6iq/UZr5PL9Wk6lfZXut49R7/H9k9/jeY2pfVpTuJ6b3+NPf43merkTq5F5RPTe/wAar5mN5nq5PsLq5PsvLfgj0PvMZXvpcPbID/UE6kLv++kXvpef2oW+RecTt+8lPfT9nE/1E1yG/pv1Y7fvpV778fZxdaDrX7Dzox3feT9kjlTThXI8O2681r0sZV5ss6OZhzzMEczk1XiNVN5PO1+TN/Y19mG+4eHjbKdBs99Se8r7Kjhr9mtQ/eUL3lF+2F0FqsX7mmTNl2+TV7Wme+Mtp1l6tfYWHLW5ntkjF0u5nVWjk1/ovPcnyp0uZyezVybybKAfGx7W60cWaie1zOH5u/h8Amf2cjw8bVrHhnZj9LkdPz+t/pfbcvZemfB5r0rBs9p6Zx/HtfI/f1Xv/N2ON4NF2mHj9h/QeXp1tcvk7ONzcVU9NmxS53N4/Yyy8T6hwqqKcPk8Opintebi7HC5OLsPkXj82Cu4mcWtu5ycXk5madba5h0CIFtkOadmLNj2b0uZ0dJdZrz/ADOH2bOXeKpem5M+TkZsXe1Bjm60vobfFo11s2JanoOXm4uvivh8quNc9zpXOzkcnFU26/Vj2fpvMnLh7m14f07nVgvurter4HOx5IYsy4m0u5HtNJszOVazXI4xnbCgeLUoIxyC5atQ9JgsmpVy3dJXSFuJi1Hq0dJWpk1rVQYmqDDKXmmaZbxbN1yVqeU87zOHTPxupNvR5sW0U5l4Jm2urox0+Hl2hrcWMtSbHMOh14c/1LPrFF+87GT/AFOVmVqcq5yZ8zscDh6x3NOHh6/FvjHOmp1EYcUycdGJd4uwb5Jxc094WjmT3kRPekvDPe26kxPe0sUlah1NRYLCy7adSsyVZsxewrIum45pZSXQL8HSRis+bLqwcjP/AAbzKc662trnnLrNTzXE0LF5tMTs1aA4cWzXGLVMOJpiXOlUSO5HEiCxkuSabLki4FWMdzW/iPpH3I8OJuNYzRio/pdjXGKTOhI1muZUriXQvFJFyefUwED/AB4K1HH1ej8vrl0X06ocY6aMMm9J7Zy8/VY+nSdCnRjEb05dPCMeTkdKl9OnU6Ep0JOYZXJ6dC6FOp0JXeCZMinpyOgroV8XV6U/VfS/U4dcnoZPkrp063S/VLxyvFjXH/OKk6VOt0p+qunP1Y659N8X1hPHmphXybYnsZ80975/6329n5+5oYlu4csuF0eNLx7r0tkj2D+P/VLcr/6rRHJrspxua6/J8KcblNcXOhXJ5Lma7unyXNx/8kvRy49/DseCmmeK28LFNRtTbGKX1eP9fN6+1yo4tD9tTrRMr1l1kZ1yOhkToU7Gv6p0tvisacboUr2uzs9D9U6H6rFjje1TofZ2eh+qdD9VixyY4v6i9s60YF9OQL6cj2wb4zs9IN4DJVrj9Cg+3p1ugnTMi1y+gH29Ot05ToSYNcn2tK/GCnV6Ep0JF+LXKvBQehXydW8QLxqLXo4rY+MGxuHjOnxsEvM7Ob7EX9e70TI9JSee/r6JzcPV6jpfhk5PFkaXmOmZ03TvhzuV0BqYunIv8GZsWpNjm6YrqyVeeQ2zZppoY1e5xj9zjc7oUrp0Z7Dpe5lfvJc7p5PqHp5DhldP3kg95LB0r+oelk+pkob75MlXzCOlQawUymj3lAvmf+TN7age2yGTU0+5PjnasHtsgvbZFlTrx6gP+zlxehkD0Mh8Knb/ALNP7NxuhkToV9kna/s5VfqE043Tpp42CqZNjo9dk5eephrjh1oyczjZEHJvJVeRbRm42SWbWpvulZqbOI7vGudHBjtboqtEnW2k/h+bjRkr7NHEy1u4/rdjr+U9vdeiVL2Xp+WdJ0fOfRMtPa+mVXa+Z+317/zerjL2K3pkiuw+Nnks10S7ZOV3NVsmZkRw+bPk8/yfCno+a4nJnsoF5vk15OVyfN2OZPk4/Jl1ghKA2DsSaKwjLLNeLZz+Ti1drRl5mJuXQ87c964b83FB0tW57DHrTNycWzrdKSeTgb1PM5prFZ3A5lYL7W3k4NtnJzYqxW7T2y9XwPUer8nQ6+zw/Gz1ivtdvh86aidq7mbzqehijopzcOea8aaYyOdmGVuitT4rZz+oOMurGYa3h1VhrZo1Zaxl1XqdchTUhOotRKQBcg11OLtJkvzZc2J0LlnuTpcbNtNkXTsZsE0x3xf1ViZI2q3f9K4v2li43D7/ABdzh/6SnpZp3QV0tWjaQXSt0EapcnxqC5HleficjmT3kRLp5sRPTCIiWi57F9LUu6MuJNV7TLPeRW1NeTOn3kZc1C2JsYzaz5NiGiic2su35c/9WKRdMvJz6q5mfX5OLyuVVW6c/nf4xp+bLtZcTuCJqm3DiaZTDLZGLZmnZ0ePPY461PdHhmTNRxJuvYrdaxmUZfbBF0wcV8wWg4HPJxWrRhxCidj4xncStZH8U1WdZwi5KuT7Jt05ZpFyuJM8hxOz0/jPbj3cTEekYjOk9/P+vN0qDYTVWrruuSxajiTdVamfVX+GjUFyzKNKiV6jiRNadKuVamWEapSLXjlVDjzY79R04/8AQ/GGDJW1Opmnscu3y/36nyPb+X8Fj8HS4fhLmRLp8bth5I9baH8pFJZ/mLGbP/s4/MdXkOTzGeP/ACxa5fKc2PNu5nhTDj85ev8AKb/1ce7k16HhT/oy2RLPwp/0Wp9Pienz+vo4kX/iqBOrnKtFIbFqIiJREChw6IKIsWihPJFwErVWo9kUqKuQ3JyrFRCWr7CG57Zt0IPIwsxp6WOZjkf9jMvJ+8pL5NfZ5nd63+1/ZP7eXj+vX2V16+yntPY/3E/Zf9rLxnX/ACLr0zhew/tZS/Ucbx/Xr7J7nIsT0+bmTRF8mXn/AHOROvX2U9L67vXlqwzjyvMRnyO36XkqmpFXXjBK440/Vpiew2J1bzVKx+zn6r9jLYtrGWH2c/VPZy2hRYvZyns5bFnxtFuMXtsae2xtWqa0vGjyZfbY09tj+rTrS9aFh1l9tjV7PH9W3VNVg1g9tj+qe2n6t3SDcoz2xe2x/U/DgmbntErbVixrMdjDix1HiTzOLj08Q8blB5nK7GMWuH6jjxy4mbXdu9U5Pk4d1W5Dbh7rdfDinRweNk1t045nYk39CWjjYJ3cyeY6nBzzVvP+lx04+69D6Ng73s/T9ZeP9Ny69zucLmbPnd82/Hv4r1mGpaocPi8h2MOXd5/F10dsvKmmwrM5WYnA5Xm5ubFOlO5ycXk5+bEE8zzMDj8nA9RzcTkczE3PYrznJxasmrtcnEw3idMWkQbEpEnwQnSoq8TZCrk7gjm3gY8uB2M2JjzS1Lqc7pagyTsdmAp91Ofmxd7l+p4P1egudmTNi283fnpl5K40sMZanbudf1Lh+VS414tHeXQ6XG9Rqfk7PD9Rmo7qeP2aMOWt/Jm/nP4te4w5ZruloinmeBzte2nTjnbOVhlduM+rfxs8/NwMOfZpjP3+THXLUrtXRTPGfsX12LMaOQHVH1WUlqDdLhFNSrxNBWYy4WfpK6Bwo81PQVGJLrU5z+ZlCN9zR8ZXHjK1Rkb+h1Yym9rmxlasNDDh1yz3LZFSVm10PiGJns668ma6ZvpWAvzCC67wXln7Ny655ht12Ml0XeeZYOXz8cR5O3M945tV8rVzeZzpYM3P2YM2WsrtzwzaZyeVWUGGKu/EETtbs8Di7G+kHDik868WqoxbONmIOGdrdPDiJ4eLX4urE/q5XpuQiMQtWvp9gLxsU4wZP9me5a80kXNLn5hL1kyMQolrjE1iTHiHqPVY6+6S9VamozGWa5KuWmyHSdMWEeNmYS781w9v5/Xn/X+NkDImjtpe/j48vd94NFQJtkcGFwJfRRBRAFItCsLss2ybahKs7DPeVZ3G83L9Osjp+fu4dyPByLdfmORfm+R+r6H5zMFhpuw5XONjLq4u2un1E6rFGccZ0dOtyuZTbly9jkcnK1jnayclz8fnJ/Jyk4P+R3/P7rl18en4X/CcRwqnonvp/n9eDv6aIKOu65CCiEIiISiCRakRAhpBBQsoIIlVBKtQbZw6CEtNtQ7G0LLGCx9akwqOMv2b03sZ+qexn6uTu8z7YXs3pPYq9j+o8U857MPtK+r03sZT2cqcp5v2f6q9nX1em9nIvZz9WcTzHs6+q/Y09P7Wfqr236rDK8/h9Pdn03h66tUcZow4tTIzbjfhmdB2VFLumxoFLRqBYVqKVqJS2ipAiFQRbIjKlRaIGrVF2YXa1QBFnF5mK1YCKonmZOwVs+XwYZcTn+Tn3NbupzJ72O5CLgyKpIxp00jIqm/h56lz4ls4k97l3PTfP16L03k5K7XpvTK7O6nkuB2vSem14vDeXs4r1XCiqd3hYqcX0/LMuxh5cw89jvK6AM/gX7jZLrscK3GXMwZpbM1Meap0YFjlcqXI5Uuzm83N5QTicmXOzOtypc/NLcuhjEtYwmwIrZbcUiWyZmnYu5bgc68exfTdDWWfNJ0YxXLNbTfmRml0l0YwcuZqHJzcOqdi/NWrtyM15nNxagOHFv8A/J6HmYJqGXh8WazOnkmeOLR+HFkl2s3G1w7MkTLn1AVFZJasOepOjh7QycnFWK3OVuulh5J8Z9nHiqaMOXUX0ZHXjLqL3Uud1ZTqz9mb7LqdfGnUlzYzyPq7DC6XXVt3sMV9jepLUgtak21I6k6eQbzz9mZNWtt5+xxefn2s2+VP2c7Nl2tqQSi2acOZg2MimvCf0eTq4cve3RXY4vGrva82fWEmu8/f5FZs/Z5OVfK/YN8n9lPaabz1uVfKphzclg5PJOMupm5Tm8nmaWx3yKZr2p1jB+bnudmy1lDeynokk+OajcOL7Dw8aq7nUxcb6s9dyRYy8bi7X2y7vGxzggviY9fI+3Pq6ZMJujONIIna3Qw4P1c7W4vDLfE9hETq1fFxtNVCV4LVXg5UxizTtZXSaEaw6XGPU+JXBsSVhfSXGM2Fsc3DS9Q6m0FvmMWs2Yhoy/7Eu3Hua51lue9JP/K5l7Pyjzfp8BB0CiU1fQ4vp5uhwi4W3WRQMECWAUCBA2QgdhFXRhwNgteylaS7Nw9oRPN+3WR1/Oex33ObyZbLqZhhy1s+f1duvdz6mAhe0k7KunDMdNaNl9Vl6upfX1tvBa15svY5HMytGbk7OTysrpzw5WhutrXg8yt5juFiyzv2O3M9uXd9a9Lx67Jaopz+HlmobYp7eL6x5+pt1pil7bExWw47XbdccNRWw2s9KIi1bajSiAuk2QwYQxUr2lAaB2kW0rT9CMveU2JiwWu6BdbKs4GwrRT0FLUtRqPcdJNZMRzx3DrK1qPj/iqtZBcmoMUrP/4pqfqrUYtI1pR+sr1k4SNTMRv/AIJ4nKzURSyFLRGdSkRGkpaltKIiKZtSIiMpakVtKkSw34L2kO0tGFFWaTmYrZFkWbmKYU9sfJxTTP023NILllMvTTpn6r1WBn6ZvGkzpJi7R1z69Nc3G/jU73p2V5rDWtujxOTrbyfpzc9O/PT3XCy9jqYarteS4HKp6bhcia1eHv09fNd3in2Rxa2aPg8zrGHMw5nTuWPNiYt0WuXm1czlOryZc3NFM2anJ5MubldTkzTmZsVbt8hkuQNd4ma5PjpUKACh0SRItVwNIvpEZsDoRJvS2+KFebzYtWa5d3n8VybnvbnRxzM2LXZndXNi2c7NOtut6EIzTtCvTcGvJFacbPrmalwdR3uTM1xnFwztl1daM85cLd6V6ftey1iGcDBM4u6WLncaavxeizcesUauRyZ72ZdacK+BW/aVfFyS7mouhNLWo8xeLJJe1PTXwZr4kcn0z9VanFw1+x0VUtX9dQv66mMpZuqPc7+uyFXw8hViuqTeSUvi5CbxZPqNoxd5GbbvaehVL/rs1OiZ9jIoz+uzSL2eRDAdTVM2etF+zpPZ0i5t5aVtkdOPTqo/+vWCuL0qoF8Xbydv2sy2YeDNfFfGXmfYtUembRtq798GcXxO1mcLXnb9Zx4bncTW9fxLPh4f829Dz52zERibnfUmMF8bBMw0xKRJkSfIyLgvNRxPT2tz751uG8SXWiWbi4NXSjGx11/2JUYjdT4kFywCgWNGbMUhNyrUxS5psXEyIPiHY0wWydQruTVjxNO6s0C67A6hvtb8XKgsmx3Rdu3Llb6RchSn0Pw5+PL+19NELLgT28eo81o4EXCNm3RwInZFmi3Dk2K2TZm1GXQL2BsG6ZvRTYWzP1Q3nmWb1rcmNWwLyst8mWbNzJ0ef9XXlsvJsxZKZ/fT9mfNytnks8vT0z403n1J67n3n+1A9xP2U4s+ta6XXZLy18Ge+R/5Ee4prxGtF5dfkxZb2/K7ybEukjnagorUK/w3z9ZdXgcr8/j/AB+advDl2+TycVrTpcPlOrFj0cUbs5mHP+zRGV1ljjY3RQ9mSKN2dJWLD7oANkagtxFDCBiloIwC2RSMtLCgWohWBFlm1SLUIFopU1/gGX3j6EJabDNd/gBar7R9phwu5VqOwjWrQdqaj0pFkYDrKXI1qQ6SA/tTU6iVDXqWbAaqGFmxKUtTNS0Uh1LRRV0rEdtKiNg9X9hiwy9gJtsspEUhSwWMu2bGmXMS2XqTcsUstyU0l3IRSCXqjABO1TVVYH5HzX1I1Ol5/wBJM9unLt+l1T1/p9dkvDcDLrb03pueu2Xzf2/17ePj2vp9djbFOL6fyOx1cVbvJ/NdjGe5ama3NSuZycTm5pl1OTs5uaTZhxy88OfmmXVzYmPNiXKcu2a5dTNgc/NiptllsMCtIlsiGoWokxGQfFEQcZMZTk4tocHmYtbp6fDO0OV6pg17mpfeGOI5vMnvdW51ZM2LY7hkcfM5ubLrbsczFq4PNmt6d5NZbuBzsnWmX0j0GtsU0+Xem4qrky+pf9PduKZHUZ11eZi2wvN8nFW9PT3XY5Os1mc1HK6FTBmGXpPZzWFxeTi6WbU/W1xMpmmVqGHCulLbhwTp4srbho/A0YeBOX4hzeifq38CtXW6+MS4Xi+T6PU/Fgv0yp+L6FeXDXxc3k8fHW2rUuiPIYeD3+LoxwJ0a9dLXdC+jrBfDlmvhy6V0Ta0Vyb40/VnvFP1dO2S57xp0jpa/Eu/Bo1IsW6GfpbZnqOBwJ6M9ri+lYtuS9nhnXDq1LqeY9bnHgefzcydNYp0P+ss9S8P7qqvudJNmsVvuqrNsIjDX2NLB8NEYuwjjS1XRTNZ/Ex7WS38DFXkx5XMjbdxsDX0lYZadXG3CTrX1DctALZDJcltBVyqS7DIrRqXVQWHU1UHQWh/S2H0JHCrDsVdNebFLDm7bbYBsn4BtO6/xU/w9HH3HHq+hi/P+wf/AHF+H0fxnx5P2+CEkI9TzIiBJtEgQfhGQ261Zr5MyTzM9S4+bPkq3mvUldfF1M3Mlkzc5z7y0TdOd/X/ABuc1u9/+Sr5lMN2pyv62Nzlp93RObkV8gM9Yte7Zny8vrUnsV5apXUr7AQu3xAbpQDjF6otgohZt1EREERESQX4rUKHU34OVp8m7DynD/BkZaj/AGdObkYvL0+HPs0xTz/G5Tr4c80689fxixv2TYqKXs6S65Y0R3LLih7bNsrtSLNSCAo1LWDZIoWM4NFbAuhhwwN1qVvVBsyMr2RS91lpx9MUtQk16VopYIgoijNRBImUCuwKTWpMWpazSC5WItT2rBXJJirZFgAosVlA7DJtfDirom6FbLeUgd0HZXkPUNSmQYGJ1GlYiD1TtMgAVZoLDWF3JR4L1ZlTPcl3J4NQbSNRG6j1ShPaozUDFOh1QzUzDg2vtcu+vR4+mcGaek4HxZ/TeBVQ9D6fw6nXZ839Puvdx8aeFNdr0XDxdjBxsWvxdTDWsPFfmO8N6RNydFAu5YsxSOXypc/NLq8lzsykbjn3LHmltzM1i+1WG5Zc2J0bkq5b8nNx82AjpOreJluTiZtRamB+bcC9ToDA9imrDJfPwTWEzC1dLaBJieO5mDVhuXpvVuL2bS8/mnvblaxy+fi7Hm/UJ7nrM07bOD6lg76deOvosxg4FdLLNPoHonqM9GXzq+10OD6jUxq31fWsR9GvnzUV3B4FbZnnvSupnuXrfT8HS1cLTHoeFi2wuP6/w9L2mXofT+2CfXMU1hZ8nR4uJH06+p+GZ9zq68YJqCXn2jC28zhzPdLJHaJdTdho/ZkwzVH9KiBdWfsC+V2eTHydpYbqvsQ1Xl79l7Mkfnb5N/GwbL1/ESz27McMfs5R15yydXR9WwTi8Wf0zBXIzCXWQ4eLVE8zgdKHrcPFmYlzPWZ1iu0jXJ9Axf62z02apiHj+BWTFmp0OZ6tOPjeTXKrzH/WuXveNjZ1vXed7nL5OZhl14mRlrhqw9xMT4tmLHqaj8MmlbL3Y6Qojv1driYtYY/TcXV7nYidXPbfq0cYjukkL2Zt1A11JtoupKupFMZblQ7ssKr7SrS6BdNRlak2kN1Jxaq8+pd8ygXUs2WtSBZOTTLlyguyrHHOTBR7Dimc2Ho/D7jh381pmjSMJz6fHr083XszZewIE7zpx8USFI3ALZm5OSZijNvk5vPysd943zGfk5dmO5+R2/8A+QbnZ879P05r0c8kF3qfc6lXO3i5246+JCGa0BSq8g30Bfd4ma7K01OjMZVxGy6814fN0vpv+arpUzugxXNT5Hm65UCIjQRERJEREkRESRf4UhlQ4rVqw8qp+TEJqWQWa9DxuY6EZXluNlqL8na42d0lz25WOrtImbDR7txfblZgtk2AjrGaLZeykIVt9k2lO35q/wDi1ELaQ7BQ2ISoRJGegqwjsC+F9QQOy9nN2WilhS6iIhCCCJWgNhWiaREUWksIkvwA0sN0ICZ1ERTFSF5qmTHM5mWhrU9pyc/f2lR5su1Vbdxp2Cvs3DLTr+qo7TNmkXqhgEYYXY9pBdGLFAsZdi1FgMstiq0KLWNQRIpa0itVqY6EotXW9KwbdzBGN3/TZ7JeT9bPH07flPbsemYv1drDic70+XZwz4vm99SfXu5jVhxNWhcZdDeq4tgtms+8rPmpUxkzU5+amrNTBmpztajPdFCuggWl6hvU0iyyzZpY7bcxFy1yGW9Q6m3JetOsqq0jzEkeZDXhbcPgwQ24aRZ+fi2h5bmYtbp7HkzOjzvqWLspJwLly+Zi22dnXyZeTilqdKx5DmYtbojjVrbr+pYJ3c2J1vZ6ObrD3/8A0xg7dqemw+by/wD0tyto1ei68y4dzPS5ek4eWYhg9W5+8aubHP8AjNC6XXthtzONlquT4vRYZc68HQvbVr4fKZbh+adocXNP+t2uveeWONazI46fp/F7O+XS6GNOL/xnFY43qfDnR5P1DbFb3vKnaHiPX51zBnE9MxdV6fhcWZjvcb0DWoelip8VDgNZBcy0aEZiscT1bB1V+jcXWO6TeZUzZ3Gy/VBtvwcL1L/VvV1OTnnFFdzjR/q5tiwzXwNe55D/AKjqsW2tPovJn/RfOP8AqrzqXXmYz08pd1R2EESfh83e3Gfrbhnxai8M9hjLSCjuvUts9PxTvLlZs1OxwMWsN2lB409jRqxUGJDc0fBeZmxMllban2RmlmTDC7ou8oMpFtRNGxN0XsXeU4zo7ykZstBuibyNs1Ly19ibqqXdBWJQtVpjM/6i/NHEiiT8MmfjE68de8c7C4kX4Frqp7eP0z643lNh7FLeni7XOwYLXsHk5JmKbtc8YuXn6Xa5WTLVX+q+ZlrJbNLy/v8ApcyOk5OgyCo7TIqXi69u/MwQul+qQczOW9Iufiz3Lbcs1z3tVMeTzKPua3J/DpBfhdzva4jQSNWsKutdv1Yqrb8nZv8AeiXTmehQoiNBEREkRESRERJEREkRESFP+7bxs9MP4HNfw6c/BXpeHnm/k2xTi+n14urDvx9cOjr7vFIlUdo/J6J8cVCCiSWniq6U2lqRCERWyXQtMi0VCwbH0gyBf4Cx7/rti1qFsGbFoJBqCiIYAIuwpqVarVtQU19Dsl0oLFrNWpEWsyIAYBWsDmrWHA5mXvdjk12PPcyu8W2KGYsu1uzw3C43m7XDE9nW0epB23Y1GoPYkZbUQgWJS1LUiMAmyx2WKytERNSoiL1Y2EIzJwVTZxuNt8XH9P0kdfzmh4eCqej9M4tfIXp/B117XofT+FUvnfp1Oq9PPK+FxXR6DRxcWsd5+kvF3dej4yx2iMuS2AG2az7IzeArXNc/ksWZszseZWY0yWFdk7BCKsWxN01YAWUPYFtRFWUbZLcZqtpVtIbA0GuKbONlmnNiWjDWtpN19zmepYq0b8NTVi5mKahnkvH3PezXLq8zBrbFbUTh83Bts42bDrt2vVZJlzeZgqtnbj3yiPQuVWDM9JfK2+Tx0TWDM7fDz7Qx9pdbDlrrPXek61E7PGYand7D0muyV1yI1c3BtDi92K6emvwee5v/ADM+LUK7qO4fnJ3GxbQ0xx5lhuOxxanSRbOZ1+kG+fP2LLoZqeN9frvdzk8+dPJ5v1Opz3XcKHR9ArWHeinnPRu10+rUmzC62zJzM+rN7/8AH3c7n8+Uoyc3lVls7h56mCONi6t7N/SnFCt1MnM5VL9Py97n+p5dbZ+NzNba5Yr1PJzz0XzX/qbP1OTT03L9R/0aeF9SrqZqdpPesX2yNPGxbBjFs6GHFMw1BiROsLFqGxTBOj6bPe5mzq+m/wCznuNO1G0w0wzwdDNArrUm6FYLAsKKupMzEWzZqIzEWbmplunRKsi6S8jPdNYzUume6+q7ojbvIX1TopkaY+KB0HxIcMtMSJziq4nU/wCIdRw0wAtoZr83XnpmwNB2DdEXb189yTK5Xk26Y+fn7DNnL5uXudOv19emJyzXXyoX1IPjweT9LtdeZZ9MXHmoTk6Q87UuJ2aO3Q2aJ6KtjzU05sk/Zzs1945mku63B+BFXWrtBfmCQEVsPeYWMEZfMmzbqdy7dI1b6CFEbc0RESRERJEREkEEc6/IVAQd6/EBSL/Cl/hrn6nQ9Pp3uNXY8vhvW3d4eWajyd+HPp0F7FxQnaV57BbK2UitCbJFqVDfNBq1flHTm7AmqIiKJ/47LUE+mIETFrvqLAIIWybKQLE2VsgVgEEQLaw2IpA7JnVKFZbFqnsSIiMQuxF2zSzcnwcDk+b0HJ8Hn+TPe5WaRcd2eM43G83X4xTav4A+Am40L4BRbQUtQTiVQdh7FMCqsK7CzaytEFqL1G8SJqmzDg2gGHFVOrw8FfVw76kmuvPNIxcPZ6L0zgdguHxXovT+PM+cvmfr+m16ueF8LhaulgnQyImRbOG66yJFICLJvK4NY0EXZF5aZL5FINF0xcnKXfIY81fsGpB3yGHNnVdM1039aS6DsCytmfEHWRYtpDa5SgqgTRKsjptFoWaz6q1P8Sdm7cZQyCxbFNGGtbbfKHOim/jdws1OT6lLi5nqvUsG0PN8mdbVMYLlnzTOjdcs2aXXkx5/kzrauNVTf6unmwTWzl8nFU+JlxOzw8u3yeq9G5Wsa7Pn/Dz6u36bzP2H1Y957rscrNn2tgjmdnkV7hlp3+Nlaurs89xs9N0ZxJiFybojWq+Rl0OO5m3UxZsVV8mfoU6dyXq3VDOBi1ac0l4e0y62UNc7k4te7Zyr8/J2ub4OJm82fEOpwKmTOZypmHKw1r8g8zL2eR5mM1zefzJ3c6+VqrmV3sWavqbEfyeZtGrB0tu5evf3NcYpdvrPwGGew5EIVsDZavk5g3Di6t/q9Bw+NMxLl+my7+H4qwafB0AiReLmbQWRdDuibSVdSz5qkVs10sRWZkzNGamK6aTPdFXQ7ohvWSrpWtL8hxLfMwUMTW7ThnvSJaMLMgPwy0xLNPgdFCzBujBdLuib2EmDB7E3Xesq9nTlmhsmxgvwdpWaz5r1hys9bW2czLqwabHbfq5mXUjuaJlUYmuMVaeLHXtqwrpmRO3aOJFE6sYkidRWoOatYalDJmrvplz13jy13kt8z1qtQrNO0DS70al9sT0zbVKXdUiROzq6WBsH8G3NSpaPHS9Qjr8/yBpzqIiIIiIkiIiSCCiSIiJIv8f7qQz0hfy6Hp+Xv1c1q4f/ACOnPd/rPXzXopoxn43g0RT0SOHV96NERpzRERJcCBC7p3ZRFbL2Z0iDfgm0qujaH01BLcpXpwCkBdEdQWytihCxiUeybBQaVxSXRYmlKmwVLZlCKWFSlawrGmICxgtmrWfN4OJzPN3c09jg8xixFYa73X41djhcfzdjh7aKQ66EUImDYblMolIG6Mq0SF7DalHkFBF3TCVYVpE1TnViNnGxVXxFxuNVXPa9BwOD+ry9/pJNennln4HD3+LtcbhePa3+n8DX4urHFmXj7/eX69M4ZeHxdXQiNVRAnj693XaTDYpezKu6Y0mblXQNis2USalXTLdE5stMt5aFEHmtkvKVmy0y3VG8tA5PIqWG+VRuamHN5po73VK69Ml0VdUmdbOvX2X16ZNk2U9BvjO1xUuRs0RnJb7BdMnXou860NF0FnjLuZtTcuoxCuqrqtDWqG7jU5HVbeNlZl1Y6N90OHz8Xe7kd0MfPxNS4ceczSzXLdzZZL8Gp1qsZLlmzYpptsnVqByr4uu2qYdsVupqC8UieyCOV2Hxn2Y83H+Ula1J2fwx3cORqw5Xnoz1MNGHlUz1Wnoo2a8NS4Mc77NMc6TPYdXaQbMPvZL9zI+mOn1ZMjLLj9eVe8mTIKdzOU5+2wOTyZplvPJwNF5WLmcr4k5uV+rJdVS8dHxmzZa3BG1NPS2NjGrzglKjAZc6mpbV9i1ltQrLttkST5gg3DO1y5p2vTcXZs6kMnBnXC17M5qN21Lui9i7plGbAvLsTeUm8tLEZmqWfKVecq8q8VQZqY7MzZWa6alGguggvYxtKiZMiUiTIa0C0FKkY8hjRAopm2Xs19FjWll7L2ACTZ5VNRlm3BdGZHPzZe9rAVye62fDOtjvZceDWiQ7DLdr2MuJr+C3GqHDK806ikVrkMzLyaac1auZmrYoi6VFD8rO9vTf8U/0gNxt5tHSB4n4MYrmpFh8z/MFz9Wt2YZ9Bmr+Z/go25oHSpqf/q9T4XU/wHVriKjzXc7LyZuf1jC0ZsWpLUu/HMKIhSIiJIiIkiIiSIiJI0cbzZz+PXe1yOvjv8auw3b6snG8GmO23r4ceofFCLgTf1ywSbBEDInaloEy+xRIEStKAWqluKXX1QClseUdsCXZhdtys9QBiIzazOVIgVEitkUTIJcSAOw1rBgHtJd1K3AZCbSR1Q7Mk/qgvKBGLR4l8muxwuX3Opycs6OLmyzuiDD226/DpxorvdXiJOhBsUyRRmzUgtxq2KsCH0ETalIkvYN0itlbins2J2b+BxdiODgqvi9H6fwa7Xi/b9ZuPTxB8Phz2vQcLiq4XC1dGI1fN6/S369XPGnYZ0aYZ06urj07T00l3UkXlJuqc7Sfdak3yJZrykXlkT0mv3DLmrZnvkFXyDbiHezNar5E/Yq8s/ZnUDMzWZm5E/ZjvPP2MukrMyZj82WWa8skWlXJVnXRNt4pSdhbKstmcozYUZSdkHiY0bK+ZOy+q1Jivtow+ZuzJGUN5TE27SDZl6ottlqaNj+Nl1YDsNd61Y9Hw62g/k4toYPT68Xd1moKrxXqE6Ww27/quDvpxc0mXAx3qWZZdeDYDsBaJRWqazQkZaB0JpXta+LVhpqipWGOXHFyD6GZ6LjTjpr9lja5hx5OMGZNckvV3gwyy5sWFpPOf6hdzkdrNOMm5xrFXFuchPQybuxfTLvpjA5fQ7xdKZbCrLJXSn6pqJCxaXYO0dkok5SjL7rXEj6KXq2cDFtZcS6PpuJfA6OGdYHa/gz3lA0GaidlXRF5EjrylXXYy5srN16X0w7NlYry0l5ShZqoLy0uK2DrRkS0FGRIoxd7T0yitU1pp1VrqcZ1nEatWaioHrK0+DCUYWKFBV/km6XeUq6dOZkxm0nNXY5V5e9p5OeXPvvt2zWTtpGz4fKWmPNmzKmvBLQDD4GufU26VwlmQrNroVjnc+9XJ2budl2YMnc9EmzRM3K1cXFt3NjLxfBqBKsu528myJ2BeJBhuZ+HkU36l3g/Uev6mNGrpT9Q3in4rRYQo241LWnCs07EXOvk0o3z1jnL6Yqn+AOhpLLeLV0nWj6WEzUP8N6rMCII4Ck2q1CZQf4SswKIiCDn860AR5+p2OPln+Jbdu9yuHXZLpPXxfTj19aoWX46pDccrNPCpaqRERMoiIlKiliUaj6v7VPa062pdy8vm9OOT7airx19Xb1/UObt8j/8lN5cPp0nTp0OrjFrLP8A8zOOZ06+oda+rq9NOh+pv7UWORrS9adn2f6p7P8AUf8Ay78Hxw7/ADTm8nmavUcnh9ni8f61imfE/wDyEXvpO95Ly93c218bqVavf/6noeomzJhmmiNmfID2FsV/A9ab8p/E5/L20pwM2Tveo5+DseX5c99NaDeNW1u1xHD4Hm7uLtgSo8UUycnk6skc6dzqdraUZONn2aNmufbA0CIWtSBa+Jw6y2RE7XMvWej8bsnteX9f3mPTx+etXpXpfZOz0PG4s4vivi4uye1tiXyu/wBNuvXz+f8AoonWF6qNinn8nUsm2m6ki5PkvpWxd5VWz2qC81MV0dmpktitfA3TLdH3THdG3RVXTPdUu6Z7oX0pA5qpnvYV0TdN5rWqugbJdF3WzoyPZRatkF2XZhWqIBpqiQbpnumm2e8R3EuKT/yV4hN9LTYo6Klh2Tah4h04qRxXewRVL6tAvSem09PxqmnhPT89bvTemcra0mj1bi7RtDyvJxave5pnLheT9WwVKLzlyWfc633l2YCL1AOwOtoRA7LUI4o+KY9miKFmmV0cOfVp9+5GwOoPi10b5lWTedmih7SdXkG6qgXQroi6MoTagKulbIasFAugXRBhfyL2LvKgfbNYeuDbYTrUgy9li3Adh2q3e4eLWP2c3gYHUjtO6BWyZjbpluggZqY7rYzk0w7ULUPN3EWvagXs1TGe6XItZHq1JsxkLRhxbKw4m7DiYn/UlxiN1Fqu25dBWotQ7LgWMquVamIEVcgPJ+YqCrZVgsczBaq6ljz5dTrph5dO8m9RjWPNW1lLvzpTssXh82zDPey4PN0eNLPXu6mmPA2JVEmQx4mCZeZX+jTRdasHMrsoSaXJzVr5FRllOT4F4dd+56ZzM1jNdDBctUOZFt+Gma17jXCWTsL8dzn/AHAbrNBvEZC3Naz3Mg1k/MRdauiZ80s9m5qZ9tTIVXWoYqaDmveQ4q1/Pc6Z6Y6hxebwMi5tNNxPVZnqsobPzTM+JcRVOsu+27d9AhB3FT5KSgVWtVpdfFBEFpzqL/CkMuB0ODX+ZdZyOH2/mf8A5OvtL1cVw79ezE/IUdJ9cT4REJ0YU8YEyQqWos6sQNl7fUtR9s9xJd55eH//AEh/YH99+Ps+bbb9eqPde4lzvVeZrHbTzX95Lneo+r9XFXcvpta79Xr3Os09H6VnrL5PmN8n/W22ep9F9XmYnahJg+vf6tEf/F5mPXZ+0i//AEij7EPVwPteYj/qCfsl/wDUGPRRmt/rPMnHhp879S501mqdnS9b9V6uGu54nNl25NEPQcbBOd1+Nw5lwvS+TOL5Ox/YT9hJYXS6Uymrm/2E/Zf9hP2Oh0YkyJcr+wn7Cj1D9lOi1c+v9F4/l/8ALTu8/nTWHyeb5OTa3TQ18StbdvD4PM4cvfLs4eTMx5Nc/Exeq5am6czDyp37mj1XJtdauRE1uVj2fpdTUOlFOB6XWuvc6kZJGrG/ZepGGtr7XZ4eCa8nDvv16dOedvsPpXDrLmmte17z0bizMT2ud6Nw/F6vhcfV4P162PZxzI0dKYgPi03/AMbNbzdO4A7KLtyS7yldUq6Kukh3lllzZZJzOfmqj5JszZZY7yyy3lplvKvFfWu88sd5SLy0XdNasNuiroq6ZryiiHXUk3RN5Q7NSY3RXSyLpO5pkd0HYZkdyAN17m9IXQBhKtTelMr1KL0kq5a9QXKTHckt14pBeAJj1Dq13i1KuWvIE7JslgYLZw673f4eeZ10p5vC0xlqSnsuNz9u3YXJxTlh5njcrW5ei4HKnLh1swVwefxdbcnNPe9Rz8Wzz/JxVNkOfbPdNGXtZNm1owbIXYMN2MimMTa1r2CXFUmx1U/ZNiOoq8rKN6gbyyRdFbrAfsrYrYIxDsF0HYq6XkNHdEXsLZV1LSKtcUG0huTALWmnjTtcl4ZdPh4HOwWtvGxawbmrWEjXRk5OVJLpmug3kJuklZqZD7otmoOqaCFGKqbvoAjFLRGA7DgaoxStMZowG6naqZ+GwrUqzyrIsZ7XCImBbB2L2UQPqgRI/Asv8IPwC67DKZ83g1zNjHU9suanN5NbWdycv1Y3ok0IiHxr4w0g4Zrd0uNPfsyYfN0eNPY5dXUeNA2rdMKzOdzq7Kac1Obyqrc/n9035jDyf+QEm5g4Z73olzln57HEVu6GHwZPw24XPqry0yJMjtCuJ3ZRmybA11IvKFYdeRizZQ3l2Z7mqvybyAYMk7LidTImqMuGerpGOfsPSTunS+nR2X+qkaiN6dJ06Z2f6mcQrnQFxudZs9aVnJbIiRaS3KpcYi7b9ZZbxfwp1qt2YzoZqH+HRiywKIiDXhrxdXDXY4mLzdTDbvxf45WOj8JCH8f7Cd+PU1w6+4bum2pSNsnXWwe4KrtNaPb7q2K8hb6BizTBFxW9iTpGbr/sT163NjFskcOny49Gg9zkF16qDfbV9Q3gyS0pSRxnrF4p/hmVptavfZvsG/Uck/JnDY+sN39jmj5Gf21/Zxe4DdmDXcrnVlZryseCzmbS0xyqkz31MN3qXh2/8R5J1I9R/K/7CnPRanQ/sKSOc56HU6V87aGbqUzLMy/UfGemjr19mAzd1ll+BputvIHaXsdGvyUO628bLUtOLLVX5Obs6HAeb9P0sxvnjXoOBelzs9V6TPVudZeb9H4dZ809r6j6B6RjwRNXLx9/pXr559On6FxeyauXb8fAGHWY1g1xt12kKsiz7KuGK3GayLabhnzS5VMts10bmojYz2mbMwZ2/MwZu42JktmtrvEz3iTTJZV0bbJnswaXdM91K7pkvKcwG3QNibqg9xTRsKKZT4pA+DcPmzRRsZSW3ZNiOqmyGjGRsvZE5Cd02SOV/grY3qmTUC5IvE2RQbCc68QNZbLku5GIpLXqXYs0YOMtS2cbn1Pbs5qRXeZs+l63jZ+rBPMwT3U53D5Wurqxl6sdzTLzXMnW2DV3vUsDi3OttgoFml0haDVBl2lolWAQjWq2BYLBsdQtlbl7B2a2/wBZN3DuXsGyjNg+QFrBqWTqYiQNR4ZMidmmMFLDosOKXQw9rNE6i3pWBpvKxZsorqmW9t2EvYvuGFrpJqHUzWqOjFQlREYm3DiFhwU1Ri1NuqQESvU3XsDqDIUGzLLsKwmiR2WYzQK2ldkWcAbsO4b2Qz0cFvS4qgoQqqZ+TXYf9mXk+Dcmxjq+3Jz+ZfzFfnRf/wDEdmKMeDzAZhn5DTjRh83T4rmRLo4PByv2QtBebLrA4IzNFkvLsx8nz2bdZY+T+DzFsY7TH5pff4Lxz3u3z6ubLMMb8P4ZYjxr4t2Jx6tnwL/hcdo9S7qXOd2/QHkZexzdmjk5N77Wd159TEjXhxSXhxd7o4cXY116UrJ0l9LX4t/Q2V7ZnVrDrSat3tqX7alesWOdrS4xOl0P1Tofqxqc/obfsDofq6PS1KvVpMXS/VWkn2W6S4vrLclXHY13NdzJkPxm/NZaLsd+YLdDbvOqCILTnTcPm6PFcyPN0OK78XY59OpFdibERR8drv8Ax50RNk2aZxFWq7CTg4pV0FYIo+xpMeFG7Sr6pdLDw53aPbSb4jfNjvSPbSxcvFLtObzO5WBwrwd6RxdnUjBsdi4ylTj+z1S8DsXjkm8chOJfFX7V2vbbD9nSt1Y4kcPUN4ql27was1yr7Dk6i1r6unHG2vxaY4YLidKh3Ls3gmWPNH1SctetOhGPb4ne2PxOT0lOrmwasV4j9TOI6MFL9qZ6ConUY+gvWd9Va1ExTVXrL1PoXp9Zblx+FgnrPef9PYPHtePvra9HMeo/6d9Lx4NaepjkTHbDjYe3WZdL07iV5W83T1c+pjrcXvbvgVgjsaIhlpnsBlhvVmmM9svK8Gu7c7m39GJMTn5qZbo25ohmXDC7Z7aAXJs1MdsfJytebtc7NXeUz5qlizVs1WzXLUEZb2ZLmm65L0awayaqNsAADY7ShbEavZNkWsWtEUddMcD2Kgx7AQNL2VspEV7DiiRM6saooezNB8NIQLk4OqWF9KWe8Xe16k3KTFclw1ZpZvFsD21dDjcyphzN5V1NWZyrXbvLOWHK5M95XuqX1Njz7ZpNyC5HdBtmXFSSrozN4UzOjIuqXtQtF6imM91SbG3BFnmEN0Xsuw6U1RothFamwz5Ba9VwJtF6riTBQzOkdhmWn/DLBuwRuybFxUrSVRWvecvVIvpHRg2MjHVNmHAkXh43YfHGaoxHRK8ljNGDVNWvUq9U3jLcltNyVcoM1kW03LPaVjNYYkywDq4zJoLZ80tFk3TWss+QH4Xfmil261PmItSNxmgZeT4tLJyfBqTXOuVm8ytv48B5u4mKl6Z7F55z0eKL1Liths2KVqinQ41djlYbrxdLjU53lNc9wLkcAtiTJh1nuXP5NOhmpy8/m68/dDN4ef2HFblZviPB8Xb1/WZPlbsXg3YZYcXg6HGcev8A00fr2Obya1t1/g5HM+S3EwiidrC04ZnyaTRhluwz2MsdzVFOfV1NWHE1xjlmimmMkyyh9OZDrIL5MkXzJSae1mzUT7xmzZ9lqMvKy5ss0G8s0DbxMSrlWtG/hLN+4pSbljuO9utiz+bopNZMs/5Z7/3bM3hTHbrxfTF+AREbYFP+7o8Vz483S4zrxfTPTXBgIE9UuOFFCXSlFnERERRERJYoAOEY9CPbUuskyx5s75ma7bjVfJ7O0mP9Vnnub+NMqgWHGPXXyN2mWLmcmZUqVmLjWiupsPEC14Zr6tGpOGjbyy1ZoZ81djDrtZ2bJNJxq2C0fGxtMSsu61NjLNyWC/Nry5JovDO1gwXGwbN3SmYMxYtYXm7YS+ubzGPptXLqasEmQr4+DZs9tJ/Dx9nidczoqzK5GbHMs34nva+dU7k8adsw6dOZ7dT0njVvNPoHo2KZwzTyvpuPxe09GnsmXj/S7devmPR+mTvq9Bh7Icv0+ZmHSjZ567xsw0dszx2pdgm2TYNyrpi2X4QZ7YrlqtnzOdTPerBnbLpizUeTGYN1Ml5q1Y81VRQOTTFrtZ1lpJrPyZeTqfdMWZuMst0TZ1yTZRNlWZbPdGTWV7B2ArY4D4EydUfV2Z0xuFqxxR0ZVqxqURtRkUmou6Dsq0iW5EYtS4YK4Pgo1JojwTUuBbJJZRvkFIm2LNLfcs9yZcTBZW7XeIm5H/oE7Dig3K/Fu3GVXRd0KwKCrJuR7CIDAy9ldVasFZNyK8uxZjRVymvYaCmmYXfgGPMaRNCTAPXsUKJWLdIJ8xq/EiHU8bi+mR4JaQNLMSDIlIk6JSSJaIwCwy2RKtWF4cUtEYhRiNiSZE8VrVq5a3iEX5tDPbcuouyjSyibZbaMzPYBFgMuS9ECqItosm25Rf8AWZDLkBZUH8CAYzfgbplz+B9kZvB05+65uVfbsxtuafL9mO51d+Dijoyz8iEbs1N0W18bO5eHJt2nud5Y13IzSrNmcqM9GRyPsx48tQ66qmXMK8pH5ak9aic/gLB4F5pr+R4fDVvfWj3W7C6HGc7D3RMulxpcu/eFr+Djczzp2K8HG59d55+arWb/ANWj4M+HuatdlbnpNPG8GnxI40tFudSbF3nqV2y8muxcofuPyqsuzl3l0+SvcT9nTnj3sTfeeS7zzTm3lSMrfiGvZow/Fjitj8N0xmFt/lL/ACzbUnV+zfhyDWOz7qdPJltjDpWbxZL/ANzc1f5J/P8Au7czGL/gURG2Bx5ulgc2PN0uM3P5Wa1x4GFx4L21elwg6UCBEW+9WitlebQEilbSiJAbSq6WnHSzbbald1Wblrv2Lh851tacLVGXVmgd0CVyeZTm5uZtfidyZY+lQZ1uw5/i24aczDNTbdh2XMyYtbOpqw8jk1v5H3Tncme9rVBxnrdu41OZDdHbDJbb5OrDyeYrNXYwX3JHRye9r42Xvctp41UWXe6/YycnOz9evFi5OWkvory95/GpytnQ4ylNd7jZNZDzM/Y5nXqWbLnqlDU5Ofam306XJ7qvZ2vTJ21Y/S+nbiT+PXeg4ttXtuBDyXok66vbekz2PB09fLscLwdKGXBEw2YZ2YdLTEO6RYqK1D0TEYLPm7Yc7NlauVbm5qZxE5srBmyn5mGz8ROaqKHZIl0huSLab8KZyiWbNLXdMWYYtZ7Zcx9suZ00Fs+Q2yczX91zL2CiNW4FDgA4JlNXClwxUbFDiyxnDKIcFxZjLQthFjMjRkGEQeAKKXsBaQ9g7BW1PSxC9TFaixWFXJF4mm/AvVlMt4ma9nT1JzYD9GMCtWnpK1akwYxWpquQRJFjLYYOzTS8OLsSI1B3OnGDsBfFk8+k524vJsvBOhfSPQZdToxHRia8OBW6sYOkPoOl0k6X4U9LXKvEXo6ebEz9I32CYk6MZkY2mMTMhpUYj4xmxiMiSpNVEtMSGJOiWb01hkSvVIWycLUll7Am7EWLYm6SVZQrBtLWslWRZ1lW0CbLOsi0LAWTkNsu2p90E6l2dBVnUAAkMZpFlWbRWVqTbjnWLNMufnna3R5M7MVvRKzWQN+JlxqXbrFbvOhmtfyPqUUjTnp21GRk1J2EzY6ym9YUZfuQuI2GQn7dXtlMc0CJ18zNpZH8aeL5urxnIwulhydjj1Lfiabpx+ZW1U15qrRzrrZcXbqFxpdCJ+LFxnTwyekdhnUVj+Bds24irpmzeFNNsuUzlOPyf99Sjc/mU9E+KIhnQpfQyIpxq1tq6rP7dPbj1uho6uwQRi1GzYM1SvwINsm/MYb/ANwDv/cD0Ryv1EREBQ6OGtXOaoraHXm7JGO3Sw0uyY8JPi3XXMvZWyw23OmKvYUVJQmtBm+6Fp/82dM9CRWwza0P3VWkcqldBUYnz7cbaoz0q+VRQfFnSLqULYrWhmDDo8zOvqzxsG0sOvkk1l2tlsR5+6mmGqMs6MOxfVpe6W662hlv6k7Uz3lrdlN2p+FzsNVTZFJNN0z3rSrys+1JD6UtcdrH1U69HWcbLoP/AMmfrr6oMpru+k/F53ano/Q/i4/rd5ejj69t6PPi9v6ZWuF4v0efF7X0/FVxLy9PVy6fFurt3sOLWGTg4pmG3ZzbqFeYhdqMpVyy56mDM+VzeVlZ+Fn5uVz7rdqudiblz8kxWzZPNpvzD0thbqZLkm5a886MGbO1Lq+AvtZc2UV1sz3JWkXl2LzUNm5PapNVKumWx3RdtwUm6DY7kpvMc1aBsWxd0rNCzIkuD1OcOrSAbJs0j9l7SRsmyMPFvTNtQ9nONNUUvZnihbEtIopnihxTBaNhk7DKGn8II7Z8SloLUItX+D+kHpJEr0k7pB170ma5IuW2y9WtDDqnTbekPoqWf05rl3gqh4cFS6PSTpas26MZoxbJ0G2JH0m5MWMHtmbNg1d3XsZuTi2gjHMw4m3DiXGJpwz8RVgOkG8XY16r1ZGOb0CvbutqV0lpxzOkdEtN4k1BwGq9R6q1Kgok2C4MBWIuw7NWJdki2UygXRVjsq0zUIs2yrbkwAUlKKLsk2wIFXILOKItK1KuWm2ezg0myrOuS7lqCklXJoLasZtY83mxW35WC3Xj5rF/wnMQ05p2hmdufg5+YSg/4A6OeDmf5aul2E8av4yOlhnZmtSsft/suJ1dDpC6H6uVutObYI83U9qwXOl7fUy7MatyDhtw5ZYIrYyL1EjLReViupMsKzBTuM62FysLq8dm/NaNVay81djiiM2XVgzZdu0/Nlc/PesO/MBOa5oXG16hK4/V2LuYcU6NPQxuZh5FTB0cpm0tvtpBeCSuuHqs+XKKzYplntpvuggfUTdaK22Fc7F66qRX4yWpdgdo5dfURELImjAzuhwsU068/GafHxE1xxWrD6ds1Ljnfblq1dv+sr4i/rablWODpSaU7/8AX/qn9d+plY8XA1Dq9B/X/qn9f+qtxeLz+tGO1/X/AKqv0/8AU+UM5a74LNm40y72Xw7XJ5NPB9dPjJGCT44O3xN42LZ0onUFh/rZV7GXW1ZuRk1hqRm1wc2DVnuWvL3WXchRljFJvQbONgbYwToVrh5sGrC9By8cy5d4u8Slh/Jd4K8nVw4Nmv2K6+6nDw4qmPFs17HT9n2MebFqqI5+Ytv6Q44ewLmi1p1Y4P6me2n5HBrkaprTr9CQdANSOfE1u9V6Hjr+ZcnFxu+XsP8Ap/jePa4d2X1Hfl7D/p/gb6vY8XFMxLh+mf6US7PGqqeXp6uXUimjZlgbEutYZsXeVZNjSz56ZL8z8zJdKXUqyLOui7cZNLP0u8Gbtg+6ZM1dik1OVzctWyRi2a8095PbLoCbxTLPmqZM5OXVzM2WmZdQeTnZLrZd9yD6qTYLOtnunWM0q6IujLojubjNTZFIUdGoyYoRSIiBCWBWyQ02L2XtIJmwtqAtT2WiKNjzIhohnpuGQMs2ADIGqFoi1FCoMSQcSAyEk1Bcnl2iz3IIk+1xKBPSHq0dIWkpRl/wFr6Gx8cWUmGDIbo4sme1ky4mHVXSdSOLMrvBLW6Y5fSV0pdLpFXiVoxj1Gf0pDqwiirxNGodUme8QNWnRSTJqK5M1DaGgWpV+CJVqDZSRi9idlpCui0DaFLsKtlW1yyotdq2aZLui9hWFJWwUUQhdmFZEyTZVnWVZRWpdngbZrHmliue90s0slz3t83GXPyMlulmxV3Mmaf/AMno4orLYB2p0jHX1cf7uhxcssEfg/jV30Ov9ak9O1i8GiGDDlaYpyt26Tq8HI5s+TpbVox8rwHPXrDHM21jX5fyuMmvkmWe8t19X6WrbZf5Ixf7tmHutzvpjP8AsfM6w6HG8GG23D4M2+9axfV7ys1F5qrdnvKyi8197Bmrb8tV0x/N14/1eqPDOzXGL6pgxNfaulpHS+5sYvqbqNju7MEI1pTRrsC8Tls/hLLzT8jAZvCmub7xpmDYlOjFZM01/wCpDXmZHeOd+aiIhCN/Cy6MAorVqWjHpsPJl0+N6hLxc56/DRHMufk6M2Pe4edjH7zG8L/Z3/7/AJX/AGmT7HWfGvc+5xp7nG8L/aZA/wBnk/8AY+S8a957zDIffY3hf7PJ/wCyf2eT/wBgvGvd+8xh9zFfWXh/7Okr1TIFJf691y8kzHk5d1tZPJ5k0Thz7Xs88VjvcPE3drl8bmTMH3y5FMas2WZhxuXn2vtK5/qG3j4sXU2trWcah4cVbl4e5vw0yfpuGdTLqZLvPqwcnl/WjiXycuzJr3gvLVW0cbWg008bA1RKorUfUkwUu9Zc3k67tHLzsflawQzFj2dHFjkvjY26JmQ0HSWTK15q1hy82fvMZxTRGOSIaoZ3HSRr4eCcly9p6Tix4sMvL8Gpxxs6eHmVXa8v6O/5x7HjZ9r1l6L0/wAHlPRo27nruFHY8vUt+vTI6MG6lRRuzFl/jUWz2fbFnynk0jNTBdG5sssV0AZsReWls9hCvLRVr1CxbpIzOfmbs1OZyaal0MXMpyrrvb+T3Wz/AJxKTbihKjrnVnuj4ku6Zc1d4s2Vluu90kc6OwB2E2AoiiNQWwVpaiIiK9lK/haFsVqvVBjGtXBseYIOgTnFLpkanQzmxTO+ToaZBQ4pWYj4EXAwhRRgYkxJBRQUSM2EUZFAwWp0SWfhrUxmnxiX0pFFCVuKQEYpaIkEScikTJupQ9tUjdZ0BrIeqnVMuHUuSbmTdiwC+kRc9jZbPaa+syKtV0hYn+FX4A2TYsBLtLovYGhBdLsi0Vk2C9hQEpEsP8rL/EuFWi78CzWVV0tTXiNJug3S7kq2dwJsFFOsZqLRRCAsarQZ6Ls6/Mv8yJ7uEuw6napq6brOMt/8bHcy3ZpZ9UGK5Y7l07lnzYnXmsWesc3Ni2/Paz/if4dG51IvFt4O86E/1nXKVNT/ALqaabMGXvb4px8Na26fFpixfGz4F5p2g3yhWrhOi4vKj/JDr5sUsOadu135o1nj5t/GY4iv5qWjB2m1Y6EHxWsMeGjtnL6swvk137MF1r5NOatmDPs34gF1VH4cXjReCN2/BEtVDieweq4k+Jc70cBA4maXc6ihyl1K0B+TSR8ugi/Mq/GjbKvwpqEhS1OkHVIzMjXl8GR25+Od+RERGgi/x/upDLiF/KBF+GuerblC0Uv+HRIihROy1KQfTpfToeUGwtB9Olzj+ynUq2Optt5tGH9W/wBj+qezee9azjN1KkObPU/Js9tLLmwL1VjDdVXmuMtfM2+LQo41ENGHlatUcxijBRnSqRIqbyed2OfefaxZsTLpX1UEPw5fs3cbPq50YqaMOwrUda+Sx3zme67GewcaL5k0ZhzuYdFamQPR8bPOktXucf2ebjPqC+Yst+J2uZyZrxpg6k77ObeevsR16Zu/xuR38OWadCO55jjZ62drj5aqJZ6rpzHdjwdT0rBt3OXxJrJq9N6Nil5uneR6b0mZ7Xp+LOsOF6Rx/F6KI7HC3XaTDYNVALsFOVfY5PKqm+72hjud0mLWg6tWpObVi3Uz5gamJokTfayXdNeamPMEyZqczmbU6GamLMkxRKvzJ/aVdGT3oZOS52ajuZl72C6qmlaVe1KEjfPOMW6XqhhdkKWFFqEpEIWpFC3EtFLSQ6C4nvGiZBslwaVENiS58z4lic467qLjzXqKJOocHEC2YJ0UvYnZe6TUhGw9khbDZdhxSTXGU6KZIo2EGyKNimPY+FVGqKXtTPsrahKWjYWzMrYpr2TZnih7FWHbBuidg7BG7UXdB2DdJBskdlkLBdJdE7DViWpdleKK7KVYUg2rYSdqBVhHZbVqRV0Xdd6/gz9IFLVbVuMk2TbQTmUrANgojYqIiFnUVdJYLCBahai1RKQdyDxaiJuWe472uy6lrWbM9sv5kq8TZcA1XN9Yy5+bFLJ0qdm8WzNeBud4rHKuCssTM/4b82JkzTtDtz0JGVo42WvFnMw7b9rpfidjDk7DfJhw12NEU8t5kRlywZp17nR+DPmk89JjRdzoXe2na6xG7mRl+7ndWl9Svs1eFK1XlmWfba6LO4xzIWnDHxbYmdCMMtkS5WgMSZB0SvUX2ikN1Lpi+kC6LXamCRYL8KMzeZd+DYZlLU6ys9QjL4MjXl8GR25+MX5EREaCIiJIIImufqWZXhJZm20y7ZLfbNL/AINxfjyCZh+TV4mDq+jP4T+A7CcvCOWIC61RWadvzKan17fr4wdfG8172vsH3tfVwmRp6W8mOvkDaXnI59V+R+8pNO6bEy4Hv6Ow+o/shXbiUuezxc2PU5+x0eozY0UzNjB0P1Njk4/snucasv8AECMCXikz3OP7F3nlQ4TeJn6Db1JoOywM3QF0GmVtJivBRPtnTslnbPic68FF+3dTUWHErv8AG4w8Pi970Xp3D75J4fGnd6b0rjaxO0uPXp2kauBxZxw9H6Vxdrlz+Fg6tzL1XCwTiiXmt13jqcKOlEunDBgb4cXUd2z3ZuZjukgorZmzZUlXX0Z9O86NtzbnRiXEy6Lsebtc7lchJMzNyq1gN5WDmZ0iuTlIuirraxNSIFsmajeTbn3dEM/JZWy+4i1gpKhFtxlexNjLowWBREHizBoiifq1IixatFIueUZBhcGGxocDBEms2rBx5nbF4ZHqzWxL2Cq/BimC2TYlET9hwzGxTXNR42fYzY4BKVsvZlGwdFERRqTRBm1ExQtpak1G7Urqg3DsyTeqPqs+8ptKR3VHGVl3TZJs2TZk6quqk17FXRPVBsRa0bB3Z9ldUKDstV0TuifsVZeyrpI0u6L6gdlZZ9QtwqWzuiIpNg3RRNr+AgqK1QaEo24iyrk4qzrNJUZch1dGLAoiHWcqrCNStUgURdoq7VXMrEgz3IWjVWp07rNqrU25A3rOAJzS0alZpQYblhzYnUuWPky6Shxs06WkefafmxVdlR229FF/1qimiMrLBuHycOjGzbsIEBiAm/MIr81OqKvF9CunTX/IW/KT4mfoU1YJCfhn5M+V/q1pg6Cok+GOgbAwQO/y4+78bzEuirFZZ1mwqv8AYArDtqJ6Vhdl34Uu1X4U6JmUtTpIz1SMvgyNeZkdufjF+RERGgiIiSC/ARfhrj6kHIBS7QCHh+QBRWrTNMudtRKitljPTnVfNSXU76icqqbfF2D7fI9R7SQ+0n6uON2vLXx//aSOlT1mbg7FXwZ+q/8A4XmOlQ3o/Zz9Wa+DP1Srij3r7Ot7H8F3wOweV/gsxz+rkn5C6tHXwq+JXt8g2gv3VfsL3GRVzUAOtafHKpvw8xx4nVpjtOiO1Oczqy5G1GxW6+i3HV3kO0uZ1vyLrUxrWVvOw1LmdVq4c1lNrpzHe9NxbW9NwO65lwvS56UPTekz37PN1cdo7nDxTOtO5h7tXBiu+Xf9Pnxee3XaOlxYbPgz4aXsw6SjzdzFZ2zPyq7EgbFa96th7pGx2lcrkJdObysrCDzeR2OdeXYrk597ZeqkdmysNiutgNyBUea7qZLvtY7y1Q04Hk0ytFkDqEGpNtBGVvdc6z3IddTQ22CLLOBqEAJ2qatW6zhZmodaGxbjQdRaqHsUBUSvytZWIOJD/JsSNODgSLiXKxuHYZGGEuksWlldVNh1Z38pXcgEiSGQX/Cbd7rN/oOETsmzOYjDII2HsyTzoYuqvqnRjo/ALNGUfUMRyEdVNmsRyEbULemEZsmxe1K6qJqBEgsN0K6JtJYQ0BIwAQjThhdh2Xf/ABi3Em8h2LsPcdR+yEQZslV2HZLrsTyLIE2FrQFZh+oiIOjC7Ks2yy5hQS3QFXINaNUz/wCUUhmqtWkBBXKtSMFqHUa9UsBchP1DqZRjPqHVq1LuTKCdZLuTgam+xaz5sWrDyZ2dXN4MWaWt1hxs063TPp3ujmnvZun3uk71EnROqdMStQ1ai12MiWYmXN4EtWbF2MrpEiIdE6q3EXE0fhns1U0RLNuocGQGO4eqtODWoFs/VBhsvak2XS0ILWG/gIyXZd1qOys1NQlKEF0jHTPmZWzN4MbtxfTN+RERGgiIiSC/ARNc/UgpCt2n0LT+U/kUz+b/AD2tWyf1CxfI4rFNSNy66uufX0rL+Nb/AJMitgZvimH5CfD9mvf9WftIOpLje5D7xx+r47N1Ibpxvffqnu/z9hidbYu2D3n7L95+ykNrZrI9f1Y45Mj9ybNB14/1B7YfXX15ZTmczBMw5GjrczPttMua3mmTQa0NX8p/InUazDjcLLFamxezNY+HfwkTsreT8MmyT46G4eNs63Gxzihjium18etnLqukjt+nO/hy666OJxJ8dXf9K4tZ80vJ1dd5Mdr0nFWXueowzrEs3pPF6UN+fthy3XWA2Gyb958ImM/KPZ+akyL3K2DsknK5Grk8nK0c2nJuqYk1BvusF9oyMpi1SWqA3TcuAq2W+2zrJujCEnU4ClRNk2ZdEV5liqJo4FyQTqvUWqahA1WPVetJFqM1DqxSFeotU1PMANUM1Vq317anpIlpiQxJsC84ZVaijtGEERdiDYpLRAueX+jR7DiiToluewIu5OLpvFoERAkMiitVx5ubRqlLBOgRWybN8smeK4oryHAt0miK2TZCmIDcexBsUmxeyJK2BuIs4NTdA6ic+qYFL8EspRpe2q7okwWai9kUvZqTVUGkSLVYNKscUC0hS4TLoodBdWFLUgxaG5VqtGNNi9ZVqJGp6BeoTg6q1FAP1FqbRYy6pq06huSLSRGdNWpQEFqEWBVhWLU8zBSLkGrRqHVplnvVjzS3ZpYszUrNjBmmWVrzMnwb3QiBElB4TSYOUosDfgx5ZbmHM1IQR5nkR2WfB6Qj48GeJ2aIZiMwmlxQ9liWgRMEvIX+Tr7gXLX8wlX2g8h5i4vVALLfnTUzX5tcgKlgajPXoObuhhbrrWGN24+MWYFERsIiIkggr/DXKWKJ2UPFX4n8ut9M0NzqLHWv5S6mgCe19O6v4Tq/guJ2S51GRnxiXWy8Va/kCNY1jpa0mtG6LjX5vN7/AIPn1l1qCrqpdG5+rPc7KUSMfVr6r3r9x60oadH1aHHIqCtKs7pCQSHxnr7J16BGIOadWsn9ULu68gBuyt6/VbcxSH7JuVt+tDZyLyotgokGehumxs34WXB5t8ar+a6xo422V2OHi75YOFL0np3G2uXk6vvHZ0vTeL409x6NxZnWtXD9M4vfL1HG1mHHqu3MdWLmY7GfPlK3KunN1XHc1QXhaISW5/qFdjbmyzDlZq2tIgVi7S7Q1g5LHctfJY7SKvtZ7MzAgSYQ+MEXR+bwc3at0aO6LRdy1yAl2IFtC+irZz7KLIVDCFiaq1GvUgvVY9U1VUArUzUOrGHArTVeq59kIo7k1ocS0hxI9VxJqaKUYEIIbkSr8GbdVZkFaMgJ0dpcGKIeykTV15/6qA1VrqvYNs2pS9UgbF5xpFq2CQcgIG1EibIFmoewf8qUMWi7jYZzoogwQNl7NSBLCCwC9GQ9SQtYS7kuzyrEhpPkuNg+K2Uq16jiR6tT0LVQJYFaIC5DqYjLQLXAtRa9jt9YJ1XqZC7lzJGqam6pqkVqKJGvXUjQah1k/VeqWkL1M1WmSdAatP8AgOpwSk60mp2q7k6mYJtga1K1TVaJBLHZTTNhWVh5Lbk/2/DHyVz7mixhzMLdlYNe91kYV8xQiQkI4gzyMNGXcyaiZkc251szFXxFyp1JitbdL7mFqitTIrYoeHzctRy4oKFHfihExWotpZs96TCroexVn4S8wECjQEXOjQTdbtcs/QAu9BlZp2dJ9YsLy3t+SdRBdZ6OB/gI7U0xYFERMov8KQxCWH+fyt0nUCIn8odiRET+Rsn1LUiv5V6idXqi3n7MOv7Ceff8c7W3r/sDqsq9qP8A1TV3fqmjLF6tMZf/AMlKb7aowHxiZ8OfXyN91LKO6TByZP8AdB6stbq3GD2+yvZ39XawzLTGDYq15u8VSX/D03s9viXfp/6jBY895hiXb5PD6Xc42ftEOGw28b80wxe7q8PHVXMzLF7sduY73pOHZ7D0ni98uB6Rw6nV7b03BrEvHbd2u/MdPjTMtkUxxR8OTs17UZEbMsU24Q00RGhgSs16JFcqu9iuT7rYm0gF34LIzUhGHmUyG5qZbSTNGwfGF+RXJuZaln9JOamIWbKWwq0x4KtI8Cros2gBaXRVtToVVk2cjeCUhDlas40A+JBqOBak1EpFPTOh1VqMOoxaFa/4U1M/iQyFeRkSIRQJUSLUmAS47B60ls1qsuuqjbJEgtDYDdVaHUGBChTJkWiCalZpeqaiUrVFL1WjONaWg16HApakBREB3CmLtIS+5ILKzYLPhISaIooN/go9LnsN4n8JcGFwPZWaghswu2UC0WoRLgYF7FmiAvZQpiIgjIUS0RfAkGa7FR5nwkVajtC6SD2iVEjiSKINmIWaTYTU1FuApF2ikxKS0VfcQVYLO1VqcOFhHYG4S7KPsimsFLthzdzVm8GO1GKyZ2K/Nt5LBXm6S+sYWqFCVWrHH2LOj6qGjXqFZ0JmlhvHW7eTc0tWFoiMr4uKM8vEmDYo5p+GoXdLimpUZsFV1qXsAEAkZkNpd1qQPNXeF0zAFV+AirrVuRM4RBdVV2UOwGOfX1ERCyiIiSIiJIiIkiIiSIiJH9X8J1fwXrQBkZ8Yf1PwnV/BCLIvGNHUkxjP6n4Fis/w7ak3r7E9X8L6k/8A1GM5TN1xdfZSKB3OB3Q6eHtcj03/AI3Simk3RUgvJLncnmax5ONyefXwpGR0PVuZ/H47XnsmT83f8pmz1l8gRNVQnMjeN3FxV4vZ+gen7a04fo/Bqqnte74FY+NEzLh3ddpHV4GCcEOzhr6uLxstZbdvh90PL3XbmNMGRRaObo0YXTweDnYcXe6kT2BoTPyaPsm0mcFmX2lXSRF0xZqaLpizUgy3W1l2O+2yrqZ8kic16ufmqqM5OXa+xmB0q6OiewOo2+YxavYFoprFoLUuwi+xYFeq08klapqLUWoWkjHqvUDSRCLSXuvZeqtUEXqrUcSSuJFqOJFqtxqe1wIK2G8WXcmBIZ7JaLIsIKLRJBK1WjE1XqkDQJRdq1WpB69itTNTYAIPVWqIAnXBakIFoPVpFh8TdS7nsYsv8SHQzw0wJv8AYfq1pqhZUAwtqGIpEKEqwdwikCgmfiCils6rERFCqDQUL1RL2X5j1VqkGJNhQmeWRB1EFsq1WIJZokRCyiIhZBqCzi7kfDCNl7LuVeLeaktS1CTCCyzirKDZVjuiWpcZrNm7dmLN8W7k15MGYxmsXIrvZjuSS3mM/UREQxDI+xWrRH4ay34fihq/hGZL/QOF3K4MViYqx0W3ZsTPmxKImFprql/7rSiKTZKLS/8AdWyJaiIFDSc3kA65qrKudHSIGQFzsapuVi+utZbjUJuYvV0jULtQrLajHX1ERCyiIiSIiJIiIkiIiSIiJNjK7/J9OyY/i5fJwaf/ACZnpnmMSIjTSIiJIiIk0dT8f+wo/ZnlqY6Y6a+NytR3z3PsGtfZQSa0ZstZfJjppZr8zPZ4A6fpODq2w4Z3t2uNXS8V18x0juYc84ImZdHiZ6y6vK4s1Zbej9InveTrZcrtHrvTcXZLv4e2HH9N8JdiHmt125Pij8MbMkNnG82XR0IxNMFQJIdk2YRaSrc/k03XTnclIq2czYu6QZuTrLlczLt2tPPyubr3pB0mgGWXeySK2RNWpcc9RFhMrQbLNuQGTSrUyAbGIYgtVRJmosZTUWookbJxluVam2FIOqajHCWFdIeo9RaoyKiR6nRK9FPbRGqNGperLQNQajQsstkV5tGYi5CUtNUQXqoaNQq1EpNjYlXKLVDKHqtIkxIkS01TNAmg9U1RheqRI9U1RDcdhNw0akXI0l6tOPwIie9og7oWscC1SZ0O1DqlaTqXfa06guTqZ0N1DqbcC4EqO0TFalUrUSzzcF9h0VqJQUQUJEjRAg1LFoRIvVYFL1WiKtU1HqhZoNU1GHUsUKCSxbiL2VYtQNSatQGo0al0F3IDSbW6YG6KuhkXRVgbAsGxk0UjP5MOamrPXew5qa4n/WM1gzeYRZvMLdYRIRcAwUTscVBpKlopmwYs7DWxP8rjzPq/E167AvEPCapNWMd4GW8brWz9KaoJzunSdKnR6cquZPlQ5yNl4iLlpFIq1goVl7v/ALGlX27fsYCQ/wDoIP4dB18Bc7F66xX/ANTgX3dv1blZlZ7KbYxa+TLXbTcu/B19AggtMoiIkiIiSIiJIiIkiIiT6N6pkxvK+ofq7mbFWdm/rtvKWE8n06+qa19Xp83pjDm4WvyPknDF/Do+31+JNxqdZvWMRkY6r/aWjoy38bBNLTrl9CjXXjiz9ZVfFlm+2b7clHS9rMjvFMrGXIvtZ7rav5a+b/uxNRvmGYa0vZsw5d3PbeHO/aO/jcdT03FVW9p6RxtYlxfR+NM67PW8CZm5eXq7dd5HW4cupDn8OnQ2eWx2hkN/Gll4zoQy20QPYuB2lKvYqwqutYSBm8HJ5NNPJ5XZq5d0kvZlzZfqHNlI2QKzMxmaiAauwiUWLVaoJTWMlqXYBmtSpsC1KbUqGwCJPiRYtHEmRquDO1UVNQaj2DsyYXYDyA1iDgKJGwcVAtiNaIEXFD2UuERVyZsAWY1pahWWIKTmknU+yiCx6LWkrVa0SVqAaFFiiV6rBq/gijIlBWqG6g1SBqtdl7JLQGy9jiWVcG7bAWIuDEEsAoQKwVopZwWKUJVgloNaRaDRItDUWC0CaCRLVwNUSvUY1oVajVqsAViRYdCIKCc4tN+AEW0zaiIgxlSeSIsBYNTLA0AotR1BIs+yLPMRG3yJvuMutYIuuwlV1qT1F3XxZ7p01kvNXew5q1aM1MeZqCk2Awss0SwwIGQcGlQa6chFCCxVq1IjNila8LRj8GOKaYplswvVeyNW6sBYbHRd/lmTGbLS71+JNnlX+O9qZPrLPcgOIs7pWVmGG52an+r/APCEHc6gbFgPmqJ76EprXOzEYsvm13WrJf8Au6cLPWgREbZRERJEREkRESRERJEREn0mMGpn+FZcky5PJ9TmXOxNXLzzMODyc7NyebWRki66neaNdKO5nzSOMszBGS9+2Czbhcd7o8Zlifq6HGxajR9aYnsS+1PhqVdar3PqUXm7YXsRya+LQcrmf8jIfyfMhR1R2vTcGurk4p2r+HZ42XXtHXxrn69V6X8XoeNXfLyPpuenquBW2rydO8dzhuhHc52F2eNLy306xowzrB8VuRdfE3CG60x2j2KHBZiM3MrWGu+2HL5NbWGnPzUy5vA/NTHmpAgrNS7onXZGgvYLRbPZt0VLDsXdpA1mwxakIBYF2BaUBqNNnSS34yKDYLgyEj4S61L2Vf5YvU/pMihlwJr6UDqYFzrUoR6riTNUbQ6i1EJM4CDFLJRERVIHUSgbWe5I1abL1QL1TUS0ACXqmqEUExeqaJUZqrUYdUfBeoopq+wMItlBABcjVqYitQmah1Oz+rUhEQoK9k2XEiiIi9V6jNIVxKaiidWgMOq0Ywh1TUS/4Pjq2QpQrL3FQ0SBxLUAV6jUBatS0QlUi0OJSLQFFLUhqItSWotE/LWetSlWIF+DIK+aJ80QUGxqvwSZrJo6ybdNRWcmvA3N3EWpNOM2ama6aMzHdGTAVmplszLTO6S6xagRBMZooF5BgW2orQ4kYRfwJv8ABKtERpB/jvWtcTsrJ/FhsGeJf80JhqQzZNgKFaxaIh5uKh/BV9pxeaVJ6Zvsr+CL82gm/N0vM5+MgCKwgUm62AK5C6YtVYV2o/xjr6Xm+JF+B+b4kX4OvPw//UpERtzRERJEREkRESRERJEREnouf6pVeFOPk5VVfaz1X5r89wsU7V/AkxBaorYWHi/z/u2xwhfbNrMZhxbW2+2lInVK0eHHLRGpG0gvKWGtjzZQXkpjz3TNrWX+nbUVmojelX3GSfwaz5vMozN5ltNy6ZirWv5dCLct0OFtXaz01HovTdq1ev8ATfi8z6fi1iXp/TZ8Xj7uXHoj0fDnxdeNZhy+NWrTGXZw6mula2iCcPgdDLcFu0QVqLZDFcq3Iuu9uzUwWlGPk0xZqaeTTn8mwSboMUTuvZCn7FWDcRBeiJdF9UYTAg2TY4hbKCprANNQiblBgoCgZNUX/K2cs+mGxS9il7M243DlggasUMg4mDlSiIiC0UsFEUjUqWpAsjQ2WbfgWV8AJAoIJEOFFg2XssSlL2QYVIi2osGvZSmZNS1BRfRFWAav4OX+ACjk1E9HWfUcD1RqzUi+5Bs2YQogmswaHVBIsQRIgk0UiwT5n3KamTEmqLEqQoKF6qxkCDuVIaFBBU9nEUvVFZi1SLUAi1IYlqWG6VK1WmwgyzoIJkSg2sOyws9kXR2amW6KBZN0OybaiItjzNOamTK3Iyx5q79SbrX/AOJubzJzeDbmKK2GyxWjRPdCsxCgUBgyAf5hqIhCLUM2NQBkLiRM40k/n+FqjtWx1zJdhlWillIiIcWqDc7DUNwEE3OrVbNmaBahAtM2E3XkWK517QuiVYRBLn19LzfBmtpzf7s1uvJ/+oERG3NEREkRESRERJEREkRESRs4M/z+fz+WNt4Xb+R17i3HXwy1xLPh+xgZM2ZcxpOaki9gX+E/lP5VvN+tSYLXs2Y87bfhqwZmMxm0pERrm450jN5/go/LO35Ib3fbrz8HE7Xq7vo/F/jupyuFO2Z7Hg4NcLn+nx05bOBien9NweNORwZl2sOXWHj6d+XUP40uXxrrLmdvD2uNsvx0bI7TI8yIoyO1lrGlVg6pV5US8zJbTfcx5qQc/k6ubyabeTTnZq2Q1mBsdqXrKA4oVqBZGguijbL1N9rVoVstpaasnYTUmLTBbFoAYr/KkUStjIooUULcMPWqKWLDKZBheExnGjIMBhOaiUiIAiIiwoESNfGbUREYQVDCkXqmp6JM+qrP1LuWyQIzQF/hZf4vSkQQo0KCCpMWiQIikCIKqgVrRLVItFVoVrQUoIImViKiV67G66n4gapc6mAtoAWgolm0A1CdZWoK0iVxJsNyYlaoMIwIFaKegHVeq1nF9Dc9hZ1kiIKLgKSIiEqDYg2zUE4lNlgWX817As30A2Xssq6aILZ78z', '2025-12-06 11:19:54');
INSERT INTO `traloi_tuluan` (`id`, `makq`, `macauhoi`, `noidung`, `thoigianlam`) VALUES
(12, 8, 21, '<p>thuan lon</p><figure class=\"image\"><img src=\"data:image/jpeg;base64,/9j/4AAQSkZJRgABAQAAAQABAAD/4gHYSUNDX1BST0ZJTEUAAQEAAAHIAAAAAAQwAABtbnRyUkdCIFhZWiAH4AABAAEAAAAAAABhY3NwAAAAAAAAAAAAAAAAAAAAAAAAAAAAAAAAAAAAAQAA9tYAAQAAAADTLQAAAAAAAAAAAAAAAAAAAAAAAAAAAAAAAAAAAAAAAAAAAAAAAAAAAAAAAAAAAAAAAAAAAAlkZXNjAAAA8AAAACRyWFlaAAABFAAAABRnWFlaAAABKAAAABRiWFlaAAABPAAAABR3dHB0AAABUAAAABRyVFJDAAABZAAAAChnVFJDAAABZAAAAChiVFJDAAABZAAAAChjcHJ0AAABjAAAADxtbHVjAAAAAAAAAAEAAAAMZW5VUwAAAAgAAAAcAHMAUgBHAEJYWVogAAAAAAAAb6IAADj1AAADkFhZWiAAAAAAAABimQAAt4UAABjaWFlaIAAAAAAAACSgAAAPhAAAts9YWVogAAAAAAAA9tYAAQAAAADTLXBhcmEAAAAAAAQAAAACZmYAAPKnAAANWQAAE9AAAApbAAAAAAAAAABtbHVjAAAAAAAAAAEAAAAMZW5VUwAAACAAAAAcAEcAbwBvAGcAbABlACAASQBuAGMALgAgADIAMAAxADb/2wBDAAYEBQYFBAYGBQYHBwYIChAKCgkJChQODwwQFxQYGBcUFhYaHSUfGhsjHBYWICwgIyYnKSopGR8tMC0oMCUoKSj/2wBDAQcHBwoIChMKChMoGhYaKCgoKCgoKCgoKCgoKCgoKCgoKCgoKCgoKCgoKCgoKCgoKCgoKCgoKCgoKCgoKCgoKCj/wAARCASdBQADASIAAhEBAxEB/8QAHAAAAgMBAQEBAAAAAAAAAAAAAgMAAQQFBgcI/8QAOxABAQACAQMEAgIBAwMDAwALAAIDEgQTIjIFFEJSAWIRFSEjMTMGNIJBUXJhgZIWJHGiQ1ORssLR4v/EABkBAQEBAQEBAAAAAAAAAAAAAAEAAgMEBf/EACURAQEBAQADAQEBAAMAAwEBAAABEQISITEDQVEEIjITQmFxFP/aAAwDAQACEQMRAD8A/RikW72u6gGljm4z1NREFArPMxEEgx0RFIUpEQ+Q1EWteRUiI0lhEFmVIEZYkSAGhnpBgatVrUiIgo0QghtSKVexKKOFAqWrEgRKCLQaJzoF7IpYuelbpusGp1vTNhbloMHkduTa1rGL2FFWpLdGgNl7yRfQkB1ZJvlzKZaUYb5csub1OY+STrbpvLzl+rT9ir9W/c4np+rJV5ZeWv1X9me/WP3Ehj1vuJD76YeNv1X9mXN6rV/I4LXuf7DH9ir9Qn7vBX6hS/7CgLXvP7Cfsv8As5+zwP8AYUC/UKlF9B/s5+xN+pz93zy/Va+zPfq9fZKR9Fv1jHPyJv1vB9nzPk+qV9nH5PrOSfkk+tZ/+oMPj1XlvV/Xe+taeAzet5PsxZvVslfJi+prpj0HN9UqrruZf7evs8tm9Rqr1YcvMpwv6HHpfVfUt48nF/tKm/Jyc3Mqme3Lrut/HV5nM6vyYLyEbGxOzh11p+ijLR0VW5MSYzreNUZdWiMuzDskZe9zxqRv2F1/ix7Fbd5no43R3bM+YMUXmpafFnzV2Mmw+TTNDfLnXZ9L5lYHXj1at+6nloo/q/F2nd/jn1HuOH6z2dtOz6f69UfJ8vw56lvw+oVPyennq7tYsfYI9fnTyaMPrW1+T5Rw/Uay/J3eH6jr8nfnr0w+jR6rQ/7Kvs8Xh9Smvk14eVt8mubrL1kepV9l/wBhTzcZdvkfFfs6W6w7f9hRkeoZHI2TZc82/FruR6lQ/wC1cBG5zP6npo9T/Yf9h+7y29C6tHA9P/Yfun9h+7y3VoPuKF51PUf2H7FX6h+zz3VoOxxPQ/2H7J/ZT9nntv2Vspynov7KfsOPUp+zzey9qPhP6np49Qn7D/sJ+zyvVpXuKXhE9V72fsH3s/d5b3VB9xTWJ6n3s/ZP7Cfs8r16T3FfZip6r+w/Zf8AYT9nlfcUnuKa+menro5s/YXuJ+zyPv6FHPo4HsoyyLqy8nHqFfZf9l+wqer6s/ZOrLy8epGx6kk9LvJm0/d5iPUv2F/ZSGvj0u0/cN1Lzn9lP2T+yn7JPQ7SHqy87fqX7B/sv2S16S8sq6svO/2f7Lj1IsvRbzY3Djmz9mqObIvtOojFHNlojLNueGQ1FbqZPiJAqTK0REcRERnyPipIUjWgSIiSIhV2NWGdpNi3UZfenAoiNaqiIi0YiIi0xERQtaWFF2twS6+hrUtznL0oAV2DZaliL3XsLdZg0BsrdrdaMQvqg6wsR6FdVOrLOI1NyL5E/Ym+RP2Q1r2Xsw+7xfcccibbs0a1RaWVtItytEpW8h6srBaODO4jqyTfIGavJtWw+7kXvpVZt1s3BuxXzsZV87EGddLcO7kXzsZN+p44+Rw67u4Xnb9Wn7r/ALbH9l4nzeg0TRyI9Tm/m1xzpXivNsRm93Ke4OGdtASvcL6qsZvtelLL6qdWV43+DcWi+rJfVlYtGgOrJGbl6QzYbWrfRmvlzLkcr1OZ+bh5/Ve/sOMvV36hJF+oS8lfqRF+oGc6Lcesv1OWe/Vv2eTvkVfyB1av5OngPJ6HN6r+zLfqdfZwbqhRVGcrXVzepVUeTJfKyV8iCro+MZHfIpPcUSkKyIe1UHuM7QXqpzqDssCb6myfxCCTdM95WLC03yNXP5PNncvk5ex57n8rpONuNyOnyef8dnPzeo/s4HJ9R2tjvlU539Y14u1yfU/2c3NzKq/Jz7uqL/lxv7TMdPFrvlFXl2Zr/KsOznf1v8bwOb8guqaNdiL7XDrv/T4s3+U/yb5WKMbPkZCdT8P7GRjVrq52a1h96gKHhqfGi1hlpIcyooyLRZq1Z4y0LmV2M2GmS6MV2BugYaS52NilZc3mXq19Mu52PMFKVtS9V3LXk52F7C2peoLlqdYxYdh5FYzsXqGSs3kwA21t6OeqzY9dwOfXa7/D5lPn2HndJ0eN6vPi6zu/1zsx9F43K/Z0cOd4jgerY9PJ1MPqmP7PQ5WPX485nVl53Dz8dfJrjmz9nbi7FXahHPjPNfI3qukDYjN1V+4MiPsjZOqFnELZArNS1KDssQ+5NgXUh3IHatlFDTTtk3KtSxGbJtqAsyJp6qrqWdNkKZvKdpXartS05WxWybLBadsvYnYJOtGybMwtjhP6qtv2J2TaRgM2/ZNv2JUpE07fskZf2Zk7Vhao5WvyP97TnLFidbDz6dDD6lX2eaFGdm8yp7fD6h+7Vg5s28JHNptj1KheU9rHImh7S8fHqrpYfVf2Xjqeg3lN5cuOVNfI6ORLN5LcjHvN/MbPUWtO8h3kgF0pC0bGbMWw9haDbJ8EX5M/Wlxaw6iODdUtS2sUiIiArREGrFItDmrVIiIvf9Wfsvqy8f8A20/Y+PVp+x8Wr3r02xfWl5/+2n7E5/Vp08lzwL1r0N5ZJvlzDyN+t/ux36214jye5v1CS/7D8PBX6rX2D/ZV9h4T+mdvfe+/ZP7F4D+yyfYP9lX2M4n9V/Sz49zfqP7MGf1bR5P+wr7M+bm7NTifxm/pXos/rdMn91X2cC8u5a8IL09J/dV9m3g+sd/k8cbhy1LXjBr6Hg9Wk3+1l8/jm1HyM/sKV5l+rye7v1aWa/Vnif7Cgf2A8IvJ7G/WP3Iv1v8Ad5C+Vv8AIHVpTiHyepv1r9wX61+zy+ybLwg8no/7qvsVfrVOAmynEXk7N+r0y3zclsKHx/w61+6pPdUyIsWuth5uSPk2x6rX2ec2XtSwa9XHqtfY6PVv2eR3r7h6tfYXla9l/cfsn9v+zyEZa+wurQyLXsP7X95T+1/eXjerSdWiHsP7X9oV/bfs8f1a+ydWjU9h/bfs5nN9SqtpmnC6tB32U9pqvLkr5EbUovZSIWyBQ32hIiMpawokLZSkSVspVpBiGhV1oVeUI+yLoq+Qw8nnzI8pDJrdm8HJ5N1PyZuV6vMw4fM9Wn7PN1+3vG5y6PM5mu3c8vz+ZVbE8zn1l+XawXdU83X7SzHacjyVsKC42oyJeXrrbrpOVohsOOt+JfQqk6VS1RWqeWwtOExKr42xxd5dWfJplvBqnS1HecHUaTRGujPYuqTeVIzDJMVrdJhzgvt7lE0ZspfV1J2Vddh8UnMzk4crJkrvFFNW+8DpRl+LdimqhxYrvl3MPhKzV8Dc/Eq5HmrvIvLLBLsGyeSamMVQLOuWbN4GMM/X1sjNnFmxE9KnWXGcBeWhRkpfSBc6t89M2NUc6sfi24vVclfJxRRl1eqdZMc7Hs/TfUa+z0fD5lV8nzjh8npvQcD1PX5OvHfpjH0PhVX2dDZ43h+pzV67PQcLldj0c9TGbMdaKGyRlmjdm5Q1JFSRsL8KfcFrSErZezSkPItfVDsMKkRE59IgVXSUqk2RNVjovZPzRaHGLfWJdKCjVuOcmjQAmY0ivwHYNuuewaXsHYJs1S407KZ17Odh3TwB6oLo4jdg7FbL2IS6XsWG1Y2dsrqkA2CattlkbJsMGtGydWiNldVSNa09WjYz1LD1TN5Fi8nZw8+pdDDzfs8ydGXUWHXsMPK/Ztx8t47DzdWzDz2M96XrOruH/wAnA9+dHqH7Gek7IocuOUfHKlnxOulC2KOVIvcSxl/pxsWyxyJF7iVh061wR1ZTqt5sxhoQjqp1ROdOnqL2NPiYpFhZK1hV/wCgvOxa8z7+hxz6c0yHWxhu/sKBfKqmbURsZvSbVSdyKakF6WvYG0r3lrGdWhd2HYzk6crtDum0qQanaraQhUjoZ1ZTqlqPjEdsmxQxYha7B0pe42fG/wAWg0Gif/0NlqRFqWJS1Iqlh2VdFmXDfZuwtiEAOWqBIamiFjFi0aA2BtTOLTEJ3oXcCJCe5O5acaFAjZL2IMUTtS9qEWmqJ7lxVGqU5ZOwdqFJ6Bik3lSahIHdcUEu1Ltnuzsn1JezLmvUrk8rVw/UvUqmHG9xvGvmcyZ2cHmc/wAnN5nPqnIvPkq3k7/WbkdeeW7lcyu7uc/Lkqgfn81RkS8fX67XWc4UKJbI4ux8cNyt10xhiTYmm6OGq+P8XPWox6riaOudGfqzvqyTVJtJebXRq3EZtIc1TTDt5DilZqLtW2o7qWXNS55VpnVVmrsYu6DYy7G+kX82zq7QxWLbWG4KO61LvL2ITbf/AJZ+k7d44Jvt7gxVHBrbhrvl14z9ky8/GXvbIy9jOYddG6Z7pl9xS+rVM2aNatk2ll2RuTQ6G06M2bwFFAuppJn171istDEZs0tbPlalZxludQm34F9JeTP1XVOjk1OupPSX0nXnr3oyO3wfU9bej4HrU+OzwH86tnBy63L0cfr7+ud5fVOB6p1Xd42eafOvS8/7PT8DP+z0zpzek3k/dzMNbNWHZ2FrTupS9TBKtLRRKgi1FqrBQoItYzIIC1E1QUEY50KIioQSBtnDCrRVhdYkREaQkCjKxBBRWoQRBCCiKtGUm0REytSKJlEpSC0ypa9ixQGmmLXtLOrqjE1br6urJ1dk2ZvtNfuPrRscqnN2Ng2Y1rqe/o/Dz9XGg9eOKV2/7KTY9Sl51Nlh16WOfP2HHqH7PL9VfXBeq/sp+yf2U/Z5X3FJ7ilmB6z+yn7J/ZT9nk/dUnuqKe04vqE1bbfNeFw8rW2v34nq6nr/AHv3pPez9nkPf0n9lX2Ket97+xfvf2eW9/X2K9/X2Sjq6qEjMVUiLdMcrFLtLK7jg+lmK1XpR0+OAUtBa1zMCJNUOs1ECapWlwGxxILOrEVdKUmlm7A1TUah7qSEUos0S1LBq0QOwsFi7kGot02BVqmq0alS1bpZY1kQbAjN9MyrEFBreCgwhewE9isKjEpUgZazDU7QKQM2oiI0UREEraIiIWjg34M8FXl1FJ15WTk12FXnlk5XMxzHk59detaxn5NV3OBzO63Sz8rHUU4+S9rfO/X9ZLrvzzrN0Nr8U9nt8WvD5tDw9d47SOd7H9TI4cz3N+2rJmyuVmtz0C5mbKupLzZWO8vkbTjVfK1D7rZhutiurqcWN+at3K5m020xyZZeRlmli+FRnoXXZbBs34jWjbaxbalRS7rsU5WmXl2AV/gyKbkC2c667CmcOjCbJdy1Izob8GbM02yZvNu3GeqrNW0MUedNd+DLHyEjOmRTRFER2j2GYr7M6uw4ok2FZi0zZNggujDp3UD1Wa61SK2s2KVr6itioobItFsDXZY48EAa9idJoiUuiiKllzVPidmpitqX1iVdLx5akv8ACW3+dz2Opnp1OH6nWPV6Hgeua/J4f8NXDz61Oz0/n3bNrj1H1b031iaei43Mx1G2z5f6dzMcvV+m8zZ3nesY9hGWavyP27HH41bOjFPRzZQcsOwtm9SKRZCgGf4CKgIiKCqCMBc7FLRBjIg2gbLSoAv/ANgNxIiISilqYC0UpIStgXStm9OCugXQVMpakVYCwCQaAqGBNKsC0WoYERVYhha9lJtxbgxF7C2VOmL2K2VsRpuybEbJsTpuybF7Jslp0Uq6L2VsBaZsEOybJGwvaidtVdUYjtk2Z96TelgaRMm9C271fTUezEPVerGuhKNOsprJ8h4syH6p2rcJCH9qayRhGqH6yHQeX+ovWQaybqrUjCdU1MCiOC7kSzKIDVWpmqaqi1ShaJqdUUvUSDToVDCpQoGg1q1qQGq9BItSlqWNSJqiCjA6pqYEDE1TSRBRDqmokQDqmpgEVaiUoai7ks6yrVpkLNjwBqIyKogdV6n4sWmyirFK7pgzZT7pzeTTHVylk5WWphyOblqoa+Vl27WLJPUfP/b9P8d+eWWbpojHsHDg72zDip8zvvrdemQnXUTTqXesucbJY83yPzUx3TRIumLN2tGapY81GwF3lIzUG6LuyKRmqt1xlVkJt0nOMadeQqO5YTg8h7C3JtCNM2MimcZi1o8pV4gw5V8mfk3VK2Ye5kzVrdC43J7NSrryphaXdEfIV0WmLTr8GWJ2vVpju2kyMWtmXEyZp1LauZPYys0xpwjYttTY2qzKLDgZqHr2E5PBfbikK2XFTuTk8kjzarUnrW3ZZEeZrMZ+HRRm7KvY2YJ7atgWCPATXRJsr8y1aquZX/qYp6c+5oNtlyTciRbjMXf/ACTofcl69+zpy59TTuNyqm57nsfROZWnk8RbVw/UawO/HXtix9g9N5XZLt4anR8t9N9arSXrfSvVuprs9n5/6xXroobnYeVNNsZZ0dpdBuwidhwUYpWyzqXqmqlJnAKWoazQoiFjEKs0u0VAUjbWrQKILVa0ZGqLsdhsEvZWwtS/m6RRd0UZ5B1FA4S1CFVCoNh2ZwGLK2Wr6WqtWywGNxewoAjV51aNVpsFkIiIrEJERQItFNyM6tS1CnURaClS0RSC1SIhKrUiBDhFILGo98i9VuboiA2GZcQUUruaUEitK+6tP2AEi/8AyV2i3SEBm0h2aQAiAENcQocLWV6osBCFjUjYiIFWBS1LIxS1L2FpkRS1CGoi0WpSLUpUtERWrEEgQhIFSQy1oli1IiSy7kawdBEi0laNatItQrCr6KmezrpntW5NTLnrVy+bXY18y9XNu+rbxft3M13451kydyol0cXG2Njhy+T3+kt9PVzw50SdDXm4v0Ivj1LlrphV1LDmyy0Zpc3k1U2EycnLrbNeeQ8mtrZL81EO8ss+aksu5oyKkZmW225Z7lu8sM10Hrpc6slukmsVv6s1BrmRWo+vRY1rsGpPXM6s6IA8U2WFIzDTXdbYmSPM+KM5OlxOq9jC78zmLS7TXsFqOJEuAvD5tUM+Ge+miJSZuay4aaeay4e3tPPqYkto4zP5W0R/pQwQ5qZbOutrKvwawFIBN5J0yK17jOrTMZFfEj1T+oLqsy48xPRxp6p0UyHRQgaUBFDCVZVzscHXZIjpFXiatS7ky4L7Y82KWXTW3QzSz3Lvz0zY6Xpvg9HwMlTrq8hxuV06d3geoTvL1fn1scrHv/TarSXa42zy3pXKmte56jh5Z0eqdSRh0YWRFHuiWhayz8GikDSBEi1zoURGmFAMVYaJsK0QoUWojUREWBERAdL1LuT8xR1qUvVBorUBBBAsKulDuQFlB/hRuov1qFKs8tNQChWpqfBQCWoCUKIIFUCUtSnEREalFiIiQdHiiJamdOaiLDY04sKCOsUNqXdK2WpYgbLDUr3XVTqk9VOqry6abtS96Z+qvqmwadsvqkbUHYLWnqq2I2VuJFej9kJ2DdKww/aQ9UlSR3VTqlqWYTeqvqkog07JszLWDWnZTOpaL6aVM/copp2BdEokfsrqkbJsIj+qHqlbKSO6ouqziRh+8j2ZV7KnWlCdg7UsLQjPtSbqJo2DuQgwVo2TafszAMP1q3lbIYhY0g2Iug/+QxRp2Kume6VtRkVO2V1SN1bjTF3lc/m8rVfK5Ezs876hyqy3+ryfr+skyOvPOtGbldW+03jz8mbg4uq72Hizo+X+3617fz5Z4Pg7pTigm+Rjh5bXbFsmbLKZs8uXya2tgX0fm1pzeZi28TLoi8roy5d8emPkzq6ubPLlcmtrMTKvaWfNl1sm8rp4s6233M9yz3npXVbZ0HJlgzOjdbEZsW0NcxztY167Qq51XirvO+tZMjBSulUmxllflDKJWXm80jZmTFh3im1KRvNR0ZV7d7NfmHbvPNTXt+xkeDDGU+MrKNx+Y7orb9g7lLzdzJc959k5jEvCvPXxBFaoJz71F7AutlX5qaTPn8wNWoLnZrUQKPNoiZX/AIaSfAKCcql7fEyK+JcJ4j6ca4poimCKaYoQHrguKNgoZJuqtDZiZckseaXTuWbJiHPrOU59z8lYeRU21Xi1Zb7e56ebjnY9X6JzqnXue+9G5XU1fJ/R8+tTs+jf9PZ5r8zT1fn+nv25WPYRRsUzYa2Oeqe2WkAYpbbFq9RBElKESBWCiBa0ZEmA2UYpqVEIfqTcgUKIpplEREkEFBYkBstXzTUgbFADPFENgFdBSsBqrVaFlIlBKtBQdVqsNQOqtVoiiDRnVhahKOmKRLCokGpZtKIi0tUi0CUqzABVQRWE6yitUUBai0W1Iy9chXVV1XSuunIVsLZVDQG0h6qgpm0r3JTYMm7CI3XsLDKcjPsLYHRjJ2UrScsneg9xvRjQjLsmww2H7A6oEZ+OdM6pe1IhlVq96V3IikFqIitRhWvYvVZkMM2VsAGiVp2ybA1XoiLak2pWodVjWr6tC2ovtWfFeQ9k6tAV2gUzak2otaZ0zalXVKCmvLF7UHelqFU61au4Owbpnr0tS6Iz55n8qunK5ufbtlx/TrI68zWT1Dm1V1qzRPVT84trbONgfK/T9La9PHLocDFM4WuKqQYZ7GnpPH109UjneoZa+Dn/AOXZzYp3B0sbEjprl615E235tZc3k55aYsZ7YOSdmys2akK5fJy1LDmz97o8nVzriW+eKzeoVdbFWf8A4Zc1S7znXPQXRV0K6BZ/9MWq64+v2E6hP1lV9y9StvJIy0dQg9WpDdKZnotEUKio8DNuw/bKMxS580nzNhpAzSW23M6Odc62zqkXsYztMHThvwUiMsoq/BL7SLatxSCRcKsyaMKvusyJAK8usGtVWapZttS7qqDC8VIf1Q9Xe/1Cjr4HD0/JceZzn45MFVHapZ7nDScTX8yD4UiooPguGjWWQDZN0vUGxRsUC6kOwbrZuTEz8lzb+Tp5p2hkvF3tc3BZrNhrW5p7L/p/1OZ1mqeNuD+Hl1uXr5slcrH2r03nzkjydWM8vnn/AE5zqqZ7nreNlqnojnXYjLJ20ufFD6rtyzWzZW7N1V9Vpz+H9Wk2ojqg64rOtW1K3pl66+qFrTvS+qzdRGjK09XZNmYWzWL6dsHYvqh6oDQonqq6qoPRn66uqIjlWT1VdUtSnq2I6oeoGzkJvKDqqCnpszdVfVQO2CXvKbygYrYG8q2kfCPZNgbymxRiEdROqwj0L6qdXZGUy1A2XtJ+K3RoDeRQZAYFSKRC1WrZXcVqImtK1ZKKWgAEGprRYgBhWLHpEUp0Qll2AbTpuyyjDLoTZZVoNR4QbBApuyBAjp6A2WZCIKlbE/F3KtVbi2GrVaiRWwFowXSy7UAtk2LRIewyRbNIxWwdlbKmQ4JeybDFpigbJsfqPAXsmww6MOwQ7NSLR7LugBUgtO2TaS0Fh07YGxSDAPalFXQdmVJrQpm2BeVz76x2k0nm0wfme9qz2VM7Pnfv+v8Aj0cReLFLTGI3jYKa44tPmd3a9fMDhlquexI49SdrWjn005+aWTNWsU6OeHO5M9lJ0cXk563pzOTW1urczuwcmZLDlZqqWHNkp0OTUy5fJqWoxS7yMOak5NMl5adJ7cqZeUm6KugbO9mM6K6DuTdKvJ2Csn7AumfqSLZSYhIpFh1BR5hRKG7CiiBbUJA1R9gfIiMpk18meuS3bdhFz8iuoLbZvmgvXvasM9hDRhNuJVyq+0dl34KVE3RO3embzCJMRuyroBd0Z7OGdUrN4FXVUBqQCgRWw/w1JtOiWBX4dbfeMw+K0XeUoDHUw/zTeqnuGWvBWPz/AAp6XM8prZHIppjMwGxlYsl+r43xnF7lkixR3M+Opq2ql9wIk+JFuJQhRItT9RVkXLbqReKmZE5nKnsZf5dDNLDc6O/lf4xZ/XZ9C59Y8ur6L6VzJzz5dz4/Fa3tL1f/AE96nW0vV+fV6y1w6+vp8Ua5PD5W0bNnXl6efmhu/OuimeMp0Vs6a5WbdGnaWM2jV6ymqkGheotQbK2aRqFdVXVbxaNVg2VsxYdRS0Siloiq1FIEwKsF0PVWpWkq7h6huRi0N1RfVo1Wqp0vahbL1lNRi1WybUlh7ljIu4PcvuVaxJtSdWgiF5Kb0mwUOAfVTYtds4jOqPq/szLJa4y/sPqyw76p1TItdGMsijLLm9QXVVDpRlkcVNOfGUcZWcTb2p2sXVTqrE2doN5ZOqDqrE3bSq9WLqp1S1K9XsmxaOmIW6A2GEg9woLEpaIlERSJLUiNSo3tApSSLUhxlERFgRERYkRAjGxBVstSoSwIsQ0UiqWpAKRaMId1bKQ4aheytjfYGgRGNX0pWy9itkybsm8kbA2ljyMjRsnVI2JzV2U52yNSHXlBeVgvLTPeWnK/rJcdfF0b5Ele4lzvzdLmnj/X9bfjtzMb57m/h4trcjDTv+nztq+d+nVv16eZjoYeP4tUcfVo4/H3g729PH1cuO0YbLbLxBuZ0TTlZvCnJ5PhTt5pczlT2U6F5vNtvTmcnZ2+TPk43MOay5HM23c7NTp8liudmmK5HJY7rZ0+TiYc2LV35cema/AloZ68mqxoC81fEd+LO3yEREaQ+rQtvyUvahYjYy7Gsgt6HimoN9sJFbQmfwo2AuMuxsMsdvc0RWzNjXwyB4fAgcVoFrRdHYaZrnaFRk1Zob7Z83i0xX+iycmviEz39gbCLakNDmr4kjz+YHSTAgfwv8BajHX/AK0a/wAKF+Fz9akWiI6EKhhY7iii7/40sEf8n/3EjUmJjOVfcKFfbPXsW9HxTOLbUUyN0U2YqcuKnybsOeWP5ga482iJZIyy04crCO1lLnYMUYk5/J4uzj8nBrb0duXzJmm+fQ6+OHfZjaPTOV0rn832hz4mOo17no/P6426+m+kepzkw67O3hzvlvpPqNY7mdnt/Tud1Y8nr5uRzr1uGuw+Kefw8xsjPs682Viu1smzmxVGRVfZ0llZbtk2Z4qhlWG7IATWM1EChAkBA1VEQIlZiCIEDViCihX2kBtWwLpSsQtlXWwE2OJSrXsDeVhEFe8pvKxLV/kF0myvsGK7aBsrZNr1CPYHayKpFIsGoiwKRCQIlYkCl0HZRUX+Fxr8S9k2OIzYUUTsvZmxadvsonqpsMiOQnYUUviMQrYUUE9gCw7Js6tyIbANVsq3TEL3Xs1owaAWzahIBGVaMKIpRokI2TZpSmh2LRaDV7A2L2UoN2TYlTUqaVFbC2TSamRKtlbSsGGIXtItgcEgVbM6ZFqBsHYWkxC9lbnVRjJ2TYajt5TeSBHViXSglXSvX+NLzM15dV5qc/Nlcr1GpD75TFm5lKu9iLxbPN+v6ZPTpzzovzytg3yKD+eHSdCnh7/S67zkXVNxUV0mzh4Hn7/W2ZXac428DBtb2PpHC8XN9J4Wur1fCxaw8/XTrIfGKcUM+amjNXYwb97jY6yF3NWu57GjaWfNXYYa52bE5fJn/Rp081ORyq/0aa8mHG5M+Tk8zXudLmZXB59Ny4GLmVLBZvJ7WW8rrGKVyalhvuOzUz225dMHIlndG52hmvEeWKzbKvwoV4u8m51dJNAEHPmZfgdRCIuJ3aSkFrUhGJcXqPq0WtEy8tXAI81gUVmNKAw+JrAacPgCJ714a+I77bSOjthnvusXkrUWai78Ga/qdmDqpMRN4pmCmnMRpTpLqCpaKKqWi4/3VUnvEgagW1pvoN2C63+Ji1qlIj/k/wDuctFR17QYEZIwqApB12M6KIXCs0SupxqdDD4OZhrV0cNdjnSeK0ihdLYImmTNLdc6wzWr7TkcyXM5MduztcyXNuHbm5WLGLDWtz+XoPSvUen5OFeD+Pz/AI8U41aW9PNlcuo+h8PmTXyd3h12PDej1+z0/DzvRz1MYsx6HDR0OZGeT4zukFdKKHswRnPjK6MVo2FFM/VXs3PmsVrVsRsjoyPZexaM2k7qr2IQxG9VXVLUgb1VXWxathqMD4h6pd1shq7pWwVBWrDa0MqwCDApWhwqwqMZq0Kug7FaehG1JtQWnoT3fJBq021bAUpFaPZWwUK1EChZwSBUCMKrorYX0jV7FbJsqdMuk2L2TYNabsm2pGybDE9uKDtdVKe3Sl9y9hFgCFBJkLT9GiItZxaKWmUDdKugGVIFEMSIiLUNQUBxEVsh1LRS0pEWpSvV/hWIGybM2iUewdlKSWsKC+zPSIiHFqIsAsUokDsJFL8GcV0VdM3425/MysHV72rmUwW4fpfTcFGXvaONW1sLTh2l4e+r/Xo5mzXY7dC80yTiygvO8HXWXHo54Fq38DF3ubhy7W9J6Nx97lzdJHovSOPWk07sTrDLxZnFhld5XPrpoedg+Zl2z2xHSLvLoxZs6s1OZycrUFTNyOynKzZ+yhZsvYx5ssmM1gzZe+nM5Nd7oZqnenO5Pm6RnXK5nmw3Lo8ljuaarLDcs9up0mfNgdpGK55WbzbrwUXeAy452MNyVc97XeIGpixl6VB0/Vr1TVplj6ciiWm8XYX0qEunAdpFz8j7AZRWcR2q+l+p1qUhUTtZ+srhbgt1WolrZOYCO22vyZ9e8+PNqTWTMM7Jm7T+NJfJlJnBqZqG/BS4CEWvVnWsrJc0mlNWq+k35DGTSk0pt6Q+lJ1OfpS4mqb+kKcEs3vEw9JfSn4t9zIehsp1qYOkvpt3QlV4JF6THrMkOh0i7wGXExo05MAelLWr1/SDsU/IYmb16UFhdDDXYxx4GxTFToYa73QjJLjRTZhpmprsi52H8EMupy+ZgqnIzYql6PJ5OZzMXfs3zfWixxc3hTJHbc/l0s86EXPyejiz+ufXqa28LP03oOHyap5nD5PQcHXSaejm+nKu1xs9butFbOPxqmXUw5Z0d5fWst0HxTHGXY+HWMdemkU+YIPhvXMcICKMbtSKRDoRQi0ksvYdllD3oGyI5qogBG1laKRalrUilOAQZdpqqVspRZqKQKgEgRKVIiIkiIiQUtdqKREhBqCiI3hwNk/+hgLY30sTZACZPktFBQ0xSkJj6Iz2cVbO47ImqGqonUQgoQSAXs0xfY1F7JsyDC/8K2UIkREKUiKVqEC1INaEi1K0rWFBqxalobEpERJWylLHxfRBCHYo5CeqDrpNQC+qPZM6q0WAY0FkzU03/wAbDbPUyOkrBmrvJ2nxMzebLfnTyfrXT85txpxRLTGrDio3ang7vt6uT8lTLJt3l5LpI7rebq5XaOj6Ng6uZ9A9I48zEvJegYNbe34XY5tt3jBN0PZnunHqt4Vmy6MOblC5WVgumSrNyacvk3R/K5Eudmy7Nc236zaTm2ZL2OvKzXlbzWSrZc0td0TdS2HLzSyXLp5tWW5PIrDdUrZovEDpO0rC4maX7bHRfivq6mUWJfDxsWbjTLoRnKzVsrcZxy7wFXOro3LNclYyr0M1NiVzNNmMV4Ge8evxduMWwb4oZ8XF1/Ao1a83GZuhTc9LxDqDU/VojB8kvFzUb82OWfWVhkSfA/DJcS04fMxnGjDJOae9viexjvzorGXUi/ls3WTc7KqMevfqvpNM49raY4zJYIkcS39AyMBhxijAdGCWyMS+lMq3FjHGDvN6H6NPaLZjT4sPtl9BtuppcSD4sHQV0HT6f2X0pLORyekzZnTzasWaVJosYbJbMssty3PmslV4A2oy528i7xdnaZNS+oOMvez619RYPM+KdPDTZhyuTh82mJpjE60VNfIxzY2HtSvpH5q72bkz2CJ5OUxObypZMjZmrbZjyeFOvN1z7mzC4p1+BnrTVwcPn+W7BWj0RxsyvUcTJTo4curh8PL2Onid+ay7vArZ0nG41dna0xnp35c7XWgzZjw5dmiKblYMSKDtst0hxo2QnalbHQbsG6LWmqmyKWKxVIilnplEWoWIIkRWJaKDtqsIyrXdTZSWiCirM+hYURRIiIUiBWrEsQUgJF/+yy1QgV2ESqUaWvYmzrViwWtVgxSBMZrOaWgy2tEg1qWm49/A95J2TZh3tPCTsmyYtNLtWwTAggdyG3UtEDsBRKAvYWmQWwOqzczLrDg8n1bX5C0S49F1Z+yurP2eQv1j9gX6x+yxW69r18f2L6+P7PGf3U/ZP7X9lGntPdYw+6l43+4n7J/bfsJU9p7qQ+8l4n+4/Yv+4/ZJ7r3kp7zG8J/cfsC/Va+yT3PvMae+x/Z4X+4r7L/ta+yie499jB7/ABvDX6nX2Kv1OvsIXvPfYfsyZvU8c/J4i/UMhF8zJXya+B67N6xP2auBzur8ngurkq/J6L0Xbt7hE9vhraDNmXh12H7NiwaB2TZmxrAZmO2i2XMz18bjn5vNns3k0xXleT9fjp+c9mr6rN+cpN5Xz+/8erj613lFxq2tzLybOv6Ng6ty8bs9T6HXfL1EZdYcTgcXpRNN1+CbdSORJGbK5t8jVnvmubTRyeRLl83lTLLzeZu5fJz1THitac3KK68sN5Q9V08Q0Xlkq6J2U1IzRXRV0uyrmmpBoLIuh5u0rZqTAoqzlNSC1huaL1p0Lkm5M9M1k2/VNmnpbBvANwkbbBuWjoK6VS1pxkvAHWnRiTowT9RLqsYeN/8AvNdzsHNgryk3DNfIrGa8GxF8V1rxdhHSKxx74o8OKvF1LxSx3WttS6MZ7wM14HUipqAXimlasczpam4Z75P6EmRjmVLoxpuexy801OzpXXZqxZtd1iwmJ2PjAbxsW0GeKsQMOKWjpdheHzb9exkyMHS7zYlr6adNIjXWGe6ndozV8WTVJd+AdTIk2JmUgRgaNdTIqQXUollZqr4ivLMle4lBm1oqpaM2edO1lutlLgpdyVeI8N+DUuOTJeIq41abKa9f1Moh3JF1qk0RUtOHLLldWhRVb+TWJ2OpItnMiqaYpjE1M2ZNicwxMuXxZcnhTZm8KY78KduPmsde2TF5tMecs2LzaPw7/wD2cO/rtcPK63GyOBwprtdbjbS7ysvQ8auxoimDj+DZDvz/AIw6HGaPJiwtUOsc7TYoyKKMhpaIQUKEgdkMQ4RFhlSIgtCKRDIUWCy7o2g26LugIsSrSKWmqtSBEFlnUUtCdUi1NqIrZCxSZsmxCxpk0ewdlIqzi9grUMWotWybbIoloq0gjAKElgFaJItS01HuO5ZPVTq0w6HITsmx+D6ZsDYGyKCw3ZWwQnCPZe0s6HGdNugqDdM41rm+q5ex4v1eq37Xs/U8VU81z+DWS2cZecusm4nV/rP1M/rPx9RT9cX/AMqF/wDk7X9UbHpSntp5/uFpT0f9T+qR6VLWp5/pUnSp6iPSZNj0z9WNLyfSoXQp6v8ArP1FHpkmh5L2dD9nT1X9cP8Arv1Wl5P+vpP6+nr44Mj9nK0Y8hHp9G/1X6vWRw5PjiyvieO/rK+rsem8WsTue1kzDgmVpkHxvi0AiTWgAN0mbzCG4C2fM0BuWO76Mjl5pc7Ngrudjkzq5+anl/X468fXKyTUl602XM0HpPndT3r1QjDi2t6z0TBOLVwOFMzfc9RwKl5bddZHfw3rEg5OeZ2Kiuxl5OzNroG8rJmqhM95ZYOstebNfyaM1MGampdSrUVt3i6pjNo1bSReVnzZ9WpNYrReeZL95Ll5s/eyXynTnlnXXzZ9itnM91+fsZh5Jxa6UiIw55ozq/g4KH/I4D1JMXifiAo6JTpUpFayq2aLxlXjYOqimrDU0zaUDapNmHXU1lOnLDGejY5J8k0fqXcripo26ky6WO5cXmf8z0Fy5PJ4tVZ3FWXjy33PYVxsGrRqrdBcYl3rovxLukGe2e52arlInvMWHcPF2LvBW7ZxpnQ7pKTVjDGLW5avLUXTXErGpFxIkLumlhd4+/YHS/BmxV0xKLAfMu6XeUi6lM2h2oq6oy6km8smTVodapXTpPdY5+or5mMyYKnQ+yXj1I/POn7L95NHr1cc9S5L/K+vNJ5sW5ZUAqztfqDoU1oJZeT2ttzUsmadm0xiitB3MzBTaN6lH4cn7MYo82fFN3Vku6UTmr4iTUmaviyZvA4F+FunNys9MuHzOIxeZ7pXn7911PT6l3OO8twsutvQ8PL2S9Mvpl3+NM6NMMXGy9jRFOvFZsdDEfBHHo+POnaVx6+mQOJBhNa0aMNiCo1QwZCCajNqkWpBFJYUhLLTY2GVdlWmyrpYrUCiDygQQUZ1WIiKTK1Iq2o0YhGybNjDbD2l7INKWAYLY3GtRFLWsagBotWgtIGoxatSBVoXC7QIIrWWOKVhWirRW41HsVhEcbRERYkTYKHELZFLWJSkCsZGXc7DRinCLlhzcXZ0rBqzoc6OGL2st2q9QbMZPaz9V9CWnVNVZjRHQkfQmTBaqTVoIxSvWVosWg6S+lIl6moGsr6Ui1UMSulKulIkOIu5kWo9U1WLQjVqsQ/EMLRoAtQrUzW4HxJvKq67yMzP8aZeTnqmG52bbkm5eb9bkdOPrL+cSa0b/wCinzv0+vZz8T8S6/ptVWrDx8W2r0PA4s4o2eO/+q6t2HwByddA5sszGsMPJz1p5CzTpGbLrdMu2zNmy1uDqjCfmy9jmcnKPNlYs1NTjBUvKnVZry6/Jz+TzNXTmY5WureeWTNnn7OVfP2+RGblOkYtxqzZ2e88sl5NvkTdFnWzqJGVivKDf9m1rr4eSfHK/ZxB7UzfbWu57r8fY2OZMvN3lrQvqZPtS8Vr2OH1CTf7GXi4y5P2NjPk+1LFr2XuZocVjp46OZkn5Dj1PJPyWLXsv9Mm9Xlv7X8/Y2PUaPiZ07yONPqBkc9m+juuxFatMZNnGjlbNOHODHQ2Konrp1EpTv8AAioyAvIGmXmVrbPGUXJra2dqzU1bNMSwxTZt2LE24a1F15c7qfsG6qhJq8sdXqzSXn1cfq1Pkl59ravpeTZfKK69Eb/Iq8n7CXTrXeWmbNyWXNyfixZuSZGL1jbfJpmrmUxXnpW1V8aXjaxej75lfZnrk0v2tUnssjp4syk3yK+wfcV9hXwq37k9pq34pIqrvuo2KDGA3pMdAUZO90ONWzn9I6KqbY8U6uGZM1mmGM/YL3Wo1H8nBNOZmxa21+5BtORqROdcsVupmxMGaO9uTF/+M5kA1WaJMP21TNrXiTsZh8xJi+F3AGu/Aq3TGPrJ+cWl7fFY8gFLrj3PZvF83e43xcPieb0HD8Jejm7jLr8fwltie1m409jdhl6OJ6ZrRxp7GmCY7TIdvrk04Rgwo0wMZZi/pEioW0cRSLTKiLGBJfxCiJKVa0aOAXrVHYMVZLdrjendm1PJ+n6zmu3H43qPPa5Pqru+r0t4sMsPJ6OlOf8A/pav/HrjbCigVruH+HXn9ZYxfxsN2Kuk2S3WVzvIURHTWUWpBRqWiJDKUEVgQGgRJBRESEFEJRSgiEWxeyWtqw4myItnGnthBW6NRaaojOoK1qOpEUJagosCtZEtQXOxqVFLEycCgg7T9ToxA6r2XvK0g1WJCghFqBIYgrSWUYpKVAi+aIoiIiJAh2TOIgUBxaWou01KAnMMjN5sWNE5SvhTRbPby/t8a/P/ANM/5VCZK1Lw5e983r7j38+o6PD7XXw5a08nFw06uGp0eWushl7UTm8DryzLFmzyJMX1mvF5Md1qbmzsV1texDLzM+tuZyeZW7XzK73H5td7dc1czmb/ACc7Nn2DmryJdeeXO3TNzCDtnTf9FOjBsL2qsOUzrs26C/az9UjhydFbHYVKSY4cr6EteoLUuLGb2sjj0+aM/wAG3y5xR5KWz4sJ/rP1T+slnzer/ifGmX+6/P2dPGrGy/T9WbNxtWXN6xk+zNfqeSmpzf8AE0Xxyu6Sb5uT5SP3U15Hwv8ABo+rX2HGet2W8s/ZWwvOLz118PJao5LgxWjXhysWYddyM/7G9dx45Wo/eM2aZ1jsdcu87ne5qjoqqHi15GbVSLiuwq6Zzxa8miK7zbyud19fqXfKbtxnXS6smbOVhzz9jfdzMeQnF/gvZnJykddl5PLmmW+V9KdPGjW7NztWe+fTk5stXfkZG2ne3OMHm03yKr5Cjavky9WYB7qm7L/Gd12cMY/k2Yawy8x7rL91e6y//wAxeEnxPXxn44b5nH8e15D3WX7A6t/b8mc4PJ6fNysJPVx14vPRkr7NEZcg65MrsTq14cU5XN49djfw8+rzdzOi1+zBfFdDDkmoDm1GJxs1VPaRdU0cme8iz0i9qg2MpN/7qWo7NlY81d46qYZLrTudOZoX+FA6v2B1e/ZvxY6+nG/hk9x+hnVn7SZzl1fG3aQZ/Bl3n7yJr1/WQ/mgl4u381sLaRmenPqbWriu5xMmsS4fFdbjeDvPuB3ONyfi6nGpwOPNOpxtph6OPjn26sUfDDh82uPN2jm2QH5FwJ1wYIcUUJYTYpexcImTdl7kJssDQQHdewSbL2CiIBwh3CnbNLn+vWR04m3Hd9J4U9Gao/m55xdrTP8ApcZ5r1bPVXT4/wC/6bcfU/HiSayc/n6/JweT6hXd3Gc+qpxeZVS8c6v8duuYd+PU+91uHyevHk8fnrV0vReTrer6H4W5NeT9Jler/IS5rYx9Pmenh7+qUiOjhQIsQCQtSwktQoXaQFootIFBISLBYw2mig2q1tysyBFCLGuiwrUIbHt9p+ytnkP7Wvsr+4r7MWtPXdeQe4l5T+2r7Bv1avsPJY9Z7qQ+5l5T+2/ZP7P9l5LHqfdSL3jyX9mD+z/Y2p673ki95Lxv9n+yv7P8/Ybqex95KvePIf2f7K/tv2WrHr/eT9Ve6l4/+zpf9nX2GjHr/eY09zjeP/s6V/bUtWPX3zJB7yXkv7P9g/2P7LVj2HvJT3zyP9j+y/7H9k09hh5U00bbPL8Dl7X5PR4a2hq+1DxFmD4rFouFNsaihBBlQKKTQrCGw2gNCO5NkdMDdL1BYMqmbM0s+au8WNls+ZotlzU8n6/WuJ7Yr23DCfmu8eF8n9ble/n40Ydm+MusMkSPSnGTXRWbmUyXyKoWaWbbUJWbKyZuTUjzZZc7NTcmMWk8nk1u5+athcmu9num+fblSMpRtg1dIMUhnSlfSOLUihCjF+otWbEuKbuNU0xdKlxVS1rcjpXlmYc/k5xf6leI44Oau7Uhj69MnJy5KdK/Ts092v8A+6zXi+Ny1yzY4mfzKbc3H72e8Xf2u0rMKSO0y8Vf/IDUs/h+jvLtBHcYpTJ8ZwH+TIupUtGc4fF7ndyuHxarudnh8ScjGz/Tjjbar2r7OjzPTKn4uXe0X/8A4syLHQw02Rln7OH1dfsL3dLDlrudefsReeXI9xVWK6/YWLHRvPP2Zc2dm2/af/yJzV8Wvow33QL5FV4kLiNr1byT4sXtVfI7i4qv8uhwPTNu63R9tOK/EW6XI9vrHizcm+zV6Lk8Xq4e153mYKxXSk96mZVrRoWbMLCcrQ6x4UATlRPetV4TDO96uxh4esE8LF3y7HT2jWXPq61Iwa69qOnHp9ZPjR0elOFuumMOHPkmDIz0Zm41YiekNPiXmrYnVp6S+gKzYxV4kXX0bM01Ln/OmuYzhdkZsv8AJmbwZLd+IzvrVBRHVzRERJDerWmpSJC/kWHzLNw+f5Q6+N/C83f42PZ5/i/8j03Drsl15n9cm/jYG6JJw12t0PRzGFRLVPmRHme3PUYOgReE10lCIpGtA0CIjEQK7QUiBEmtbgkgKKDTG/0mf9bZzXc9Kxaxs8n/ACLj0/hPbpc3P2avKcyu93eZlcDk91vifrdr6vHxzOTOzjc6XfuXE9SnycubrV+ODyF+m5f9WQ8ntI9N/wC8l9D8Lteb9Pj3vHrsk6GfH/wydD63N2a+X39GAa2tcrFQi0ESLhS4X0JYRWpJSIErUGWrZNSDui9i7EZCiKW1KZEUtQaiJCJBgtef2/aldT9lEvNK20bftSbftRG1B2JaOp+y+rP2Zdk2Uoa+pItv2Ytl7K1NPVXszbK2/Y2pp2TZl6qdUFo2/ZNv2ZdhbK0NW9Jsx7UrqJNe37B3r7SzdROok1RX7L2pnjY7DNIu56b5y9hw/wDhl5H0qfF67h/8JlwxpWFbSwcUrYK1owWwVAO6zIYFCrH0iulJAV9Ql6qWrGUKs0FhrksjMeRyfBm11kZrojMeDV5v1uTHTj6wZMdDxYqa/wA6inV8z9vevZz8M40jtcFcmtYeaukZuS5eamnk52G+48i+ic1OfyadDLPY4/MaYtYs1d5N0K67yLduXOi6odi785G0D4ofXZRLU3xk27R6/szYnR4ePbVzMHhwbH+zmnW43GnSWn2smenX653A4eObnaXpONw8dR4ywRg1bcNVMAyC5PBx18XmvVPSNe6ZeqjOZeDHnjua+LHyzl8WsdVOrm3j0fVeT6Lhy/FxuZ/0zNeMt89sXnXgNSM07f8Ayet5noFYvi5XJ9KyTfi1O8+seM/jg9KlTLsf12RXsMzpOtTm9LX5yfxcHX1nVr9lka/TcdYr7pHXeHG7h+na4WrjYpxWZFdmob2+rkr6bOTimuNVPH+pYpnNWrv8nlVMavO8zLtmMV9kdKl3x8n1dPh4upq7WH0/aNqalZjx18ep+0s1zT0vqvGnHDiW15Ksn5mpa8HHnLr2jw4trb4xTEHdLJ7Kfqdh4+OLPumS8vebRI9Hxpx48JGbutm42Sq1nZ2MPG6sSzpZIrs1cf1LHvXi9R/XM9+mOe3+F42+P+pfQ/8Ak9p/T7fEX9HP1a81leI6H5H7Oq/9f/3XuY/6emr7ZdTjf9PTp4rzrU4tfNY9OyV/6/8A7rpcP0e6+L6JHoGP6tmH0fHi+LN/S1eGPF8D0Gq12l3+H6FM+T0UcWZjXUfSmWb0ccj+sx4o8XP5M632u/zK1hxLnqW5tY514Kz/ABK/rv1d7jYP1NvFP1SeavgzLPeLX4u/yZlyeQ35MWOJzJcfNPydnnOTm8Dz69/6xWLN4slt1sdf7PRwxZ9hSIjo5oiIkiIiSL/CkMuJv9P/AN5ei4ddjz3C8HoOH4OnF9OfTr8avFvinN43xdSHfn45U6KPgmJaI8HWMLN2KG1LkwC2TYKlqHsIg2KaQ02CJasUik2ZrK1l7L2VahsOzxsuuFw8NdzVys/Sh4f+Tcez/jB5vK72Dq7WRmzzQMNd7436Tbr6PLVbh+p/J3Pg4vqXyZnJeZ53+zJ6fWvJlp5/yY+N/wBzL6H/ABvVx5f1+Pf8Wv8ARk9l4X/bS0Prcx83r60whOybNOZyyNk2MhkP7VE7J1TPQvOnpdFdUN0sUg9g7B2QNSJdB2XYFiEgRLFiLAImVEQsrRCgGwoMY1wfbV9V+zyPW+x/VfsP1cHZ5H2dJ7OnrvY/j6q9jP1Cx5P2Nfsn9dT1/s5+qexa0PJ+xpXsXrfY/qr2c/VnP8Lynsa/Zfsf1p672M/Vfsf1N9h5L2f6p7H9Xr/Yz9U9iMLyXsU9i9b7Gfqv2c/Up5L2P6p/Xfq9Z7Gfqns5SeW/rv1X/X19XqfYyL2aFmvMR6dP1acPpzvezMjBP1Rc/h8PpOzh7YkmMWp0JStKgwjWNaNFB2AtGoGyt6WYxVopGrGRBWoRq1ECmxAy7TYDFdOYhGZpIzLGydSKaS7lw/SbGp9BGLYycFHcaT8kvlftc9Pbx8YrrWHO5vK7NWvk05fJnZ5c11jPdbIvVS4HRXJ8HG59S2c/P8XF5lVX5dZXOst+YL+QwusZsZ4mtzViNusxFStGU2Ym/j5dXMij4pWmPVcPmTo6GHPLyXGy6utxs7Ousjt7bD2YsOU+KFpsOhpitfkwbJ7nVS606sVW5+uzlRzNe46PUZKas2Ca8pc7k8HHXxavfY6gu+ZhQxz79Mx/WS79Mx/VsvmYyL50y15DGS/Sp+qR6ZM/E++dPxZ75y8hYbfFwzHcx8nLjntlzefzslfLVyr5lfZqdMU/1LLM7OHd7WbyctVbO1GHb9Len43/AAvKcCuyXbw8zXD5LMTF6087fnTp+q59rpyvmoYfxe23Rjuhy8HnLfGTWDFfQM3a5900cnLsyX5tWCVrw8rV3OH6n2eTzTThrsYpetw+pmx6jNvLYa/Zvw5exnWo9Fh5mPd0ONnx15PKxTfhrs8lWo9bxsuGr+LoRkxy8hw6r7OnGWvszrc16Hr49Crzy5MV+w4r9h5GRvvPOjHeeqsXaHaWL3rUgLmqTDw/kb7jHIPf4xfY0zTVmzJfMmvky5uTj+xg1i5+XXuef5nJ73X9Sy49NnnOZl2t05c6zZstMWaj7rZnzNxyZ8/gx23MnJnu2duL/GLSERHVhEREkRESQUhNweaFuNvC+L0HD8HB4vm9DxvB15+Odrdx3Uw12Odhl0sM9j0c/HHo+WhmMh0xmU5A7L7iytFLJ1BbAUSbsmxSJD2TYr/IP8iI9NiP8psOjGri+QPUsvYDDl1YfUs/e+d/ya9v/HI2O43mw462beL5Pm/3HujrR4PP+sOxly6w4HqWXbYfzS89za/xTHxsv/6zLVznN4X/AHMvb/x/fp5/0m19C4Vf/q0tsUwcL/tpbYfW5+Pm9z2NSI1GMWikKEikSWpFBCUpFqWigo+QkCirOg2TYoTTEq0UiWilNgSqCub/ANY9h2i1/Vo1lNXG+3dn1/VP/Fo1VqCVrX1TX9T1Fmg0/UOlfU03U0smtJrTZ0itWURrSa0YM4ZWZDblWoavstWp3SoHSoyM4oBmtFqNUSCjuM1XxnCjIlECREQjUAIJg3RInksioiKQWiA2FuGTQrUgvt05iIgAZMWXmHfaVdbKtQNg/NLsnZ5/0vpuNnHrVeemaaF+afL/AGm69vHxl5LNrs2WzXWrzR0xlzdrBycs9w+fWTdx82WtzuClcmtrYMrXm2Y7dHOlX8SbadQ6tyYxWXWvsPY+MX6qvE0C1iifsPVm+jqo7mjCrDi8WyJZMVhbuNl1Z4lf+Q6Ovizz9mqMk/Z57q1Ib5ORZrUr0fXn7L6s08x7nJ9hx6jk+y1a9RGqPN/2eZP7DN9msHk9Fev2JuZ+zg/2eT7K/sci8T5O32/Yi6n7OXfOpkzcnJXaLyPJ1r5MywcnnfVjuq+VEXTeaPJebPVWy5qqe4ObL3k3l2+Tp7c/qIDb4iOMW+2nDn6TVHM2+Tl7yLZE/lVVWQC7qb/UPVlqxW404b72i6nRh6s/ZOrP2EWju+9QO3fYe0n6Ig4rQCMGVqjL+xuHLUsB8ZWfE66OHPTo4eVWjj4and1MVTUM3luV0eNyqbveU5+KZmD41+zNmHWr3lK9/kZ+1P8ATli8tSnf2eQv32ag9XGHr4VZpN6+SvkHu+1F+6w/Ffuceis1Luq08mS8tfZeblSw3n71zyLVcnLX2c/NR/Jysfk6SYxapmu/i1Ml+bpyxS/wTyf+M8vJ4OnNyuff1hQVeQXZhEREkRESQ3j/APIUbg80LcdbhT3vQcOex53hU7/Drsdebsca6/GluiWHjU6EPRHPqodADYdZ7YiK2pammavZACDKBXIlW5NmqCK9ZLujhxa9S0/yMMg9VXIdk22Z6vtqL/M6uPz8vc62WtcLz2atrfL/AORfb3fgZhp0eHXc5mKXT40vHXsh/JrscHn13u7yfBxOeLyXA5rn8H/ufw6HNc/g/wDc/h7Px+vP+nx7/g/9tLbDD6f/ANtLdD6nHx83u+xhRG5GEEiHUiBUtWrRS1WdEEQQLVWiWG2rRyvaVbFCA0NqFYTK0vYQEZ+r4uwiRrWpHu0N7fqna4uha9Ro1FQ6i6QhLWaVqYilhiK1WE0fVXIB2oSOk6LQWq9UgotSGoWu5pXcMMg4lLWBM6pakUgtWpY1UBWpikQaoNDqwCKXsZWLC7Ab5BuRragiQN+QVLQDSs1AMuSXO0y6qyPyZdAcf1vp24m3A/kWyfku9nyv0+vfz8wGaiLpd1Mk3ypl557bxn5k7Q42aXU5mfaHLzU3ms2E6Sy5vrq02zZpp1k1ysZtVwZ0jIxV9Tus0BkY9hxgbuNin8LVOXP6H6l+1drpyHp/qj4ufh4tNMYKlojFX1NuewHMZ4lLkZN0NaKzSRdSPNTDdd9Nci3DbyyVdE2rWvs256ft+xkUya19kia+yDbtjFtjY9aVrSUtabyTJGbORc0Rcd/kuZh20y+RXwIvkV9llX/xuk9mxWSt4KTSvqKJrd0+H1zFR5nqEx9Z8tCtYlIyz5q7aZx5vMDpGkX4qXEbFCiqoceZkRoNi1TqxSIjDnKq61gPVn7iudi7xdnY1y1hscjXxpqjn5Jc2JqbOqtTYLcuOrHqeTTU6PUacXYcVo52a3rtRzshnuclfJyoaIpg629fIOOpTNFNWGhbh1fSyG9LIOMjTGSWcWsXtaJvjVLqdSSrrb4nTa4ebFRXQp3Lx7FXjmTPbNrkXi1hiz+bt3MufmxS3PTLEWZc6AtoVhv/AHAfmjUh3jnfqIiEIiIkIWKtbLEZNob+L5vQcOuyXm+HX+Zdzh12Okc7Md7jU6eHL2OHx6dDDTvy5dR0ooezHFGRTvyxI1bKLih7JmxE2LulISG7JFFCDeLsAlGVLUivyefdSf8AukLM407W5fpfrUnvE5OL/wDVnnPzPfT2PMxa8bV528Wr4/8AyPdfS/GZCMM97r8aexzYnvdXjeDzu7NzPByOe7fMlxefPYZ2a8/y51hzOF/3Tp85z8P/AHU//Z6Py9OH6Pd+nf8AbS2w53C/7aW19fn3Hze77NEDZbr9YEloiVCXZzPYZFFC6hEGAS6ZsmwYWcS9ihKOM2qCKwQVYtLRLS1ULtS2b91pEQSbke9REYKoMLgcNYpRLUgxIpESQIkK0IRKSAZvJYtSdQFjAzfZiIARx0QKIsYqkWoyMItWyRSsMWiCWLQqWJYNZ7QVls2NSD2TZQTENQktklqWFmwpbPZt0RbnW8KV/wD6XY+PO1y8f79yR3/Kez+Ni2bP67Zo42KZbI7XzO7r3Y4HJ9Gcvk+k6vU8zLUuFzOZk7u1g487zOLq5maam3V5+eqpyOTlb8sZpNguV7bDb1il6teGZpWHBs24cGvxG6ziRgkyOMfhlojVNYzRgO6EjTYEHSknLrOxl59Yc3mcrvIoc2XHLHmyyrNWzPbWYEvJLFeUy5ZrdGKnUTryRc0S1Iy3xnkfXlzV7UcON/uZDeeWHYF3TU4k+CtnuCryzRG64S0zuX7equWjDEy3Yen8jpc/2uSheyp3InHofh4s0xqsee9n+CM3H1esvhy5fM42qnTLhahbOTiqe1l1oytRlzTW4dWsOrfkzrN0qaIjQaK9W/TFC1pGzh8eqZPwOHi7NccOZ+Ldx8EzA80q+mXNvBjki8E6Nt+ZV6ufl4ly8+LUm/Bt5LHm8HWVn57I2P6vYzLjzdMbvutcZf2N9xTLHmc51WH+6o6OUwLDP11Y5NHRzKcqMvYbtszjWuvHKk+OS4+JsxuU+4tdGM8grLLPAmpPegvMwZu62+5JvE0nPyz8WS5dS8RF4lxfWJzc09lMbrXiZM2B346kntzvLEgvzP5kLoyiIiSL/CkMuJpw07XDyuDh8/y6HFtqXfTn19ej4zp4XG4eV1eNT0c9OdbDCYo13n+uZ0HbSywY1WcEiICi1IsS0UikS0Uiwyqpp4HmzX4NPAp5v16114+nc/L2auR+T/UM/wDrMv5yvlftbd19D856T5OhhYYbsLyuwOS4nqTu8lxfUmoK85zvk5uD/updLmeFObg/7l7PxmXHH9P69v6f/wAMtzD6f/28tb63HuPmdfRbD2KSHSRi07ZexaQRpl0RYrCsxndSDC1xRWtEAsOytktRSIhaEQUNoEirUy1EUtA6RBAWJWo9+hewxixINLhZvsCRFhKRAoIMCNJFbL1VqyRhVsmytakAoVhVb5ikWp0kFoUEixi0KCRrGdBqKJUgtCCRFIdCiKZMBYV2VdasWtyaIROxuw2HFosA0yKLswu1aKWRlNsn8uHbcD+XQ4OLZixebscGXzf26yV7Py+tWGdWvUfF4+zoeyfNvT1vPcyXnefPk97m4UuD6hw8fd2ty6Hz/n+Tj8l7Pn8Oe55XmYNbo0fWA/DsrptWHA1LrNa+NMt0asmGWzCbcZkM1Ddar21Zc2dS61g7yhvIwZuVqxZuZs1gbuTnc+8uxF5dgqI/YHUkGwLaZXdSx5mnWi7xmXGbNZdQXi2abktqUWE9D9k6Ry2/O/1eLN0qV06bNaHob1J9Ga5uv6mxjqm6ME00xxh5afGudGKpNia//wCXSjjC9t+rPXZnFYYy1Pydj0vLs5ubi02+jzqtOO1c9jl8ydnQzZdY8mLyZVjjczF2sFy7+bFsxZuNs1mDHF1U35uNqT0/w15HJWUWlNUYv1M6FUvNnxYNK+rqcCunHckcZfTqRacroxn7AXlKjthlzZe9aJBXRN0LyHGL9TKswi8GxF4HR6XYTcryWOXeIPSlqzT8lRPf3t3oeJEceh9KmsRt1mRg6Vfsjfr+rPmxK06SLu+CRiqj4wUxfR0WGmqK1gnoUZrrDE9g78ZJHGeXNy5akHX/ACeJ/wBU6/V2W4/uqT3VN4nStnuWb3X5X1xiMudSc2v/AJC6+xWWm5feCzWPkx/ntZdfy6LLmnvdOemM94QE4NT/AA1pvOFoLX8prX1LCN/GZMM97dxZ+TXNk9sd/wCOxxPi7GFx+J5utxnp5uRy6mtmHzaIZ4aIdufjlaOBAXBEgxKhdNEKCCkJWyl6hB2Xsq5AzSZ5HYv9IiDHj/eu/wCP1g5mXbKXAOT5jwvmdV9Hn404Zb8JET2NUS4262XyfBwvUnbz+DiepN/n7mivP8v/AIbcrB/3suty/CnLwf8AdS9X43a4/p/XtuD/AMUtezJxf+KT9n1eJsfM6+mIpbqzRQsMLs4yit1KM9qzBWqFwsBEUJWxeKKXsvYasCCBhZWJa4WFbrUiIirMu0rQIoKe7FqE1iNqWJDosREQMoGxAslNhbEjg1YvZYQ7prBBUoStYP4AWC6M93DBBD5CdIOhIiDGMQIkIsCJEFZRAoZUJAiZpZ8zLmpqtz+TXex03IvaTopz9mvDTn9LXFLDC7LcVZa7LFOguil5guPcbhnH83e4E+Li8but6f03F4vlf8j29n5z06vCwN2tSvhT2NfSeDp3cnNNOD6hNaU9hfHcb1DieQ5L536lVTs87mnfZ7f1bhz3PPcnBMxXa632y4ET3tWGRdLvPwyPqtHGIcGRIczdusMvJrVz82U/l5HK5NU3zzg0vk5WHq9481eTJdO0mMa0xlPjuYYdHh4tlbhlOw4tjfbteHAd02cUrB7aVe1l0uml4zici8E/VmvBP1dzpgvjSMTgXg/Uc4tXVvik3gOnGDVGnpq6Uo4TDXiVGLUUSL7OGwbDO04e5kl3LPvWK3T1cznzR3EK8+3yFGRz/m1calxU2x3AvEfhO1NmDHIy42boS6+bExatLCowSZ0h6mQhgddSrlquWa1Lpxn5Pawf5bOZXYwRfecWNGGaq3QjEnpvDqu63SzYNYUZxzbnsYczo5WS52sU4xK1aukVeL6rRhQ4VrQo80JDdaF0zcMndNpmxljjnRjP6SXKtwYzXJWbwOysub5My4GTN4M52Ul05SkVtImh4nYZmnQjBjqHKitbbIzhqtF4MbNmxSb1dkvuhgMN4qktqvtZm5dWaoOg0OjxAg1Fiyz6Tp2N/FljbuM7T3HGzHV40uhHawcZ0Hp5/jLRhpqimKD4p2lcWiB6lRR3k3/+IULsMSK2tCBEhQUEEalX2h2S6VbNpi9lcnJrhD+C+Z/wvF/yXp/D37YKvvbeNLE6PBfL693X0Z6mN0T2HeMggd+DmWXkU43Pdbk+Dk83xPP85Tg87wpy+F/z/wD3dPnuZ6f/AN1/93s/KY4fpfr22D/ik4rj/wDDJj6nF2SPm9fTkVC3ezGFwsIksCuFIyBKtQhqiIFCRIFAhIFEhBEEFLCYGwlJCkaT3p8EHwy0FQy4KtNUEaZQuxgs41AwMMSi+oCIibikRE0sjKcTbUmUYKBKhbrrOCQImbCiIh1jqIFEZZxEEiAAXQ7Kc70cC53J83Qc/k+bLbPZ3GrvKO43mzKm6BbM+bLrDmZud+zNrbqXlIvK5N84m+cynUuiuo5Wbk/sqMlM9/HXj69N6dWz1fpVdjyPo9eL1/pvg+T/AMmvd+fx6PgV2Orhly/T57HWwvn/AN10pd6y4fqdd7t5nD9Q49UpcP14/wBTp5zmeFPV+p8LJ3PM8zi5JinWByI8zYkOtdxsFmnRIM09hsBshx+ZPe5XJ7Xc5kuFz/Nvm+Ws9Ry+TTLc98n5vNT0T05YkOpwPi5Z+HLrcovU8fwaYlzfTctVq6cMNxNQXLQVY1vCdS7Nsu5pnyVKtizeTXeKmO5rdoAsM+YrXDM5xabqG5HCXJLM3cZmiWzCzPTf1pidiuTxtoaON3Nl4tj5M48blnWz+NLT6ri1zB407Hm4q04e0zYPQofSqW9Ac3gxfZtzeDn7MVQZkF7CaxGWyZTyLMmBk5M7M+HFterVyZ1ho9K43VzbEOz6bg/0U5nbDZhnpw53MryYac6+4rU4WrWnGfpq6UtWodVosJ6UlXin6tCh5M4qJPiQxLREr6gFZ57GrWS80rBa5fJZcvg38nEx3Jxiufn8yb7vFpzT8maPOneXWPlDE1uYtDa1bL8Q3CXE7tMTLHQWn+RaypzJOUrWmoOrUohMSPpSIWrWoPTkPSk1f4Zl9jGOpqWri+AtTMOJ6Ofjj02cam/DTm60PapetydWKMinK6tGRkpqVmx14yHbfVyoyU14crprFjbvRsd0MnUn7NeGtob1SaJNkrWWbNyZlaD9k2lz75IPdfsvKJtsLBfJV7lXuQya6P4L5vgXhy7Jya7Hg/5HT1/h8Zfz4OjwvBzpdHh0+b+l/j38+46cLJijtmAz8mexxuf4O1yfBw+eYnA57n8L/mn/APa6PPYMHbml6/zu1x/R7Dj/APDJ0Ofgz/6MtPXmX0/zvx83v62Jsx+5lPcy66w2bJsw+8xp7zGbU3bIxRyZOjJNJH7LK2kq88yKj7oPVYr5Mh9zKxOjFL2c73Ke52+QLo7D2c6M/wCx8ZDqatlbMmbL2eTHXJpYHV2VdOTfMB7nb5CROtdB2cv3S/dNc32n1m5XC1B0kS9gnAtZDYkIVsrY4MN2DsFTOtSC2ESmy1WDQvqK6phhoA7JsSaXqrYN0osMQrZezW6Mw/tQjYQ8qb7MQrZNje6waFXV/Yq8sszpkxZPVn7J1ROhgrpStpDtIanOLc3meTddS5/Mqd1WpCjcNd5O0hw13uenMaeZXY8zycvfXc7/ADK/0XmeR50xaJMDeeS+vJV9wOh+QWjrmRy2eMFGcfjVVsd/66/l9et9Cz7avb+k08V6FxddXvPScXi+Z+12vb+b0HA8HUwsnCxdjd4PBZ711oNGXlTLVmy6uNzebqA5nqkz3PLeo66U6nqfP8nmuZnqopqX3prl5u2wbJmryIjbds40xSXyAwG5LLFzKqnH5s1Tu3i+zHzMUunPTHUeYvFW4HQ5k62zau3k54zh21uWm5Z7lpY7fp2Xxeg4zxfG5VYvF6T0rnTliZ27ma1HZL1XFdi3OxqUrpg1o8u6GHSM0sNy2ZqI1akxMl4q+qRgr6t0SdEyNTFE0rRtuZIuVbiJ1FhHqKJFuOkjRxPOXSvXRz8MtWzIcP1jzZuNl1dP1LBs5ebi1MU1/VXb42XHl1OvE8nHJrBbvcD1GcsTNNShXJnVzLeizTOWHPycHvany1ObE1RsYK3dHDw9TrmZE9MufGLUnNMmc/lTj8XLvLky32j6cXmqXb9Exf6Xi4/D4eSr7np+NM4sLpArk5dYcXNW2zVzKqrqWLpUzejEg6JVhlsjExuts2obxbNeqtZEuisN4FdCvq6NyBW4MJw4jNV+K9jP+zFJsm6Mumaz0KVmYs097XlZsrfLFYOTOrKfyq+JHzd5HP6hkTsGI2a8OLYacwqJ1Ng7ofqvoOVJC4N6Abk/FpNrXYYSqROx2qo8zCsVrKtRCiVLosKlt42MmpacNaw9H5XY4dRpjAP20kxyR+8eqTHM720i9tJPvA+8OBq6czBd1r4k+5LvPs3Eb1K3Ojl1LnXkBdfs0w6mbnVXyZLz1TFtXxDtSanpr2r7JtREULqBmw7aqS9vsR1FdUVqXXW4dD5FMfDyVouq2t4f3ue3p/H5gt2/h05kNvGfPr2u1HgbBGGuw+KCI5ng4XMp2uY4nN825BXH5fycz8Xq6PM8Kcy3o5mVx6+OhxeV2NXunGk6MtPp8/x83r7XR6lJvTNF7DjZ1Zw66pW1L2FsjZq4qpPjlUx3WoerqRjf7mvsy3n2+TN7gvqfqoWnq0nVpl6oovdWJqjKOKZT4qVYWiMh0Z9XPuvqrq0E6GbPsx3lK6tKutjgvsd1t8itqRDbhFtSb0DdNpED69779ge+/Z57ai96+zHm6SPUx6iq/UZr5PL9Wk6lfZXut49R7/H9k9/jeY2pfVpTuJ6b3+NPf43merkTq5F5RPTe/wAar5mN5nq5PsLq5PsvLfgj0PvMZXvpcPbID/UE6kLv++kXvpef2oW+RecTt+8lPfT9nE/1E1yG/pv1Y7fvpV778fZxdaDrX7Dzox3feT9kjlTThXI8O2681r0sZV5ss6OZhzzMEczk1XiNVN5PO1+TN/Y19mG+4eHjbKdBs99Se8r7Kjhr9mtQ/eUL3lF+2F0FqsX7mmTNl2+TV7Wme+Mtp1l6tfYWHLW5ntkjF0u5nVWjk1/ovPcnyp0uZyezVybybKAfGx7W60cWaie1zOH5u/h8Amf2cjw8bVrHhnZj9LkdPz+t/pfbcvZemfB5r0rBs9p6Zx/HtfI/f1Xv/N2ON4NF2mHj9h/QeXp1tcvk7ONzcVU9NmxS53N4/Yyy8T6hwqqKcPk8Opintebi7HC5OLsPkXj82Cu4mcWtu5ycXk5madba5h0CIFtkOadmLNj2b0uZ0dJdZrz/ADOH2bOXeKpem5M+TkZsXe1Bjm60vobfFo11s2JanoOXm4uvivh8quNc9zpXOzkcnFU26/Vj2fpvMnLh7m14f07nVgvurter4HOx5IYsy4m0u5HtNJszOVazXI4xnbCgeLUoIxyC5atQ9JgsmpVy3dJXSFuJi1Hq0dJWpk1rVQYmqDDKXmmaZbxbN1yVqeU87zOHTPxupNvR5sW0U5l4Jm2urox0+Hl2hrcWMtSbHMOh14c/1LPrFF+87GT/AFOVmVqcq5yZ8zscDh6x3NOHh6/FvjHOmp1EYcUycdGJd4uwb5Jxc094WjmT3kRPekvDPe26kxPe0sUlah1NRYLCy7adSsyVZsxewrIum45pZSXQL8HSRis+bLqwcjP/AAbzKc662trnnLrNTzXE0LF5tMTs1aA4cWzXGLVMOJpiXOlUSO5HEiCxkuSabLki4FWMdzW/iPpH3I8OJuNYzRio/pdjXGKTOhI1muZUriXQvFJFyefUwED/AB4K1HH1ej8vrl0X06ocY6aMMm9J7Zy8/VY+nSdCnRjEb05dPCMeTkdKl9OnU6Ep0JOYZXJ6dC6FOp0JXeCZMinpyOgroV8XV6U/VfS/U4dcnoZPkrp063S/VLxyvFjXH/OKk6VOt0p+qunP1Y659N8X1hPHmphXybYnsZ80975/6329n5+5oYlu4csuF0eNLx7r0tkj2D+P/VLcr/6rRHJrspxua6/J8KcblNcXOhXJ5Lma7unyXNx/8kvRy49/DseCmmeK28LFNRtTbGKX1eP9fN6+1yo4tD9tTrRMr1l1kZ1yOhkToU7Gv6p0tvisacboUr2uzs9D9U6H6rFjje1TofZ2eh+qdD9VixyY4v6i9s60YF9OQL6cj2wb4zs9IN4DJVrj9Cg+3p1ugnTMi1y+gH29Ot05ToSYNcn2tK/GCnV6Ep0JF+LXKvBQehXydW8QLxqLXo4rY+MGxuHjOnxsEvM7Ob7EX9e70TI9JSee/r6JzcPV6jpfhk5PFkaXmOmZ03TvhzuV0BqYunIv8GZsWpNjm6YrqyVeeQ2zZppoY1e5xj9zjc7oUrp0Z7Dpe5lfvJc7p5PqHp5DhldP3kg95LB0r+oelk+pkob75MlXzCOlQawUymj3lAvmf+TN7age2yGTU0+5PjnasHtsgvbZFlTrx6gP+zlxehkD0Mh8Knb/ALNP7NxuhkToV9kna/s5VfqE043Tpp42CqZNjo9dk5eephrjh1oyczjZEHJvJVeRbRm42SWbWpvulZqbOI7vGudHBjtboqtEnW2k/h+bjRkr7NHEy1u4/rdjr+U9vdeiVL2Xp+WdJ0fOfRMtPa+mVXa+Z+317/zerjL2K3pkiuw+Nnks10S7ZOV3NVsmZkRw+bPk8/yfCno+a4nJnsoF5vk15OVyfN2OZPk4/Jl1ghKA2DsSaKwjLLNeLZz+Ti1drRl5mJuXQ87c964b83FB0tW57DHrTNycWzrdKSeTgb1PM5prFZ3A5lYL7W3k4NtnJzYqxW7T2y9XwPUer8nQ6+zw/Gz1ivtdvh86aidq7mbzqehijopzcOea8aaYyOdmGVuitT4rZz+oOMurGYa3h1VhrZo1Zaxl1XqdchTUhOotRKQBcg11OLtJkvzZc2J0LlnuTpcbNtNkXTsZsE0x3xf1ViZI2q3f9K4v2li43D7/ABdzh/6SnpZp3QV0tWjaQXSt0EapcnxqC5HleficjmT3kRLp5sRPTCIiWi57F9LUu6MuJNV7TLPeRW1NeTOn3kZc1C2JsYzaz5NiGiic2su35c/9WKRdMvJz6q5mfX5OLyuVVW6c/nf4xp+bLtZcTuCJqm3DiaZTDLZGLZmnZ0ePPY461PdHhmTNRxJuvYrdaxmUZfbBF0wcV8wWg4HPJxWrRhxCidj4xncStZH8U1WdZwi5KuT7Jt05ZpFyuJM8hxOz0/jPbj3cTEekYjOk9/P+vN0qDYTVWrruuSxajiTdVamfVX+GjUFyzKNKiV6jiRNadKuVamWEapSLXjlVDjzY79R04/8AQ/GGDJW1Opmnscu3y/36nyPb+X8Fj8HS4fhLmRLp8bth5I9baH8pFJZ/mLGbP/s4/MdXkOTzGeP/ACxa5fKc2PNu5nhTDj85ev8AKb/1ce7k16HhT/oy2RLPwp/0Wp9Pienz+vo4kX/iqBOrnKtFIbFqIiJREChw6IKIsWihPJFwErVWo9kUqKuQ3JyrFRCWr7CG57Zt0IPIwsxp6WOZjkf9jMvJ+8pL5NfZ5nd63+1/ZP7eXj+vX2V16+yntPY/3E/Zf9rLxnX/ACLr0zhew/tZS/Ucbx/Xr7J7nIsT0+bmTRF8mXn/AHOROvX2U9L67vXlqwzjyvMRnyO36XkqmpFXXjBK440/Vpiew2J1bzVKx+zn6r9jLYtrGWH2c/VPZy2hRYvZyns5bFnxtFuMXtsae2xtWqa0vGjyZfbY09tj+rTrS9aFh1l9tjV7PH9W3VNVg1g9tj+qe2n6t3SDcoz2xe2x/U/DgmbntErbVixrMdjDix1HiTzOLj08Q8blB5nK7GMWuH6jjxy4mbXdu9U5Pk4d1W5Dbh7rdfDinRweNk1t045nYk39CWjjYJ3cyeY6nBzzVvP+lx04+69D6Ng73s/T9ZeP9Ny69zucLmbPnd82/Hv4r1mGpaocPi8h2MOXd5/F10dsvKmmwrM5WYnA5Xm5ubFOlO5ycXk5+bEE8zzMDj8nA9RzcTkczE3PYrznJxasmrtcnEw3idMWkQbEpEnwQnSoq8TZCrk7gjm3gY8uB2M2JjzS1Lqc7pagyTsdmAp91Ofmxd7l+p4P1egudmTNi283fnpl5K40sMZanbudf1Lh+VS414tHeXQ6XG9Rqfk7PD9Rmo7qeP2aMOWt/Jm/nP4te4w5ZruloinmeBzte2nTjnbOVhlduM+rfxs8/NwMOfZpjP3+THXLUrtXRTPGfsX12LMaOQHVH1WUlqDdLhFNSrxNBWYy4WfpK6Bwo81PQVGJLrU5z+ZlCN9zR8ZXHjK1Rkb+h1Yym9rmxlasNDDh1yz3LZFSVm10PiGJns668ma6ZvpWAvzCC67wXln7Ny655ht12Ml0XeeZYOXz8cR5O3M945tV8rVzeZzpYM3P2YM2WsrtzwzaZyeVWUGGKu/EETtbs8Di7G+kHDik868WqoxbONmIOGdrdPDiJ4eLX4urE/q5XpuQiMQtWvp9gLxsU4wZP9me5a80kXNLn5hL1kyMQolrjE1iTHiHqPVY6+6S9VamozGWa5KuWmyHSdMWEeNmYS781w9v5/Xn/X+NkDImjtpe/j48vd94NFQJtkcGFwJfRRBRAFItCsLss2ybahKs7DPeVZ3G83L9Osjp+fu4dyPByLdfmORfm+R+r6H5zMFhpuw5XONjLq4u2un1E6rFGccZ0dOtyuZTbly9jkcnK1jnayclz8fnJ/Jyk4P+R3/P7rl18en4X/CcRwqnonvp/n9eDv6aIKOu65CCiEIiISiCRakRAhpBBQsoIIlVBKtQbZw6CEtNtQ7G0LLGCx9akwqOMv2b03sZ+qexn6uTu8z7YXs3pPYq9j+o8U857MPtK+r03sZT2cqcp5v2f6q9nX1em9nIvZz9WcTzHs6+q/Y09P7Wfqr236rDK8/h9Pdn03h66tUcZow4tTIzbjfhmdB2VFLumxoFLRqBYVqKVqJS2ipAiFQRbIjKlRaIGrVF2YXa1QBFnF5mK1YCKonmZOwVs+XwYZcTn+Tn3NbupzJ72O5CLgyKpIxp00jIqm/h56lz4ls4k97l3PTfP16L03k5K7XpvTK7O6nkuB2vSem14vDeXs4r1XCiqd3hYqcX0/LMuxh5cw89jvK6AM/gX7jZLrscK3GXMwZpbM1Meap0YFjlcqXI5Uuzm83N5QTicmXOzOtypc/NLcuhjEtYwmwIrZbcUiWyZmnYu5bgc68exfTdDWWfNJ0YxXLNbTfmRml0l0YwcuZqHJzcOqdi/NWrtyM15nNxagOHFv8A/J6HmYJqGXh8WazOnkmeOLR+HFkl2s3G1w7MkTLn1AVFZJasOepOjh7QycnFWK3OVuulh5J8Z9nHiqaMOXUX0ZHXjLqL3Uud1ZTqz9mb7LqdfGnUlzYzyPq7DC6XXVt3sMV9jepLUgtak21I6k6eQbzz9mZNWtt5+xxefn2s2+VP2c7Nl2tqQSi2acOZg2MimvCf0eTq4cve3RXY4vGrva82fWEmu8/f5FZs/Z5OVfK/YN8n9lPaabz1uVfKphzclg5PJOMupm5Tm8nmaWx3yKZr2p1jB+bnudmy1lDeynokk+OajcOL7Dw8aq7nUxcb6s9dyRYy8bi7X2y7vGxzggviY9fI+3Pq6ZMJujONIIna3Qw4P1c7W4vDLfE9hETq1fFxtNVCV4LVXg5UxizTtZXSaEaw6XGPU+JXBsSVhfSXGM2Fsc3DS9Q6m0FvmMWs2Yhoy/7Eu3Hua51lue9JP/K5l7Pyjzfp8BB0CiU1fQ4vp5uhwi4W3WRQMECWAUCBA2QgdhFXRhwNgteylaS7Nw9oRPN+3WR1/Oex33ObyZbLqZhhy1s+f1duvdz6mAhe0k7KunDMdNaNl9Vl6upfX1tvBa15svY5HMytGbk7OTysrpzw5WhutrXg8yt5juFiyzv2O3M9uXd9a9Lx67Jaopz+HlmobYp7eL6x5+pt1pil7bExWw47XbdccNRWw2s9KIi1bajSiAuk2QwYQxUr2lAaB2kW0rT9CMveU2JiwWu6BdbKs4GwrRT0FLUtRqPcdJNZMRzx3DrK1qPj/iqtZBcmoMUrP/4pqfqrUYtI1pR+sr1k4SNTMRv/AIJ4nKzURSyFLRGdSkRGkpaltKIiKZtSIiMpakVtKkSw34L2kO0tGFFWaTmYrZFkWbmKYU9sfJxTTP023NILllMvTTpn6r1WBn6ZvGkzpJi7R1z69Nc3G/jU73p2V5rDWtujxOTrbyfpzc9O/PT3XCy9jqYarteS4HKp6bhcia1eHv09fNd3in2Rxa2aPg8zrGHMw5nTuWPNiYt0WuXm1czlOryZc3NFM2anJ5MubldTkzTmZsVbt8hkuQNd4ma5PjpUKACh0SRItVwNIvpEZsDoRJvS2+KFebzYtWa5d3n8VybnvbnRxzM2LXZndXNi2c7NOtut6EIzTtCvTcGvJFacbPrmalwdR3uTM1xnFwztl1daM85cLd6V6ftey1iGcDBM4u6WLncaavxeizcesUauRyZ72ZdacK+BW/aVfFyS7mouhNLWo8xeLJJe1PTXwZr4kcn0z9VanFw1+x0VUtX9dQv66mMpZuqPc7+uyFXw8hViuqTeSUvi5CbxZPqNoxd5GbbvaehVL/rs1OiZ9jIoz+uzSL2eRDAdTVM2etF+zpPZ0i5t5aVtkdOPTqo/+vWCuL0qoF8Xbydv2sy2YeDNfFfGXmfYtUembRtq798GcXxO1mcLXnb9Zx4bncTW9fxLPh4f829Dz52zERibnfUmMF8bBMw0xKRJkSfIyLgvNRxPT2tz751uG8SXWiWbi4NXSjGx11/2JUYjdT4kFywCgWNGbMUhNyrUxS5psXEyIPiHY0wWydQruTVjxNO6s0C67A6hvtb8XKgsmx3Rdu3Llb6RchSn0Pw5+PL+19NELLgT28eo81o4EXCNm3RwInZFmi3Dk2K2TZm1GXQL2BsG6ZvRTYWzP1Q3nmWb1rcmNWwLyst8mWbNzJ0ef9XXlsvJsxZKZ/fT9mfNytnks8vT0z403n1J67n3n+1A9xP2U4s+ta6XXZLy18Ge+R/5Ee4prxGtF5dfkxZb2/K7ybEukjnagorUK/w3z9ZdXgcr8/j/AB+advDl2+TycVrTpcPlOrFj0cUbs5mHP+zRGV1ljjY3RQ9mSKN2dJWLD7oANkagtxFDCBiloIwC2RSMtLCgWohWBFlm1SLUIFopU1/gGX3j6EJabDNd/gBar7R9phwu5VqOwjWrQdqaj0pFkYDrKXI1qQ6SA/tTU6iVDXqWbAaqGFmxKUtTNS0Uh1LRRV0rEdtKiNg9X9hiwy9gJtsspEUhSwWMu2bGmXMS2XqTcsUstyU0l3IRSCXqjABO1TVVYH5HzX1I1Ol5/wBJM9unLt+l1T1/p9dkvDcDLrb03pueu2Xzf2/17ePj2vp9djbFOL6fyOx1cVbvJ/NdjGe5ama3NSuZycTm5pl1OTs5uaTZhxy88OfmmXVzYmPNiXKcu2a5dTNgc/NiptllsMCtIlsiGoWokxGQfFEQcZMZTk4tocHmYtbp6fDO0OV6pg17mpfeGOI5vMnvdW51ZM2LY7hkcfM5ubLrbsczFq4PNmt6d5NZbuBzsnWmX0j0GtsU0+Xem4qrky+pf9PduKZHUZ11eZi2wvN8nFW9PT3XY5Os1mc1HK6FTBmGXpPZzWFxeTi6WbU/W1xMpmmVqGHCulLbhwTp4srbho/A0YeBOX4hzeifq38CtXW6+MS4Xi+T6PU/Fgv0yp+L6FeXDXxc3k8fHW2rUuiPIYeD3+LoxwJ0a9dLXdC+jrBfDlmvhy6V0Ta0Vyb40/VnvFP1dO2S57xp0jpa/Eu/Bo1IsW6GfpbZnqOBwJ6M9ri+lYtuS9nhnXDq1LqeY9bnHgefzcydNYp0P+ss9S8P7qqvudJNmsVvuqrNsIjDX2NLB8NEYuwjjS1XRTNZ/Ex7WS38DFXkx5XMjbdxsDX0lYZadXG3CTrX1DctALZDJcltBVyqS7DIrRqXVQWHU1UHQWh/S2H0JHCrDsVdNebFLDm7bbYBsn4BtO6/xU/w9HH3HHq+hi/P+wf/AHF+H0fxnx5P2+CEkI9TzIiBJtEgQfhGQ261Zr5MyTzM9S4+bPkq3mvUldfF1M3Mlkzc5z7y0TdOd/X/ABuc1u9/+Sr5lMN2pyv62Nzlp93RObkV8gM9Yte7Zny8vrUnsV5apXUr7AQu3xAbpQDjF6otgohZt1EREERESQX4rUKHU34OVp8m7DynD/BkZaj/AGdObkYvL0+HPs0xTz/G5Tr4c80689fxixv2TYqKXs6S65Y0R3LLih7bNsrtSLNSCAo1LWDZIoWM4NFbAuhhwwN1qVvVBsyMr2RS91lpx9MUtQk16VopYIgoijNRBImUCuwKTWpMWpazSC5WItT2rBXJJirZFgAosVlA7DJtfDirom6FbLeUgd0HZXkPUNSmQYGJ1GlYiD1TtMgAVZoLDWF3JR4L1ZlTPcl3J4NQbSNRG6j1ShPaozUDFOh1QzUzDg2vtcu+vR4+mcGaek4HxZ/TeBVQ9D6fw6nXZ839Puvdx8aeFNdr0XDxdjBxsWvxdTDWsPFfmO8N6RNydFAu5YsxSOXypc/NLq8lzsykbjn3LHmltzM1i+1WG5Zc2J0bkq5b8nNx82AjpOreJluTiZtRamB+bcC9ToDA9imrDJfPwTWEzC1dLaBJieO5mDVhuXpvVuL2bS8/mnvblaxy+fi7Hm/UJ7nrM07bOD6lg76deOvosxg4FdLLNPoHonqM9GXzq+10OD6jUxq31fWsR9GvnzUV3B4FbZnnvSupnuXrfT8HS1cLTHoeFi2wuP6/w9L2mXofT+2CfXMU1hZ8nR4uJH06+p+GZ9zq68YJqCXn2jC28zhzPdLJHaJdTdho/ZkwzVH9KiBdWfsC+V2eTHydpYbqvsQ1Xl79l7Mkfnb5N/GwbL1/ESz27McMfs5R15yydXR9WwTi8Wf0zBXIzCXWQ4eLVE8zgdKHrcPFmYlzPWZ1iu0jXJ9Axf62z02apiHj+BWTFmp0OZ6tOPjeTXKrzH/WuXveNjZ1vXed7nL5OZhl14mRlrhqw9xMT4tmLHqaj8MmlbL3Y6Qojv1driYtYY/TcXV7nYidXPbfq0cYjukkL2Zt1A11JtoupKupFMZblQ7ssKr7SrS6BdNRlak2kN1Jxaq8+pd8ygXUs2WtSBZOTTLlyguyrHHOTBR7Dimc2Ho/D7jh381pmjSMJz6fHr083XszZewIE7zpx8USFI3ALZm5OSZijNvk5vPysd943zGfk5dmO5+R2/8A+QbnZ879P05r0c8kF3qfc6lXO3i5246+JCGa0BSq8g30Bfd4ma7K01OjMZVxGy6814fN0vpv+arpUzugxXNT5Hm65UCIjQRERJEREkRESRf4UhlQ4rVqw8qp+TEJqWQWa9DxuY6EZXluNlqL8na42d0lz25WOrtImbDR7txfblZgtk2AjrGaLZeykIVt9k2lO35q/wDi1ELaQ7BQ2ISoRJGegqwjsC+F9QQOy9nN2WilhS6iIhCCCJWgNhWiaREUWksIkvwA0sN0ICZ1ERTFSF5qmTHM5mWhrU9pyc/f2lR5su1Vbdxp2Cvs3DLTr+qo7TNmkXqhgEYYXY9pBdGLFAsZdi1FgMstiq0KLWNQRIpa0itVqY6EotXW9KwbdzBGN3/TZ7JeT9bPH07flPbsemYv1drDic70+XZwz4vm99SfXu5jVhxNWhcZdDeq4tgtms+8rPmpUxkzU5+amrNTBmpztajPdFCuggWl6hvU0iyyzZpY7bcxFy1yGW9Q6m3JetOsqq0jzEkeZDXhbcPgwQ24aRZ+fi2h5bmYtbp7HkzOjzvqWLspJwLly+Zi22dnXyZeTilqdKx5DmYtbojjVrbr+pYJ3c2J1vZ6ObrD3/8A0xg7dqemw+by/wD0tyto1ei68y4dzPS5ek4eWYhg9W5+8aubHP8AjNC6XXthtzONlquT4vRYZc68HQvbVr4fKZbh+adocXNP+t2uveeWONazI46fp/F7O+XS6GNOL/xnFY43qfDnR5P1DbFb3vKnaHiPX51zBnE9MxdV6fhcWZjvcb0DWoelip8VDgNZBcy0aEZiscT1bB1V+jcXWO6TeZUzZ3Gy/VBtvwcL1L/VvV1OTnnFFdzjR/q5tiwzXwNe55D/AKjqsW2tPovJn/RfOP8AqrzqXXmYz08pd1R2EESfh83e3Gfrbhnxai8M9hjLSCjuvUts9PxTvLlZs1OxwMWsN2lB409jRqxUGJDc0fBeZmxMllban2RmlmTDC7ou8oMpFtRNGxN0XsXeU4zo7ykZstBuibyNs1Ly19ibqqXdBWJQtVpjM/6i/NHEiiT8MmfjE68de8c7C4kX4Frqp7eP0z643lNh7FLeni7XOwYLXsHk5JmKbtc8YuXn6Xa5WTLVX+q+ZlrJbNLy/v8ApcyOk5OgyCo7TIqXi69u/MwQul+qQczOW9Iufiz3Lbcs1z3tVMeTzKPua3J/DpBfhdzva4jQSNWsKutdv1Yqrb8nZv8AeiXTmehQoiNBEREkRESRERJEREkRESFP+7bxs9MP4HNfw6c/BXpeHnm/k2xTi+n14urDvx9cOjr7vFIlUdo/J6J8cVCCiSWniq6U2lqRCERWyXQtMi0VCwbH0gyBf4Cx7/rti1qFsGbFoJBqCiIYAIuwpqVarVtQU19Dsl0oLFrNWpEWsyIAYBWsDmrWHA5mXvdjk12PPcyu8W2KGYsu1uzw3C43m7XDE9nW0epB23Y1GoPYkZbUQgWJS1LUiMAmyx2WKytERNSoiL1Y2EIzJwVTZxuNt8XH9P0kdfzmh4eCqej9M4tfIXp/B117XofT+FUvnfp1Oq9PPK+FxXR6DRxcWsd5+kvF3dej4yx2iMuS2AG2az7IzeArXNc/ksWZszseZWY0yWFdk7BCKsWxN01YAWUPYFtRFWUbZLcZqtpVtIbA0GuKbONlmnNiWjDWtpN19zmepYq0b8NTVi5mKahnkvH3PezXLq8zBrbFbUTh83Bts42bDrt2vVZJlzeZgqtnbj3yiPQuVWDM9JfK2+Tx0TWDM7fDz7Qx9pdbDlrrPXek61E7PGYand7D0muyV1yI1c3BtDi92K6emvwee5v/ADM+LUK7qO4fnJ3GxbQ0xx5lhuOxxanSRbOZ1+kG+fP2LLoZqeN9frvdzk8+dPJ5v1Opz3XcKHR9ArWHeinnPRu10+rUmzC62zJzM+rN7/8AH3c7n8+Uoyc3lVls7h56mCONi6t7N/SnFCt1MnM5VL9Py97n+p5dbZ+NzNba5Yr1PJzz0XzX/qbP1OTT03L9R/0aeF9SrqZqdpPesX2yNPGxbBjFs6GHFMw1BiROsLFqGxTBOj6bPe5mzq+m/wCznuNO1G0w0wzwdDNArrUm6FYLAsKKupMzEWzZqIzEWbmplunRKsi6S8jPdNYzUume6+q7ojbvIX1TopkaY+KB0HxIcMtMSJziq4nU/wCIdRw0wAtoZr83XnpmwNB2DdEXb189yTK5Xk26Y+fn7DNnL5uXudOv19emJyzXXyoX1IPjweT9LtdeZZ9MXHmoTk6Q87UuJ2aO3Q2aJ6KtjzU05sk/Zzs1945mku63B+BFXWrtBfmCQEVsPeYWMEZfMmzbqdy7dI1b6CFEbc0RESRERJEREkEEc6/IVAQd6/EBSL/Cl/hrn6nQ9Pp3uNXY8vhvW3d4eWajyd+HPp0F7FxQnaV57BbK2UitCbJFqVDfNBq1flHTm7AmqIiKJ/47LUE+mIETFrvqLAIIWybKQLE2VsgVgEEQLaw2IpA7JnVKFZbFqnsSIiMQuxF2zSzcnwcDk+b0HJ8Hn+TPe5WaRcd2eM43G83X4xTav4A+Am40L4BRbQUtQTiVQdh7FMCqsK7CzaytEFqL1G8SJqmzDg2gGHFVOrw8FfVw76kmuvPNIxcPZ6L0zgdguHxXovT+PM+cvmfr+m16ueF8LhaulgnQyImRbOG66yJFICLJvK4NY0EXZF5aZL5FINF0xcnKXfIY81fsGpB3yGHNnVdM1039aS6DsCytmfEHWRYtpDa5SgqgTRKsjptFoWaz6q1P8Sdm7cZQyCxbFNGGtbbfKHOim/jdws1OT6lLi5nqvUsG0PN8mdbVMYLlnzTOjdcs2aXXkx5/kzrauNVTf6unmwTWzl8nFU+JlxOzw8u3yeq9G5Wsa7Pn/Dz6u36bzP2H1Y957rscrNn2tgjmdnkV7hlp3+Nlaurs89xs9N0ZxJiFybojWq+Rl0OO5m3UxZsVV8mfoU6dyXq3VDOBi1ac0l4e0y62UNc7k4te7Zyr8/J2ub4OJm82fEOpwKmTOZypmHKw1r8g8zL2eR5mM1zefzJ3c6+VqrmV3sWavqbEfyeZtGrB0tu5evf3NcYpdvrPwGGew5EIVsDZavk5g3Di6t/q9Bw+NMxLl+my7+H4qwafB0AiReLmbQWRdDuibSVdSz5qkVs10sRWZkzNGamK6aTPdFXQ7ohvWSrpWtL8hxLfMwUMTW7ThnvSJaMLMgPwy0xLNPgdFCzBujBdLuib2EmDB7E3Xesq9nTlmhsmxgvwdpWaz5r1hys9bW2czLqwabHbfq5mXUjuaJlUYmuMVaeLHXtqwrpmRO3aOJFE6sYkidRWoOatYalDJmrvplz13jy13kt8z1qtQrNO0DS70al9sT0zbVKXdUiROzq6WBsH8G3NSpaPHS9Qjr8/yBpzqIiIIiIkiIiSCCiSIiJIv8f7qQz0hfy6Hp+Xv1c1q4f/ACOnPd/rPXzXopoxn43g0RT0SOHV96NERpzRERJcCBC7p3ZRFbL2Z0iDfgm0qujaH01BLcpXpwCkBdEdQWytihCxiUeybBQaVxSXRYmlKmwVLZlCKWFSlawrGmICxgtmrWfN4OJzPN3c09jg8xixFYa73X41djhcfzdjh7aKQ66EUImDYblMolIG6Mq0SF7DalHkFBF3TCVYVpE1TnViNnGxVXxFxuNVXPa9BwOD+ry9/pJNennln4HD3+LtcbhePa3+n8DX4urHFmXj7/eX69M4ZeHxdXQiNVRAnj693XaTDYpezKu6Y0mblXQNis2USalXTLdE5stMt5aFEHmtkvKVmy0y3VG8tA5PIqWG+VRuamHN5po73VK69Ml0VdUmdbOvX2X16ZNk2U9BvjO1xUuRs0RnJb7BdMnXou860NF0FnjLuZtTcuoxCuqrqtDWqG7jU5HVbeNlZl1Y6N90OHz8Xe7kd0MfPxNS4ceczSzXLdzZZL8Gp1qsZLlmzYpptsnVqByr4uu2qYdsVupqC8UieyCOV2Hxn2Y83H+Ula1J2fwx3cORqw5Xnoz1MNGHlUz1Wnoo2a8NS4Mc77NMc6TPYdXaQbMPvZL9zI+mOn1ZMjLLj9eVe8mTIKdzOU5+2wOTyZplvPJwNF5WLmcr4k5uV+rJdVS8dHxmzZa3BG1NPS2NjGrzglKjAZc6mpbV9i1ltQrLttkST5gg3DO1y5p2vTcXZs6kMnBnXC17M5qN21Lui9i7plGbAvLsTeUm8tLEZmqWfKVecq8q8VQZqY7MzZWa6alGguggvYxtKiZMiUiTIa0C0FKkY8hjRAopm2Xs19FjWll7L2ACTZ5VNRlm3BdGZHPzZe9rAVye62fDOtjvZceDWiQ7DLdr2MuJr+C3GqHDK806ikVrkMzLyaac1auZmrYoi6VFD8rO9vTf8U/0gNxt5tHSB4n4MYrmpFh8z/MFz9Wt2YZ9Bmr+Z/go25oHSpqf/q9T4XU/wHVriKjzXc7LyZuf1jC0ZsWpLUu/HMKIhSIiJIiIkiIiSIiJI0cbzZz+PXe1yOvjv8auw3b6snG8GmO23r4ceofFCLgTf1ywSbBEDInaloEy+xRIEStKAWqluKXX1QClseUdsCXZhdtys9QBiIzazOVIgVEitkUTIJcSAOw1rBgHtJd1K3AZCbSR1Q7Mk/qgvKBGLR4l8muxwuX3Opycs6OLmyzuiDD226/DpxorvdXiJOhBsUyRRmzUgtxq2KsCH0ETalIkvYN0itlbins2J2b+BxdiODgqvi9H6fwa7Xi/b9ZuPTxB8Phz2vQcLiq4XC1dGI1fN6/S369XPGnYZ0aYZ06urj07T00l3UkXlJuqc7Sfdak3yJZrykXlkT0mv3DLmrZnvkFXyDbiHezNar5E/Yq8s/ZnUDMzWZm5E/ZjvPP2MukrMyZj82WWa8skWlXJVnXRNt4pSdhbKstmcozYUZSdkHiY0bK+ZOy+q1Jivtow+ZuzJGUN5TE27SDZl6ottlqaNj+Nl1YDsNd61Y9Hw62g/k4toYPT68Xd1moKrxXqE6Ww27/quDvpxc0mXAx3qWZZdeDYDsBaJRWqazQkZaB0JpXta+LVhpqipWGOXHFyD6GZ6LjTjpr9lja5hx5OMGZNckvV3gwyy5sWFpPOf6hdzkdrNOMm5xrFXFuchPQybuxfTLvpjA5fQ7xdKZbCrLJXSn6pqJCxaXYO0dkok5SjL7rXEj6KXq2cDFtZcS6PpuJfA6OGdYHa/gz3lA0GaidlXRF5EjrylXXYy5srN16X0w7NlYry0l5ShZqoLy0uK2DrRkS0FGRIoxd7T0yitU1pp1VrqcZ1nEatWaioHrK0+DCUYWKFBV/km6XeUq6dOZkxm0nNXY5V5e9p5OeXPvvt2zWTtpGz4fKWmPNmzKmvBLQDD4GufU26VwlmQrNroVjnc+9XJ2budl2YMnc9EmzRM3K1cXFt3NjLxfBqBKsu528myJ2BeJBhuZ+HkU36l3g/Uev6mNGrpT9Q3in4rRYQo241LWnCs07EXOvk0o3z1jnL6Yqn+AOhpLLeLV0nWj6WEzUP8N6rMCII4Ck2q1CZQf4SswKIiCDn860AR5+p2OPln+Jbdu9yuHXZLpPXxfTj19aoWX46pDccrNPCpaqRERMoiIlKiliUaj6v7VPa062pdy8vm9OOT7airx19Xb1/UObt8j/8lN5cPp0nTp0OrjFrLP8A8zOOZ06+oda+rq9NOh+pv7UWORrS9adn2f6p7P8AUf8Ay78Hxw7/ADTm8nmavUcnh9ni8f61imfE/wDyEXvpO95Ly93c218bqVavf/6noeomzJhmmiNmfID2FsV/A9ab8p/E5/L20pwM2Tveo5+DseX5c99NaDeNW1u1xHD4Hm7uLtgSo8UUycnk6skc6dzqdraUZONn2aNmufbA0CIWtSBa+Jw6y2RE7XMvWej8bsnteX9f3mPTx+etXpXpfZOz0PG4s4vivi4uye1tiXyu/wBNuvXz+f8AoonWF6qNinn8nUsm2m6ki5PkvpWxd5VWz2qC81MV0dmpktitfA3TLdH3THdG3RVXTPdUu6Z7oX0pA5qpnvYV0TdN5rWqugbJdF3WzoyPZRatkF2XZhWqIBpqiQbpnumm2e8R3EuKT/yV4hN9LTYo6Klh2Tah4h04qRxXewRVL6tAvSem09PxqmnhPT89bvTemcra0mj1bi7RtDyvJxave5pnLheT9WwVKLzlyWfc633l2YCL1AOwOtoRA7LUI4o+KY9miKFmmV0cOfVp9+5GwOoPi10b5lWTedmih7SdXkG6qgXQroi6MoTagKulbIasFAugXRBhfyL2LvKgfbNYeuDbYTrUgy9li3Adh2q3e4eLWP2c3gYHUjtO6BWyZjbpluggZqY7rYzk0w7ULUPN3EWvagXs1TGe6XItZHq1JsxkLRhxbKw4m7DiYn/UlxiN1Fqu25dBWotQ7LgWMquVamIEVcgPJ+YqCrZVgsczBaq6ljz5dTrph5dO8m9RjWPNW1lLvzpTssXh82zDPey4PN0eNLPXu6mmPA2JVEmQx4mCZeZX+jTRdasHMrsoSaXJzVr5FRllOT4F4dd+56ZzM1jNdDBctUOZFt+Gma17jXCWTsL8dzn/AHAbrNBvEZC3Naz3Mg1k/MRdauiZ80s9m5qZ9tTIVXWoYqaDmveQ4q1/Pc6Z6Y6hxebwMi5tNNxPVZnqsobPzTM+JcRVOsu+27d9AhB3FT5KSgVWtVpdfFBEFpzqL/CkMuB0ODX+ZdZyOH2/mf8A5OvtL1cVw79ezE/IUdJ9cT4REJ0YU8YEyQqWos6sQNl7fUtR9s9xJd55eH//AEh/YH99+Ps+bbb9eqPde4lzvVeZrHbTzX95Lneo+r9XFXcvpta79Xr3Os09H6VnrL5PmN8n/W22ep9F9XmYnahJg+vf6tEf/F5mPXZ+0i//AEij7EPVwPteYj/qCfsl/wDUGPRRmt/rPMnHhp879S501mqdnS9b9V6uGu54nNl25NEPQcbBOd1+Nw5lwvS+TOL5Ox/YT9hJYXS6Uymrm/2E/Zf9hP2Oh0YkyJcr+wn7Cj1D9lOi1c+v9F4/l/8ALTu8/nTWHyeb5OTa3TQ18StbdvD4PM4cvfLs4eTMx5Nc/Exeq5am6czDyp37mj1XJtdauRE1uVj2fpdTUOlFOB6XWuvc6kZJGrG/ZepGGtr7XZ4eCa8nDvv16dOedvsPpXDrLmmte17z0bizMT2ud6Nw/F6vhcfV4P162PZxzI0dKYgPi03/AMbNbzdO4A7KLtyS7yldUq6Kukh3lllzZZJzOfmqj5JszZZY7yyy3lplvKvFfWu88sd5SLy0XdNasNuiroq6ZryiiHXUk3RN5Q7NSY3RXSyLpO5pkd0HYZkdyAN17m9IXQBhKtTelMr1KL0kq5a9QXKTHckt14pBeAJj1Dq13i1KuWvIE7JslgYLZw673f4eeZ10p5vC0xlqSnsuNz9u3YXJxTlh5njcrW5ei4HKnLh1swVwefxdbcnNPe9Rz8Wzz/JxVNkOfbPdNGXtZNm1owbIXYMN2MimMTa1r2CXFUmx1U/ZNiOoq8rKN6gbyyRdFbrAfsrYrYIxDsF0HYq6XkNHdEXsLZV1LSKtcUG0huTALWmnjTtcl4ZdPh4HOwWtvGxawbmrWEjXRk5OVJLpmug3kJuklZqZD7otmoOqaCFGKqbvoAjFLRGA7DgaoxStMZowG6naqZ+GwrUqzyrIsZ7XCImBbB2L2UQPqgRI/Asv8IPwC67DKZ83g1zNjHU9suanN5NbWdycv1Y3ok0IiHxr4w0g4Zrd0uNPfsyYfN0eNPY5dXUeNA2rdMKzOdzq7Kac1Obyqrc/n9035jDyf+QEm5g4Z73olzln57HEVu6GHwZPw24XPqry0yJMjtCuJ3ZRmybA11IvKFYdeRizZQ3l2Z7mqvybyAYMk7LidTImqMuGerpGOfsPSTunS+nR2X+qkaiN6dJ06Z2f6mcQrnQFxudZs9aVnJbIiRaS3KpcYi7b9ZZbxfwp1qt2YzoZqH+HRiywKIiDXhrxdXDXY4mLzdTDbvxf45WOj8JCH8f7Cd+PU1w6+4bum2pSNsnXWwe4KrtNaPb7q2K8hb6BizTBFxW9iTpGbr/sT163NjFskcOny49Gg9zkF16qDfbV9Q3gyS0pSRxnrF4p/hmVptavfZvsG/Uck/JnDY+sN39jmj5Gf21/Zxe4DdmDXcrnVlZryseCzmbS0xyqkz31MN3qXh2/8R5J1I9R/K/7CnPRanQ/sKSOc56HU6V87aGbqUzLMy/UfGemjr19mAzd1ll+BputvIHaXsdGvyUO628bLUtOLLVX5Obs6HAeb9P0sxvnjXoOBelzs9V6TPVudZeb9H4dZ809r6j6B6RjwRNXLx9/pXr559On6FxeyauXb8fAGHWY1g1xt12kKsiz7KuGK3GayLabhnzS5VMts10bmojYz2mbMwZ2/MwZu42JktmtrvEz3iTTJZV0bbJnswaXdM91K7pkvKcwG3QNibqg9xTRsKKZT4pA+DcPmzRRsZSW3ZNiOqmyGjGRsvZE5Cd02SOV/grY3qmTUC5IvE2RQbCc68QNZbLku5GIpLXqXYs0YOMtS2cbn1Pbs5qRXeZs+l63jZ+rBPMwT3U53D5Wurqxl6sdzTLzXMnW2DV3vUsDi3OttgoFml0haDVBl2lolWAQjWq2BYLBsdQtlbl7B2a2/wBZN3DuXsGyjNg+QFrBqWTqYiQNR4ZMidmmMFLDosOKXQw9rNE6i3pWBpvKxZsorqmW9t2EvYvuGFrpJqHUzWqOjFQlREYm3DiFhwU1Ri1NuqQESvU3XsDqDIUGzLLsKwmiR2WYzQK2ldkWcAbsO4b2Qz0cFvS4qgoQqqZ+TXYf9mXk+Dcmxjq+3Jz+ZfzFfnRf/wDEdmKMeDzAZhn5DTjRh83T4rmRLo4PByv2QtBebLrA4IzNFkvLsx8nz2bdZY+T+DzFsY7TH5pff4Lxz3u3z6ubLMMb8P4ZYjxr4t2Jx6tnwL/hcdo9S7qXOd2/QHkZexzdmjk5N77Wd159TEjXhxSXhxd7o4cXY116UrJ0l9LX4t/Q2V7ZnVrDrSat3tqX7alesWOdrS4xOl0P1Tofqxqc/obfsDofq6PS1KvVpMXS/VWkn2W6S4vrLclXHY13NdzJkPxm/NZaLsd+YLdDbvOqCILTnTcPm6PFcyPN0OK78XY59OpFdibERR8drv8Ax50RNk2aZxFWq7CTg4pV0FYIo+xpMeFG7Sr6pdLDw53aPbSb4jfNjvSPbSxcvFLtObzO5WBwrwd6RxdnUjBsdi4ylTj+z1S8DsXjkm8chOJfFX7V2vbbD9nSt1Y4kcPUN4ql27was1yr7Dk6i1r6unHG2vxaY4YLidKh3Ls3gmWPNH1SctetOhGPb4ne2PxOT0lOrmwasV4j9TOI6MFL9qZ6ConUY+gvWd9Va1ExTVXrL1PoXp9Zblx+FgnrPef9PYPHtePvra9HMeo/6d9Lx4NaepjkTHbDjYe3WZdL07iV5W83T1c+pjrcXvbvgVgjsaIhlpnsBlhvVmmM9svK8Gu7c7m39GJMTn5qZbo25ohmXDC7Z7aAXJs1MdsfJytebtc7NXeUz5qlizVs1WzXLUEZb2ZLmm65L0awayaqNsAADY7ShbEavZNkWsWtEUddMcD2Kgx7AQNL2VspEV7DiiRM6saooezNB8NIQLk4OqWF9KWe8Xe16k3KTFclw1ZpZvFsD21dDjcyphzN5V1NWZyrXbvLOWHK5M95XuqX1Njz7ZpNyC5HdBtmXFSSrozN4UzOjIuqXtQtF6imM91SbG3BFnmEN0Xsuw6U1RothFamwz5Ba9VwJtF6riTBQzOkdhmWn/DLBuwRuybFxUrSVRWvecvVIvpHRg2MjHVNmHAkXh43YfHGaoxHRK8ljNGDVNWvUq9U3jLcltNyVcoM1kW03LPaVjNYYkywDq4zJoLZ80tFk3TWss+QH4Xfmil261PmItSNxmgZeT4tLJyfBqTXOuVm8ytv48B5u4mKl6Z7F55z0eKL1Liths2KVqinQ41djlYbrxdLjU53lNc9wLkcAtiTJh1nuXP5NOhmpy8/m68/dDN4ef2HFblZviPB8Xb1/WZPlbsXg3YZYcXg6HGcev8A00fr2Obya1t1/g5HM+S3EwiidrC04ZnyaTRhluwz2MsdzVFOfV1NWHE1xjlmimmMkyyh9OZDrIL5MkXzJSae1mzUT7xmzZ9lqMvKy5ss0G8s0DbxMSrlWtG/hLN+4pSbljuO9utiz+bopNZMs/5Z7/3bM3hTHbrxfTF+AREbYFP+7o8Vz483S4zrxfTPTXBgIE9UuOFFCXSlFnERERRERJYoAOEY9CPbUuskyx5s75ma7bjVfJ7O0mP9Vnnub+NMqgWHGPXXyN2mWLmcmZUqVmLjWiupsPEC14Zr6tGpOGjbyy1ZoZ81djDrtZ2bJNJxq2C0fGxtMSsu61NjLNyWC/Nry5JovDO1gwXGwbN3SmYMxYtYXm7YS+ubzGPptXLqasEmQr4+DZs9tJ/Dx9nidczoqzK5GbHMs34nva+dU7k8adsw6dOZ7dT0njVvNPoHo2KZwzTyvpuPxe09GnsmXj/S7devmPR+mTvq9Bh7Icv0+ZmHSjZ567xsw0dszx2pdgm2TYNyrpi2X4QZ7YrlqtnzOdTPerBnbLpizUeTGYN1Ml5q1Y81VRQOTTFrtZ1lpJrPyZeTqfdMWZuMst0TZ1yTZRNlWZbPdGTWV7B2ArY4D4EydUfV2Z0xuFqxxR0ZVqxqURtRkUmou6Dsq0iW5EYtS4YK4Pgo1JojwTUuBbJJZRvkFIm2LNLfcs9yZcTBZW7XeIm5H/oE7Dig3K/Fu3GVXRd0KwKCrJuR7CIDAy9ldVasFZNyK8uxZjRVymvYaCmmYXfgGPMaRNCTAPXsUKJWLdIJ8xq/EiHU8bi+mR4JaQNLMSDIlIk6JSSJaIwCwy2RKtWF4cUtEYhRiNiSZE8VrVq5a3iEX5tDPbcuouyjSyibZbaMzPYBFgMuS9ECqItosm25Rf8AWZDLkBZUH8CAYzfgbplz+B9kZvB05+65uVfbsxtuafL9mO51d+Dijoyz8iEbs1N0W18bO5eHJt2nud5Y13IzSrNmcqM9GRyPsx48tQ66qmXMK8pH5ak9aic/gLB4F5pr+R4fDVvfWj3W7C6HGc7D3RMulxpcu/eFr+Djczzp2K8HG59d55+arWb/ANWj4M+HuatdlbnpNPG8GnxI40tFudSbF3nqV2y8muxcofuPyqsuzl3l0+SvcT9nTnj3sTfeeS7zzTm3lSMrfiGvZow/Fjitj8N0xmFt/lL/ACzbUnV+zfhyDWOz7qdPJltjDpWbxZL/ANzc1f5J/P8Au7czGL/gURG2Bx5ulgc2PN0uM3P5Wa1x4GFx4L21elwg6UCBEW+9WitlebQEilbSiJAbSq6WnHSzbbald1Wblrv2Lh851tacLVGXVmgd0CVyeZTm5uZtfidyZY+lQZ1uw5/i24aczDNTbdh2XMyYtbOpqw8jk1v5H3Tncme9rVBxnrdu41OZDdHbDJbb5OrDyeYrNXYwX3JHRye9r42Xvctp41UWXe6/YycnOz9evFi5OWkvory95/GpytnQ4ylNd7jZNZDzM/Y5nXqWbLnqlDU5Ofam306XJ7qvZ2vTJ21Y/S+nbiT+PXeg4ttXtuBDyXok66vbekz2PB09fLscLwdKGXBEw2YZ2YdLTEO6RYqK1D0TEYLPm7Yc7NlauVbm5qZxE5srBmyn5mGz8ROaqKHZIl0huSLab8KZyiWbNLXdMWYYtZ7Zcx9suZ00Fs+Q2yczX91zL2CiNW4FDgA4JlNXClwxUbFDiyxnDKIcFxZjLQthFjMjRkGEQeAKKXsBaQ9g7BW1PSxC9TFaixWFXJF4mm/AvVlMt4ma9nT1JzYD9GMCtWnpK1akwYxWpquQRJFjLYYOzTS8OLsSI1B3OnGDsBfFk8+k524vJsvBOhfSPQZdToxHRia8OBW6sYOkPoOl0k6X4U9LXKvEXo6ebEz9I32CYk6MZkY2mMTMhpUYj4xmxiMiSpNVEtMSGJOiWb01hkSvVIWycLUll7Am7EWLYm6SVZQrBtLWslWRZ1lW0CbLOsi0LAWTkNsu2p90E6l2dBVnUAAkMZpFlWbRWVqTbjnWLNMufnna3R5M7MVvRKzWQN+JlxqXbrFbvOhmtfyPqUUjTnp21GRk1J2EzY6ym9YUZfuQuI2GQn7dXtlMc0CJ18zNpZH8aeL5urxnIwulhydjj1Lfiabpx+ZW1U15qrRzrrZcXbqFxpdCJ+LFxnTwyekdhnUVj+Bds24irpmzeFNNsuUzlOPyf99Sjc/mU9E+KIhnQpfQyIpxq1tq6rP7dPbj1uho6uwQRi1GzYM1SvwINsm/MYb/ANwDv/cD0Ryv1EREBQ6OGtXOaoraHXm7JGO3Sw0uyY8JPi3XXMvZWyw23OmKvYUVJQmtBm+6Fp/82dM9CRWwza0P3VWkcqldBUYnz7cbaoz0q+VRQfFnSLqULYrWhmDDo8zOvqzxsG0sOvkk1l2tlsR5+6mmGqMs6MOxfVpe6W662hlv6k7Uz3lrdlN2p+FzsNVTZFJNN0z3rSrys+1JD6UtcdrH1U69HWcbLoP/AMmfrr6oMpru+k/F53ano/Q/i4/rd5ejj69t6PPi9v6ZWuF4v0efF7X0/FVxLy9PVy6fFurt3sOLWGTg4pmG3ZzbqFeYhdqMpVyy56mDM+VzeVlZ+Fn5uVz7rdqudiblz8kxWzZPNpvzD0thbqZLkm5a886MGbO1Lq+AvtZc2UV1sz3JWkXl2LzUNm5PapNVKumWx3RdtwUm6DY7kpvMc1aBsWxd0rNCzIkuD1OcOrSAbJs0j9l7SRsmyMPFvTNtQ9nONNUUvZnihbEtIopnihxTBaNhk7DKGn8II7Z8SloLUItX+D+kHpJEr0k7pB170ma5IuW2y9WtDDqnTbekPoqWf05rl3gqh4cFS6PSTpas26MZoxbJ0G2JH0m5MWMHtmbNg1d3XsZuTi2gjHMw4m3DiXGJpwz8RVgOkG8XY16r1ZGOb0CvbutqV0lpxzOkdEtN4k1BwGq9R6q1Kgok2C4MBWIuw7NWJdki2UygXRVjsq0zUIs2yrbkwAUlKKLsk2wIFXILOKItK1KuWm2ezg0myrOuS7lqCklXJoLasZtY83mxW35WC3Xj5rF/wnMQ05p2hmdufg5+YSg/4A6OeDmf5aul2E8av4yOlhnZmtSsft/suJ1dDpC6H6uVutObYI83U9qwXOl7fUy7MatyDhtw5ZYIrYyL1EjLReViupMsKzBTuM62FysLq8dm/NaNVay81djiiM2XVgzZdu0/Nlc/PesO/MBOa5oXG16hK4/V2LuYcU6NPQxuZh5FTB0cpm0tvtpBeCSuuHqs+XKKzYplntpvuggfUTdaK22Fc7F66qRX4yWpdgdo5dfURELImjAzuhwsU068/GafHxE1xxWrD6ds1Ljnfblq1dv+sr4i/rablWODpSaU7/8AX/qn9d+plY8XA1Dq9B/X/qn9f+qtxeLz+tGO1/X/AKqv0/8AU+UM5a74LNm40y72Xw7XJ5NPB9dPjJGCT44O3xN42LZ0onUFh/rZV7GXW1ZuRk1hqRm1wc2DVnuWvL3WXchRljFJvQbONgbYwToVrh5sGrC9By8cy5d4u8Slh/Jd4K8nVw4Nmv2K6+6nDw4qmPFs17HT9n2MebFqqI5+Ytv6Q44ewLmi1p1Y4P6me2n5HBrkaprTr9CQdANSOfE1u9V6Hjr+ZcnFxu+XsP8Ap/jePa4d2X1Hfl7D/p/gb6vY8XFMxLh+mf6US7PGqqeXp6uXUimjZlgbEutYZsXeVZNjSz56ZL8z8zJdKXUqyLOui7cZNLP0u8Gbtg+6ZM1dik1OVzctWyRi2a8095PbLoCbxTLPmqZM5OXVzM2WmZdQeTnZLrZd9yD6qTYLOtnunWM0q6IujLojubjNTZFIUdGoyYoRSIiBCWBWyQ02L2XtIJmwtqAtT2WiKNjzIhohnpuGQMs2ADIGqFoi1FCoMSQcSAyEk1Bcnl2iz3IIk+1xKBPSHq0dIWkpRl/wFr6Gx8cWUmGDIbo4sme1ky4mHVXSdSOLMrvBLW6Y5fSV0pdLpFXiVoxj1Gf0pDqwiirxNGodUme8QNWnRSTJqK5M1DaGgWpV+CJVqDZSRi9idlpCui0DaFLsKtlW1yyotdq2aZLui9hWFJWwUUQhdmFZEyTZVnWVZRWpdngbZrHmliue90s0slz3t83GXPyMlulmxV3Mmaf/AMno4orLYB2p0jHX1cf7uhxcssEfg/jV30Ov9ak9O1i8GiGDDlaYpyt26Tq8HI5s+TpbVox8rwHPXrDHM21jX5fyuMmvkmWe8t19X6WrbZf5Ixf7tmHutzvpjP8AsfM6w6HG8GG23D4M2+9axfV7ys1F5qrdnvKyi8197Bmrb8tV0x/N14/1eqPDOzXGL6pgxNfaulpHS+5sYvqbqNju7MEI1pTRrsC8Tls/hLLzT8jAZvCmub7xpmDYlOjFZM01/wCpDXmZHeOd+aiIhCN/Cy6MAorVqWjHpsPJl0+N6hLxc56/DRHMufk6M2Pe4edjH7zG8L/Z3/7/AJX/AGmT7HWfGvc+5xp7nG8L/aZA/wBnk/8AY+S8a957zDIffY3hf7PJ/wCyf2eT/wBgvGvd+8xh9zFfWXh/7Okr1TIFJf691y8kzHk5d1tZPJ5k0Thz7Xs88VjvcPE3drl8bmTMH3y5FMas2WZhxuXn2vtK5/qG3j4sXU2trWcah4cVbl4e5vw0yfpuGdTLqZLvPqwcnl/WjiXycuzJr3gvLVW0cbWg008bA1RKorUfUkwUu9Zc3k67tHLzsflawQzFj2dHFjkvjY26JmQ0HSWTK15q1hy82fvMZxTRGOSIaoZ3HSRr4eCcly9p6Tix4sMvL8Gpxxs6eHmVXa8v6O/5x7HjZ9r1l6L0/wAHlPRo27nruFHY8vUt+vTI6MG6lRRuzFl/jUWz2fbFnynk0jNTBdG5sssV0AZsReWls9hCvLRVr1CxbpIzOfmbs1OZyaal0MXMpyrrvb+T3Wz/AJxKTbihKjrnVnuj4ku6Zc1d4s2Vluu90kc6OwB2E2AoiiNQWwVpaiIiK9lK/haFsVqvVBjGtXBseYIOgTnFLpkanQzmxTO+ToaZBQ4pWYj4EXAwhRRgYkxJBRQUSM2EUZFAwWp0SWfhrUxmnxiX0pFFCVuKQEYpaIkEScikTJupQ9tUjdZ0BrIeqnVMuHUuSbmTdiwC+kRc9jZbPaa+syKtV0hYn+FX4A2TYsBLtLovYGhBdLsi0Vk2C9hQEpEsP8rL/EuFWi78CzWVV0tTXiNJug3S7kq2dwJsFFOsZqLRRCAsarQZ6Ls6/Mv8yJ7uEuw6napq6brOMt/8bHcy3ZpZ9UGK5Y7l07lnzYnXmsWesc3Ni2/Paz/if4dG51IvFt4O86E/1nXKVNT/ALqaabMGXvb4px8Na26fFpixfGz4F5p2g3yhWrhOi4vKj/JDr5sUsOadu135o1nj5t/GY4iv5qWjB2m1Y6EHxWsMeGjtnL6swvk137MF1r5NOatmDPs34gF1VH4cXjReCN2/BEtVDieweq4k+Jc70cBA4maXc6ihyl1K0B+TSR8ugi/Mq/GjbKvwpqEhS1OkHVIzMjXl8GR25+Od+RERGgi/x/upDLiF/KBF+GuerblC0Uv+HRIihROy1KQfTpfToeUGwtB9Olzj+ynUq2Optt5tGH9W/wBj+qezee9azjN1KkObPU/Js9tLLmwL1VjDdVXmuMtfM2+LQo41ENGHlatUcxijBRnSqRIqbyed2OfefaxZsTLpX1UEPw5fs3cbPq50YqaMOwrUda+Sx3zme67GewcaL5k0ZhzuYdFamQPR8bPOktXucf2ebjPqC+Yst+J2uZyZrxpg6k77ObeevsR16Zu/xuR38OWadCO55jjZ62drj5aqJZ6rpzHdjwdT0rBt3OXxJrJq9N6Nil5uneR6b0mZ7Xp+LOsOF6Rx/F6KI7HC3XaTDYNVALsFOVfY5PKqm+72hjud0mLWg6tWpObVi3Uz5gamJokTfayXdNeamPMEyZqczmbU6GamLMkxRKvzJ/aVdGT3oZOS52ajuZl72C6qmlaVe1KEjfPOMW6XqhhdkKWFFqEpEIWpFC3EtFLSQ6C4nvGiZBslwaVENiS58z4lic467qLjzXqKJOocHEC2YJ0UvYnZe6TUhGw9khbDZdhxSTXGU6KZIo2EGyKNimPY+FVGqKXtTPsrahKWjYWzMrYpr2TZnih7FWHbBuidg7BG7UXdB2DdJBskdlkLBdJdE7DViWpdleKK7KVYUg2rYSdqBVhHZbVqRV0Xdd6/gz9IFLVbVuMk2TbQTmUrANgojYqIiFnUVdJYLCBahai1RKQdyDxaiJuWe472uy6lrWbM9sv5kq8TZcA1XN9Yy5+bFLJ0qdm8WzNeBud4rHKuCssTM/4b82JkzTtDtz0JGVo42WvFnMw7b9rpfidjDk7DfJhw12NEU8t5kRlywZp17nR+DPmk89JjRdzoXe2na6xG7mRl+7ndWl9Svs1eFK1XlmWfba6LO4xzIWnDHxbYmdCMMtkS5WgMSZB0SvUX2ikN1Lpi+kC6LXamCRYL8KMzeZd+DYZlLU6ys9QjL4MjXl8GR25+MX5EREaCIiJIIImufqWZXhJZm20y7ZLfbNL/AINxfjyCZh+TV4mDq+jP4T+A7CcvCOWIC61RWadvzKan17fr4wdfG8172vsH3tfVwmRp6W8mOvkDaXnI59V+R+8pNO6bEy4Hv6Ow+o/shXbiUuezxc2PU5+x0eozY0UzNjB0P1Njk4/snucasv8AECMCXikz3OP7F3nlQ4TeJn6Db1JoOywM3QF0GmVtJivBRPtnTslnbPic68FF+3dTUWHErv8AG4w8Pi970Xp3D75J4fGnd6b0rjaxO0uPXp2kauBxZxw9H6Vxdrlz+Fg6tzL1XCwTiiXmt13jqcKOlEunDBgb4cXUd2z3ZuZjukgorZmzZUlXX0Z9O86NtzbnRiXEy6Lsebtc7lchJMzNyq1gN5WDmZ0iuTlIuirraxNSIFsmajeTbn3dEM/JZWy+4i1gpKhFtxlexNjLowWBREHizBoiifq1IixatFIueUZBhcGGxocDBEms2rBx5nbF4ZHqzWxL2Cq/BimC2TYlET9hwzGxTXNR42fYzY4BKVsvZlGwdFERRqTRBm1ExQtpak1G7Urqg3DsyTeqPqs+8ptKR3VHGVl3TZJs2TZk6quqk17FXRPVBsRa0bB3Z9ldUKDstV0TuifsVZeyrpI0u6L6gdlZZ9QtwqWzuiIpNg3RRNr+AgqK1QaEo24iyrk4qzrNJUZch1dGLAoiHWcqrCNStUgURdoq7VXMrEgz3IWjVWp07rNqrU25A3rOAJzS0alZpQYblhzYnUuWPky6Shxs06WkefafmxVdlR229FF/1qimiMrLBuHycOjGzbsIEBiAm/MIr81OqKvF9CunTX/IW/KT4mfoU1YJCfhn5M+V/q1pg6Cok+GOgbAwQO/y4+78bzEuirFZZ1mwqv8AYArDtqJ6Vhdl34Uu1X4U6JmUtTpIz1SMvgyNeZkdufjF+RERGgiIiSC/ARfhrj6kHIBS7QCHh+QBRWrTNMudtRKitljPTnVfNSXU76icqqbfF2D7fI9R7SQ+0n6uON2vLXx//aSOlT1mbg7FXwZ+q/8A4XmOlQ3o/Zz9Wa+DP1Srij3r7Ot7H8F3wOweV/gsxz+rkn5C6tHXwq+JXt8g2gv3VfsL3GRVzUAOtafHKpvw8xx4nVpjtOiO1Oczqy5G1GxW6+i3HV3kO0uZ1vyLrUxrWVvOw1LmdVq4c1lNrpzHe9NxbW9NwO65lwvS56UPTekz37PN1cdo7nDxTOtO5h7tXBiu+Xf9Pnxee3XaOlxYbPgz4aXsw6SjzdzFZ2zPyq7EgbFa96th7pGx2lcrkJdObysrCDzeR2OdeXYrk597ZeqkdmysNiutgNyBUea7qZLvtY7y1Q04Hk0ytFkDqEGpNtBGVvdc6z3IddTQ22CLLOBqEAJ2qatW6zhZmodaGxbjQdRaqHsUBUSvytZWIOJD/JsSNODgSLiXKxuHYZGGEuksWlldVNh1Z38pXcgEiSGQX/Cbd7rN/oOETsmzOYjDII2HsyTzoYuqvqnRjo/ALNGUfUMRyEdVNmsRyEbULemEZsmxe1K6qJqBEgsN0K6JtJYQ0BIwAQjThhdh2Xf/ABi3Em8h2LsPcdR+yEQZslV2HZLrsTyLIE2FrQFZh+oiIOjC7Ks2yy5hQS3QFXINaNUz/wCUUhmqtWkBBXKtSMFqHUa9UsBchP1DqZRjPqHVq1LuTKCdZLuTgam+xaz5sWrDyZ2dXN4MWaWt1hxs063TPp3ujmnvZun3uk71EnROqdMStQ1ai12MiWYmXN4EtWbF2MrpEiIdE6q3EXE0fhns1U0RLNuocGQGO4eqtODWoFs/VBhsvak2XS0ILWG/gIyXZd1qOys1NQlKEF0jHTPmZWzN4MbtxfTN+RERGgiIiSC/ARNc/UgpCt2n0LT+U/kUz+b/AD2tWyf1CxfI4rFNSNy66uufX0rL+Nb/AJMitgZvimH5CfD9mvf9WftIOpLje5D7xx+r47N1Ibpxvffqnu/z9hidbYu2D3n7L95+ykNrZrI9f1Y45Mj9ybNB14/1B7YfXX15ZTmczBMw5GjrczPttMua3mmTQa0NX8p/InUazDjcLLFamxezNY+HfwkTsreT8MmyT46G4eNs63Gxzihjium18etnLqukjt+nO/hy666OJxJ8dXf9K4tZ80vJ1dd5Mdr0nFWXueowzrEs3pPF6UN+fthy3XWA2Gyb958ImM/KPZ+akyL3K2DsknK5Grk8nK0c2nJuqYk1BvusF9oyMpi1SWqA3TcuAq2W+2zrJujCEnU4ClRNk2ZdEV5liqJo4FyQTqvUWqahA1WPVetJFqM1DqxSFeotU1PMANUM1Vq317anpIlpiQxJsC84ZVaijtGEERdiDYpLRAueX+jR7DiiToluewIu5OLpvFoERAkMiitVx5ubRqlLBOgRWybN8smeK4oryHAt0miK2TZCmIDcexBsUmxeyJK2BuIs4NTdA6ic+qYFL8EspRpe2q7okwWai9kUvZqTVUGkSLVYNKscUC0hS4TLoodBdWFLUgxaG5VqtGNNi9ZVqJGp6BeoTg6q1FAP1FqbRYy6pq06huSLSRGdNWpQEFqEWBVhWLU8zBSLkGrRqHVplnvVjzS3ZpYszUrNjBmmWVrzMnwb3QiBElB4TSYOUosDfgx5ZbmHM1IQR5nkR2WfB6Qj48GeJ2aIZiMwmlxQ9liWgRMEvIX+Tr7gXLX8wlX2g8h5i4vVALLfnTUzX5tcgKlgajPXoObuhhbrrWGN24+MWYFERsIiIkggr/DXKWKJ2UPFX4n8ut9M0NzqLHWv5S6mgCe19O6v4Tq/guJ2S51GRnxiXWy8Va/kCNY1jpa0mtG6LjX5vN7/AIPn1l1qCrqpdG5+rPc7KUSMfVr6r3r9x60oadH1aHHIqCtKs7pCQSHxnr7J16BGIOadWsn9ULu68gBuyt6/VbcxSH7JuVt+tDZyLyotgokGehumxs34WXB5t8ar+a6xo422V2OHi75YOFL0np3G2uXk6vvHZ0vTeL409x6NxZnWtXD9M4vfL1HG1mHHqu3MdWLmY7GfPlK3KunN1XHc1QXhaISW5/qFdjbmyzDlZq2tIgVi7S7Q1g5LHctfJY7SKvtZ7MzAgSYQ+MEXR+bwc3at0aO6LRdy1yAl2IFtC+irZz7KLIVDCFiaq1GvUgvVY9U1VUArUzUOrGHArTVeq59kIo7k1ocS0hxI9VxJqaKUYEIIbkSr8GbdVZkFaMgJ0dpcGKIeykTV15/6qA1VrqvYNs2pS9UgbF5xpFq2CQcgIG1EibIFmoewf8qUMWi7jYZzoogwQNl7NSBLCCwC9GQ9SQtYS7kuzyrEhpPkuNg+K2Uq16jiR6tT0LVQJYFaIC5DqYjLQLXAtRa9jt9YJ1XqZC7lzJGqam6pqkVqKJGvXUjQah1k/VeqWkL1M1WmSdAatP8AgOpwSk60mp2q7k6mYJtga1K1TVaJBLHZTTNhWVh5Lbk/2/DHyVz7mixhzMLdlYNe91kYV8xQiQkI4gzyMNGXcyaiZkc251szFXxFyp1JitbdL7mFqitTIrYoeHzctRy4oKFHfihExWotpZs96TCroexVn4S8wECjQEXOjQTdbtcs/QAu9BlZp2dJ9YsLy3t+SdRBdZ6OB/gI7U0xYFERMov8KQxCWH+fyt0nUCIn8odiRET+Rsn1LUiv5V6idXqi3n7MOv7Ceff8c7W3r/sDqsq9qP8A1TV3fqmjLF6tMZf/AMlKb7aowHxiZ8OfXyN91LKO6TByZP8AdB6stbq3GD2+yvZ39XawzLTGDYq15u8VSX/D03s9viXfp/6jBY895hiXb5PD6Xc42ftEOGw28b80wxe7q8PHVXMzLF7sduY73pOHZ7D0ni98uB6Rw6nV7b03BrEvHbd2u/MdPjTMtkUxxR8OTs17UZEbMsU24Q00RGhgSs16JFcqu9iuT7rYm0gF34LIzUhGHmUyG5qZbSTNGwfGF+RXJuZaln9JOamIWbKWwq0x4KtI8Cros2gBaXRVtToVVk2cjeCUhDlas40A+JBqOBak1EpFPTOh1VqMOoxaFa/4U1M/iQyFeRkSIRQJUSLUmAS47B60ls1qsuuqjbJEgtDYDdVaHUGBChTJkWiCalZpeqaiUrVFL1WjONaWg16HApakBREB3CmLtIS+5ILKzYLPhISaIooN/go9LnsN4n8JcGFwPZWaghswu2UC0WoRLgYF7FmiAvZQpiIgjIUS0RfAkGa7FR5nwkVajtC6SD2iVEjiSKINmIWaTYTU1FuApF2ikxKS0VfcQVYLO1VqcOFhHYG4S7KPsimsFLthzdzVm8GO1GKyZ2K/Nt5LBXm6S+sYWqFCVWrHH2LOj6qGjXqFZ0JmlhvHW7eTc0tWFoiMr4uKM8vEmDYo5p+GoXdLimpUZsFV1qXsAEAkZkNpd1qQPNXeF0zAFV+AirrVuRM4RBdVV2UOwGOfX1ERCyiIiSIiJIiIkiIiSIiJH9X8J1fwXrQBkZ8Yf1PwnV/BCLIvGNHUkxjP6n4Fis/w7ak3r7E9X8L6k/8A1GM5TN1xdfZSKB3OB3Q6eHtcj03/AI3Simk3RUgvJLncnmax5ONyefXwpGR0PVuZ/H47XnsmT83f8pmz1l8gRNVQnMjeN3FxV4vZ+gen7a04fo/Bqqnte74FY+NEzLh3ddpHV4GCcEOzhr6uLxstZbdvh90PL3XbmNMGRRaObo0YXTweDnYcXe6kT2BoTPyaPsm0mcFmX2lXSRF0xZqaLpizUgy3W1l2O+2yrqZ8kic16ufmqqM5OXa+xmB0q6OiewOo2+YxavYFoprFoLUuwi+xYFeq08klapqLUWoWkjHqvUDSRCLSXuvZeqtUEXqrUcSSuJFqOJFqtxqe1wIK2G8WXcmBIZ7JaLIsIKLRJBK1WjE1XqkDQJRdq1WpB69itTNTYAIPVWqIAnXBakIFoPVpFh8TdS7nsYsv8SHQzw0wJv8AYfq1pqhZUAwtqGIpEKEqwdwikCgmfiCils6rERFCqDQUL1RL2X5j1VqkGJNhQmeWRB1EFsq1WIJZokRCyiIhZBqCzi7kfDCNl7LuVeLeaktS1CTCCyzirKDZVjuiWpcZrNm7dmLN8W7k15MGYxmsXIrvZjuSS3mM/UREQxDI+xWrRH4ay34fihq/hGZL/QOF3K4MViYqx0W3ZsTPmxKImFprql/7rSiKTZKLS/8AdWyJaiIFDSc3kA65qrKudHSIGQFzsapuVi+utZbjUJuYvV0jULtQrLajHX1ERCyiIiSIiJIiIkiIiSIiJNjK7/J9OyY/i5fJwaf/ACZnpnmMSIjTSIiJIiIk0dT8f+wo/ZnlqY6Y6a+NytR3z3PsGtfZQSa0ZstZfJjppZr8zPZ4A6fpODq2w4Z3t2uNXS8V18x0juYc84ImZdHiZ6y6vK4s1Zbej9InveTrZcrtHrvTcXZLv4e2HH9N8JdiHmt125Pij8MbMkNnG82XR0IxNMFQJIdk2YRaSrc/k03XTnclIq2czYu6QZuTrLlczLt2tPPyubr3pB0mgGWXeySK2RNWpcc9RFhMrQbLNuQGTSrUyAbGIYgtVRJmosZTUWookbJxluVam2FIOqajHCWFdIeo9RaoyKiR6nRK9FPbRGqNGperLQNQajQsstkV5tGYi5CUtNUQXqoaNQq1EpNjYlXKLVDKHqtIkxIkS01TNAmg9U1RheqRI9U1RDcdhNw0akXI0l6tOPwIie9og7oWscC1SZ0O1DqlaTqXfa06guTqZ0N1DqbcC4EqO0TFalUrUSzzcF9h0VqJQUQUJEjRAg1LFoRIvVYFL1WiKtU1HqhZoNU1GHUsUKCSxbiL2VYtQNSatQGo0al0F3IDSbW6YG6KuhkXRVgbAsGxk0UjP5MOamrPXew5qa4n/WM1gzeYRZvMLdYRIRcAwUTscVBpKlopmwYs7DWxP8rjzPq/E167AvEPCapNWMd4GW8brWz9KaoJzunSdKnR6cquZPlQ5yNl4iLlpFIq1goVl7v/ALGlX27fsYCQ/wDoIP4dB18Bc7F66xX/ANTgX3dv1blZlZ7KbYxa+TLXbTcu/B19AggtMoiIkiIiSIiJIiIkiIiT6N6pkxvK+ofq7mbFWdm/rtvKWE8n06+qa19Xp83pjDm4WvyPknDF/Do+31+JNxqdZvWMRkY6r/aWjoy38bBNLTrl9CjXXjiz9ZVfFlm+2b7clHS9rMjvFMrGXIvtZ7rav5a+b/uxNRvmGYa0vZsw5d3PbeHO/aO/jcdT03FVW9p6RxtYlxfR+NM67PW8CZm5eXq7dd5HW4cupDn8OnQ2eWx2hkN/Gll4zoQy20QPYuB2lKvYqwqutYSBm8HJ5NNPJ5XZq5d0kvZlzZfqHNlI2QKzMxmaiAauwiUWLVaoJTWMlqXYBmtSpsC1KbUqGwCJPiRYtHEmRquDO1UVNQaj2DsyYXYDyA1iDgKJGwcVAtiNaIEXFD2UuERVyZsAWY1pahWWIKTmknU+yiCx6LWkrVa0SVqAaFFiiV6rBq/gijIlBWqG6g1SBqtdl7JLQGy9jiWVcG7bAWIuDEEsAoQKwVopZwWKUJVgloNaRaDRItDUWC0CaCRLVwNUSvUY1oVajVqsAViRYdCIKCc4tN+AEW0zaiIgxlSeSIsBYNTLA0AotR1BIs+yLPMRG3yJvuMutYIuuwlV1qT1F3XxZ7p01kvNXew5q1aM1MeZqCk2Awss0SwwIGQcGlQa6chFCCxVq1IjNila8LRj8GOKaYplswvVeyNW6sBYbHRd/lmTGbLS71+JNnlX+O9qZPrLPcgOIs7pWVmGG52an+r/APCEHc6gbFgPmqJ76EprXOzEYsvm13WrJf8Au6cLPWgREbZRERJEREkRESRERJEREn0mMGpn+FZcky5PJ9TmXOxNXLzzMODyc7NyebWRki66neaNdKO5nzSOMszBGS9+2Czbhcd7o8Zlifq6HGxajR9aYnsS+1PhqVdar3PqUXm7YXsRya+LQcrmf8jIfyfMhR1R2vTcGurk4p2r+HZ42XXtHXxrn69V6X8XoeNXfLyPpuenquBW2rydO8dzhuhHc52F2eNLy306xowzrB8VuRdfE3CG60x2j2KHBZiM3MrWGu+2HL5NbWGnPzUy5vA/NTHmpAgrNS7onXZGgvYLRbPZt0VLDsXdpA1mwxakIBYF2BaUBqNNnSS34yKDYLgyEj4S61L2Vf5YvU/pMihlwJr6UDqYFzrUoR6riTNUbQ6i1EJM4CDFLJRERVIHUSgbWe5I1abL1QL1TUS0ACXqmqEUExeqaJUZqrUYdUfBeoopq+wMItlBABcjVqYitQmah1Oz+rUhEQoK9k2XEiiIi9V6jNIVxKaiidWgMOq0Ywh1TUS/4Pjq2QpQrL3FQ0SBxLUAV6jUBatS0QlUi0OJSLQFFLUhqItSWotE/LWetSlWIF+DIK+aJ80QUGxqvwSZrJo6ybdNRWcmvA3N3EWpNOM2ama6aMzHdGTAVmplszLTO6S6xagRBMZooF5BgW2orQ4kYRfwJv8ABKtERpB/jvWtcTsrJ/FhsGeJf80JhqQzZNgKFaxaIh5uKh/BV9pxeaVJ6Zvsr+CL82gm/N0vM5+MgCKwgUm62AK5C6YtVYV2o/xjr6Xm+JF+B+b4kX4OvPw//UpERtzRERJEREkRESRERJEREnouf6pVeFOPk5VVfaz1X5r89wsU7V/AkxBaorYWHi/z/u2xwhfbNrMZhxbW2+2lInVK0eHHLRGpG0gvKWGtjzZQXkpjz3TNrWX+nbUVmojelX3GSfwaz5vMozN5ltNy6ZirWv5dCLct0OFtXaz01HovTdq1ev8ATfi8z6fi1iXp/TZ8Xj7uXHoj0fDnxdeNZhy+NWrTGXZw6mula2iCcPgdDLcFu0QVqLZDFcq3Iuu9uzUwWlGPk0xZqaeTTn8mwSboMUTuvZCn7FWDcRBeiJdF9UYTAg2TY4hbKCprANNQiblBgoCgZNUX/K2cs+mGxS9il7M243DlggasUMg4mDlSiIiC0UsFEUjUqWpAsjQ2WbfgWV8AJAoIJEOFFg2XssSlL2QYVIi2osGvZSmZNS1BRfRFWAav4OX+ACjk1E9HWfUcD1RqzUi+5Bs2YQogmswaHVBIsQRIgk0UiwT5n3KamTEmqLEqQoKF6qxkCDuVIaFBBU9nEUvVFZi1SLUAi1IYlqWG6VK1WmwgyzoIJkSg2sOyws9kXR2amW6KBZN0OybaiItjzNOamTK3Iyx5q79SbrX/AOJubzJzeDbmKK2GyxWjRPdCsxCgUBgyAf5hqIhCLUM2NQBkLiRM40k/n+FqjtWx1zJdhlWillIiIcWqDc7DUNwEE3OrVbNmaBahAtM2E3XkWK517QuiVYRBLn19LzfBmtpzf7s1uvJ/+oERG3NEREkRESRERJEREkRESRs4M/z+fz+WNt4Xb+R17i3HXwy1xLPh+xgZM2ZcxpOaki9gX+E/lP5VvN+tSYLXs2Y87bfhqwZmMxm0pERrm450jN5/go/LO35Ib3fbrz8HE7Xq7vo/F/jupyuFO2Z7Hg4NcLn+nx05bOBien9NweNORwZl2sOXWHj6d+XUP40uXxrrLmdvD2uNsvx0bI7TI8yIoyO1lrGlVg6pV5US8zJbTfcx5qQc/k6ubyabeTTnZq2Q1mBsdqXrKA4oVqBZGguijbL1N9rVoVstpaasnYTUmLTBbFoAYr/KkUStjIooUULcMPWqKWLDKZBheExnGjIMBhOaiUiIAiIiwoESNfGbUREYQVDCkXqmp6JM+qrP1LuWyQIzQF/hZf4vSkQQo0KCCpMWiQIikCIKqgVrRLVItFVoVrQUoIImViKiV67G66n4gapc6mAtoAWgolm0A1CdZWoK0iVxJsNyYlaoMIwIFaKegHVeq1nF9Dc9hZ1kiIKLgKSIiEqDYg2zUE4lNlgWX817As30A2Xssq6aILZ78zLI', '2025-12-06 11:19:54');
INSERT INTO `traloi_tuluan` (`id`, `makq`, `macauhoi`, `noidung`, `thoigianlam`) VALUES
(13, 9, 32, '<p>thuận lon</p><figure class=\"image\"><img src=\"data:image/jpeg;base64,/9j/4AAQSkZJRgABAQAAAQABAAD/4gHYSUNDX1BST0ZJTEUAAQEAAAHIAAAAAAQwAABtbnRyUkdCIFhZWiAH4AABAAEAAAAAAABhY3NwAAAAAAAAAAAAAAAAAAAAAAAAAAAAAAAAAAAAAQAA9tYAAQAAAADTLQAAAAAAAAAAAAAAAAAAAAAAAAAAAAAAAAAAAAAAAAAAAAAAAAAAAAAAAAAAAAAAAAAAAAlkZXNjAAAA8AAAACRyWFlaAAABFAAAABRnWFlaAAABKAAAABRiWFlaAAABPAAAABR3dHB0AAABUAAAABRyVFJDAAABZAAAAChnVFJDAAABZAAAAChiVFJDAAABZAAAAChjcHJ0AAABjAAAADxtbHVjAAAAAAAAAAEAAAAMZW5VUwAAAAgAAAAcAHMAUgBHAEJYWVogAAAAAAAAb6IAADj1AAADkFhZWiAAAAAAAABimQAAt4UAABjaWFlaIAAAAAAAACSgAAAPhAAAts9YWVogAAAAAAAA9tYAAQAAAADTLXBhcmEAAAAAAAQAAAACZmYAAPKnAAANWQAAE9AAAApbAAAAAAAAAABtbHVjAAAAAAAAAAEAAAAMZW5VUwAAACAAAAAcAEcAbwBvAGcAbABlACAASQBuAGMALgAgADIAMAAxADb/2wBDAAYEBQYFBAYGBQYHBwYIChAKCgkJChQODwwQFxQYGBcUFhYaHSUfGhsjHBYWICwgIyYnKSopGR8tMC0oMCUoKSj/2wBDAQcHBwoIChMKChMoGhYaKCgoKCgoKCgoKCgoKCgoKCgoKCgoKCgoKCgoKCgoKCgoKCgoKCgoKCgoKCgoKCgoKCj/wAARCASdBQADASIAAhEBAxEB/8QAHAAAAgMBAQEBAAAAAAAAAAAAAgMAAQQFBgcI/8QAOxABAQACAQMEAgIBAwMDAwALAAIDEgQTIjIFFEJSAWIRFSEjMTMGNIJBUXJhgZIWJHGiQ1ORssLR4v/EABkBAQEBAQEBAAAAAAAAAAAAAAEAAgMEBf/EACURAQEBAQADAQEBAAMAAwEBAAABEQISITEDQVEEIjITQmFxFP/aAAwDAQACEQMRAD8A/RikW72u6gGljm4z1NREFArPMxEEgx0RFIUpEQ+Q1EWteRUiI0lhEFmVIEZYkSAGhnpBgatVrUiIgo0QghtSKVexKKOFAqWrEgRKCLQaJzoF7IpYuelbpusGp1vTNhbloMHkduTa1rGL2FFWpLdGgNl7yRfQkB1ZJvlzKZaUYb5csub1OY+STrbpvLzl+rT9ir9W/c4np+rJV5ZeWv1X9me/WP3Ehj1vuJD76YeNv1X9mXN6rV/I4LXuf7DH9ir9Qn7vBX6hS/7CgLXvP7Cfsv8As5+zwP8AYUC/UKlF9B/s5+xN+pz93zy/Va+zPfq9fZKR9Fv1jHPyJv1vB9nzPk+qV9nH5PrOSfkk+tZ/+oMPj1XlvV/Xe+taeAzet5PsxZvVslfJi+prpj0HN9UqrruZf7evs8tm9Rqr1YcvMpwv6HHpfVfUt48nF/tKm/Jyc3Mqme3Lrut/HV5nM6vyYLyEbGxOzh11p+ijLR0VW5MSYzreNUZdWiMuzDskZe9zxqRv2F1/ix7Fbd5no43R3bM+YMUXmpafFnzV2Mmw+TTNDfLnXZ9L5lYHXj1at+6nloo/q/F2nd/jn1HuOH6z2dtOz6f69UfJ8vw56lvw+oVPyennq7tYsfYI9fnTyaMPrW1+T5Rw/Uay/J3eH6jr8nfnr0w+jR6rQ/7Kvs8Xh9Smvk14eVt8mubrL1kepV9l/wBhTzcZdvkfFfs6W6w7f9hRkeoZHI2TZc82/FruR6lQ/wC1cBG5zP6npo9T/Yf9h+7y29C6tHA9P/Yfun9h+7y3VoPuKF51PUf2H7FX6h+zz3VoOxxPQ/2H7J/ZT9nntv2Vspynov7KfsOPUp+zzey9qPhP6np49Qn7D/sJ+zyvVpXuKXhE9V72fsH3s/d5b3VB9xTWJ6n3s/ZP7Cfs8r16T3FfZip6r+w/Zf8AYT9nlfcUnuKa+menro5s/YXuJ+zyPv6FHPo4HsoyyLqy8nHqFfZf9l+wqer6s/ZOrLy8epGx6kk9LvJm0/d5iPUv2F/ZSGvj0u0/cN1Lzn9lP2T+yn7JPQ7SHqy87fqX7B/sv2S16S8sq6svO/2f7Lj1IsvRbzY3Djmz9mqObIvtOojFHNlojLNueGQ1FbqZPiJAqTK0REcRERnyPipIUjWgSIiSIhV2NWGdpNi3UZfenAoiNaqiIi0YiIi0xERQtaWFF2twS6+hrUtznL0oAV2DZaliL3XsLdZg0BsrdrdaMQvqg6wsR6FdVOrLOI1NyL5E/Ym+RP2Q1r2Xsw+7xfcccibbs0a1RaWVtItytEpW8h6srBaODO4jqyTfIGavJtWw+7kXvpVZt1s3BuxXzsZV87EGddLcO7kXzsZN+p44+Rw67u4Xnb9Wn7r/ALbH9l4nzeg0TRyI9Tm/m1xzpXivNsRm93Ke4OGdtASvcL6qsZvtelLL6qdWV43+DcWi+rJfVlYtGgOrJGbl6QzYbWrfRmvlzLkcr1OZ+bh5/Ve/sOMvV36hJF+oS8lfqRF+oGc6Lcesv1OWe/Vv2eTvkVfyB1av5OngPJ6HN6r+zLfqdfZwbqhRVGcrXVzepVUeTJfKyV8iCro+MZHfIpPcUSkKyIe1UHuM7QXqpzqDssCb6myfxCCTdM95WLC03yNXP5PNncvk5ex57n8rpONuNyOnyef8dnPzeo/s4HJ9R2tjvlU539Y14u1yfU/2c3NzKq/Jz7uqL/lxv7TMdPFrvlFXl2Zr/KsOznf1v8bwOb8guqaNdiL7XDrv/T4s3+U/yb5WKMbPkZCdT8P7GRjVrq52a1h96gKHhqfGi1hlpIcyooyLRZq1Z4y0LmV2M2GmS6MV2BugYaS52NilZc3mXq19Mu52PMFKVtS9V3LXk52F7C2peoLlqdYxYdh5FYzsXqGSs3kwA21t6OeqzY9dwOfXa7/D5lPn2HndJ0eN6vPi6zu/1zsx9F43K/Z0cOd4jgerY9PJ1MPqmP7PQ5WPX485nVl53Dz8dfJrjmz9nbi7FXahHPjPNfI3qukDYjN1V+4MiPsjZOqFnELZArNS1KDssQ+5NgXUh3IHatlFDTTtk3KtSxGbJtqAsyJp6qrqWdNkKZvKdpXartS05WxWybLBadsvYnYJOtGybMwtjhP6qtv2J2TaRgM2/ZNv2JUpE07fskZf2Zk7Vhao5WvyP97TnLFidbDz6dDD6lX2eaFGdm8yp7fD6h+7Vg5s28JHNptj1KheU9rHImh7S8fHqrpYfVf2Xjqeg3lN5cuOVNfI6ORLN5LcjHvN/MbPUWtO8h3kgF0pC0bGbMWw9haDbJ8EX5M/Wlxaw6iODdUtS2sUiIiArREGrFItDmrVIiIvf9Wfsvqy8f8A20/Y+PVp+x8Wr3r02xfWl5/+2n7E5/Vp08lzwL1r0N5ZJvlzDyN+t/ux36214jye5v1CS/7D8PBX6rX2D/ZV9h4T+mdvfe+/ZP7F4D+yyfYP9lX2M4n9V/Sz49zfqP7MGf1bR5P+wr7M+bm7NTifxm/pXos/rdMn91X2cC8u5a8IL09J/dV9m3g+sd/k8cbhy1LXjBr6Hg9Wk3+1l8/jm1HyM/sKV5l+rye7v1aWa/Vnif7Cgf2A8IvJ7G/WP3Iv1v8Ad5C+Vv8AIHVpTiHyepv1r9wX61+zy+ybLwg8no/7qvsVfrVOAmynEXk7N+r0y3zclsKHx/w61+6pPdUyIsWuth5uSPk2x6rX2ec2XtSwa9XHqtfY6PVv2eR3r7h6tfYXla9l/cfsn9v+zyEZa+wurQyLXsP7X95T+1/eXjerSdWiHsP7X9oV/bfs8f1a+ydWjU9h/bfs5nN9SqtpmnC6tB32U9pqvLkr5EbUovZSIWyBQ32hIiMpawokLZSkSVspVpBiGhV1oVeUI+yLoq+Qw8nnzI8pDJrdm8HJ5N1PyZuV6vMw4fM9Wn7PN1+3vG5y6PM5mu3c8vz+ZVbE8zn1l+XawXdU83X7SzHacjyVsKC42oyJeXrrbrpOVohsOOt+JfQqk6VS1RWqeWwtOExKr42xxd5dWfJplvBqnS1HecHUaTRGujPYuqTeVIzDJMVrdJhzgvt7lE0ZspfV1J2Vddh8UnMzk4crJkrvFFNW+8DpRl+LdimqhxYrvl3MPhKzV8Dc/Eq5HmrvIvLLBLsGyeSamMVQLOuWbN4GMM/X1sjNnFmxE9KnWXGcBeWhRkpfSBc6t89M2NUc6sfi24vVclfJxRRl1eqdZMc7Hs/TfUa+z0fD5lV8nzjh8npvQcD1PX5OvHfpjH0PhVX2dDZ43h+pzV67PQcLldj0c9TGbMdaKGyRlmjdm5Q1JFSRsL8KfcFrSErZezSkPItfVDsMKkRE59IgVXSUqk2RNVjovZPzRaHGLfWJdKCjVuOcmjQAmY0ivwHYNuuewaXsHYJs1S407KZ17Odh3TwB6oLo4jdg7FbL2IS6XsWG1Y2dsrqkA2CattlkbJsMGtGydWiNldVSNa09WjYz1LD1TN5Fi8nZw8+pdDDzfs8ydGXUWHXsMPK/Ztx8t47DzdWzDz2M96XrOruH/wAnA9+dHqH7Gek7IocuOUfHKlnxOulC2KOVIvcSxl/pxsWyxyJF7iVh061wR1ZTqt5sxhoQjqp1ROdOnqL2NPiYpFhZK1hV/wCgvOxa8z7+hxz6c0yHWxhu/sKBfKqmbURsZvSbVSdyKakF6WvYG0r3lrGdWhd2HYzk6crtDum0qQanaraQhUjoZ1ZTqlqPjEdsmxQxYha7B0pe42fG/wAWg0Gif/0NlqRFqWJS1Iqlh2VdFmXDfZuwtiEAOWqBIamiFjFi0aA2BtTOLTEJ3oXcCJCe5O5acaFAjZL2IMUTtS9qEWmqJ7lxVGqU5ZOwdqFJ6Bik3lSahIHdcUEu1Ltnuzsn1JezLmvUrk8rVw/UvUqmHG9xvGvmcyZ2cHmc/wAnN5nPqnIvPkq3k7/WbkdeeW7lcyu7uc/Lkqgfn81RkS8fX67XWc4UKJbI4ux8cNyt10xhiTYmm6OGq+P8XPWox6riaOudGfqzvqyTVJtJebXRq3EZtIc1TTDt5DilZqLtW2o7qWXNS55VpnVVmrsYu6DYy7G+kX82zq7QxWLbWG4KO61LvL2ITbf/AJZ+k7d44Jvt7gxVHBrbhrvl14z9ky8/GXvbIy9jOYddG6Z7pl9xS+rVM2aNatk2ll2RuTQ6G06M2bwFFAuppJn171istDEZs0tbPlalZxludQm34F9JeTP1XVOjk1OupPSX0nXnr3oyO3wfU9bej4HrU+OzwH86tnBy63L0cfr7+ud5fVOB6p1Xd42eafOvS8/7PT8DP+z0zpzek3k/dzMNbNWHZ2FrTupS9TBKtLRRKgi1FqrBQoItYzIIC1E1QUEY50KIioQSBtnDCrRVhdYkREaQkCjKxBBRWoQRBCCiKtGUm0REytSKJlEpSC0ypa9ixQGmmLXtLOrqjE1br6urJ1dk2ZvtNfuPrRscqnN2Ng2Y1rqe/o/Dz9XGg9eOKV2/7KTY9Sl51Nlh16WOfP2HHqH7PL9VfXBeq/sp+yf2U/Z5X3FJ7ilmB6z+yn7J/ZT9nk/dUnuqKe04vqE1bbfNeFw8rW2v34nq6nr/AHv3pPez9nkPf0n9lX2Ket97+xfvf2eW9/X2K9/X2Sjq6qEjMVUiLdMcrFLtLK7jg+lmK1XpR0+OAUtBa1zMCJNUOs1ECapWlwGxxILOrEVdKUmlm7A1TUah7qSEUos0S1LBq0QOwsFi7kGot02BVqmq0alS1bpZY1kQbAjN9MyrEFBreCgwhewE9isKjEpUgZazDU7QKQM2oiI0UREEraIiIWjg34M8FXl1FJ15WTk12FXnlk5XMxzHk59detaxn5NV3OBzO63Sz8rHUU4+S9rfO/X9ZLrvzzrN0Nr8U9nt8WvD5tDw9d47SOd7H9TI4cz3N+2rJmyuVmtz0C5mbKupLzZWO8vkbTjVfK1D7rZhutiurqcWN+at3K5m020xyZZeRlmli+FRnoXXZbBs34jWjbaxbalRS7rsU5WmXl2AV/gyKbkC2c667CmcOjCbJdy1Izob8GbM02yZvNu3GeqrNW0MUedNd+DLHyEjOmRTRFER2j2GYr7M6uw4ok2FZi0zZNggujDp3UD1Wa61SK2s2KVr6itioobItFsDXZY48EAa9idJoiUuiiKllzVPidmpitqX1iVdLx5akv8ACW3+dz2Opnp1OH6nWPV6Hgeua/J4f8NXDz61Oz0/n3bNrj1H1b031iaei43Mx1G2z5f6dzMcvV+m8zZ3nesY9hGWavyP27HH41bOjFPRzZQcsOwtm9SKRZCgGf4CKgIiKCqCMBc7FLRBjIg2gbLSoAv/ANgNxIiISilqYC0UpIStgXStm9OCugXQVMpakVYCwCQaAqGBNKsC0WoYERVYhha9lJtxbgxF7C2VOmL2K2VsRpuybEbJsTpuybF7Jslp0Uq6L2VsBaZsEOybJGwvaidtVdUYjtk2Z96TelgaRMm9C271fTUezEPVerGuhKNOsprJ8h4syH6p2rcJCH9qayRhGqH6yHQeX+ovWQaybqrUjCdU1MCiOC7kSzKIDVWpmqaqi1ShaJqdUUvUSDToVDCpQoGg1q1qQGq9BItSlqWNSJqiCjA6pqYEDE1TSRBRDqmokQDqmpgEVaiUoai7ks6yrVpkLNjwBqIyKogdV6n4sWmyirFK7pgzZT7pzeTTHVylk5WWphyOblqoa+Vl27WLJPUfP/b9P8d+eWWbpojHsHDg72zDip8zvvrdemQnXUTTqXesucbJY83yPzUx3TRIumLN2tGapY81GwF3lIzUG6LuyKRmqt1xlVkJt0nOMadeQqO5YTg8h7C3JtCNM2MimcZi1o8pV4gw5V8mfk3VK2Ye5kzVrdC43J7NSrryphaXdEfIV0WmLTr8GWJ2vVpju2kyMWtmXEyZp1LauZPYys0xpwjYttTY2qzKLDgZqHr2E5PBfbikK2XFTuTk8kjzarUnrW3ZZEeZrMZ+HRRm7KvY2YJ7atgWCPATXRJsr8y1aquZX/qYp6c+5oNtlyTciRbjMXf/ACTofcl69+zpy59TTuNyqm57nsfROZWnk8RbVw/UawO/HXtix9g9N5XZLt4anR8t9N9arSXrfSvVuprs9n5/6xXroobnYeVNNsZZ0dpdBuwidhwUYpWyzqXqmqlJnAKWoazQoiFjEKs0u0VAUjbWrQKILVa0ZGqLsdhsEvZWwtS/m6RRd0UZ5B1FA4S1CFVCoNh2ZwGLK2Wr6WqtWywGNxewoAjV51aNVpsFkIiIrEJERQItFNyM6tS1CnURaClS0RSC1SIhKrUiBDhFILGo98i9VuboiA2GZcQUUruaUEitK+6tP2AEi/8AyV2i3SEBm0h2aQAiAENcQocLWV6osBCFjUjYiIFWBS1LIxS1L2FpkRS1CGoi0WpSLUpUtERWrEEgQhIFSQy1oli1IiSy7kawdBEi0laNatItQrCr6KmezrpntW5NTLnrVy+bXY18y9XNu+rbxft3M13451kydyol0cXG2Njhy+T3+kt9PVzw50SdDXm4v0Ivj1LlrphV1LDmyy0Zpc3k1U2EycnLrbNeeQ8mtrZL81EO8ss+aksu5oyKkZmW225Z7lu8sM10Hrpc6slukmsVv6s1BrmRWo+vRY1rsGpPXM6s6IA8U2WFIzDTXdbYmSPM+KM5OlxOq9jC78zmLS7TXsFqOJEuAvD5tUM+Ge+miJSZuay4aaeay4e3tPPqYkto4zP5W0R/pQwQ5qZbOutrKvwawFIBN5J0yK17jOrTMZFfEj1T+oLqsy48xPRxp6p0UyHRQgaUBFDCVZVzscHXZIjpFXiatS7ky4L7Y82KWXTW3QzSz3Lvz0zY6Xpvg9HwMlTrq8hxuV06d3geoTvL1fn1scrHv/TarSXa42zy3pXKmte56jh5Z0eqdSRh0YWRFHuiWhayz8GikDSBEi1zoURGmFAMVYaJsK0QoUWojUREWBERAdL1LuT8xR1qUvVBorUBBBAsKulDuQFlB/hRuov1qFKs8tNQChWpqfBQCWoCUKIIFUCUtSnEREalFiIiQdHiiJamdOaiLDY04sKCOsUNqXdK2WpYgbLDUr3XVTqk9VOqry6abtS96Z+qvqmwadsvqkbUHYLWnqq2I2VuJFej9kJ2DdKww/aQ9UlSR3VTqlqWYTeqvqkog07JszLWDWnZTOpaL6aVM/copp2BdEokfsrqkbJsIj+qHqlbKSO6ouqziRh+8j2ZV7KnWlCdg7UsLQjPtSbqJo2DuQgwVo2TafszAMP1q3lbIYhY0g2Iug/+QxRp2Kume6VtRkVO2V1SN1bjTF3lc/m8rVfK5Ezs876hyqy3+ryfr+skyOvPOtGbldW+03jz8mbg4uq72Hizo+X+3617fz5Z4Pg7pTigm+Rjh5bXbFsmbLKZs8uXya2tgX0fm1pzeZi28TLoi8roy5d8emPkzq6ubPLlcmtrMTKvaWfNl1sm8rp4s6233M9yz3npXVbZ0HJlgzOjdbEZsW0NcxztY167Qq51XirvO+tZMjBSulUmxllflDKJWXm80jZmTFh3im1KRvNR0ZV7d7NfmHbvPNTXt+xkeDDGU+MrKNx+Y7orb9g7lLzdzJc959k5jEvCvPXxBFaoJz71F7AutlX5qaTPn8wNWoLnZrUQKPNoiZX/AIaSfAKCcql7fEyK+JcJ4j6ca4poimCKaYoQHrguKNgoZJuqtDZiZckseaXTuWbJiHPrOU59z8lYeRU21Xi1Zb7e56ebjnY9X6JzqnXue+9G5XU1fJ/R8+tTs+jf9PZ5r8zT1fn+nv25WPYRRsUzYa2Oeqe2WkAYpbbFq9RBElKESBWCiBa0ZEmA2UYpqVEIfqTcgUKIpplEREkEFBYkBstXzTUgbFADPFENgFdBSsBqrVaFlIlBKtBQdVqsNQOqtVoiiDRnVhahKOmKRLCokGpZtKIi0tUi0CUqzABVQRWE6yitUUBai0W1Iy9chXVV1XSuunIVsLZVDQG0h6qgpm0r3JTYMm7CI3XsLDKcjPsLYHRjJ2UrScsneg9xvRjQjLsmww2H7A6oEZ+OdM6pe1IhlVq96V3IikFqIitRhWvYvVZkMM2VsAGiVp2ybA1XoiLak2pWodVjWr6tC2ovtWfFeQ9k6tAV2gUzak2otaZ0zalXVKCmvLF7UHelqFU61au4Owbpnr0tS6Iz55n8qunK5ufbtlx/TrI68zWT1Dm1V1qzRPVT84trbONgfK/T9La9PHLocDFM4WuKqQYZ7GnpPH109UjneoZa+Dn/AOXZzYp3B0sbEjprl615E235tZc3k55aYsZ7YOSdmys2akK5fJy1LDmz97o8nVzriW+eKzeoVdbFWf8A4Zc1S7znXPQXRV0K6BZ/9MWq64+v2E6hP1lV9y9StvJIy0dQg9WpDdKZnotEUKio8DNuw/bKMxS580nzNhpAzSW23M6Odc62zqkXsYztMHThvwUiMsoq/BL7SLatxSCRcKsyaMKvusyJAK8usGtVWapZttS7qqDC8VIf1Q9Xe/1Cjr4HD0/JceZzn45MFVHapZ7nDScTX8yD4UiooPguGjWWQDZN0vUGxRsUC6kOwbrZuTEz8lzb+Tp5p2hkvF3tc3BZrNhrW5p7L/p/1OZ1mqeNuD+Hl1uXr5slcrH2r03nzkjydWM8vnn/AE5zqqZ7nreNlqnojnXYjLJ20ufFD6rtyzWzZW7N1V9Vpz+H9Wk2ojqg64rOtW1K3pl66+qFrTvS+qzdRGjK09XZNmYWzWL6dsHYvqh6oDQonqq6qoPRn66uqIjlWT1VdUtSnq2I6oeoGzkJvKDqqCnpszdVfVQO2CXvKbygYrYG8q2kfCPZNgbymxRiEdROqwj0L6qdXZGUy1A2XtJ+K3RoDeRQZAYFSKRC1WrZXcVqImtK1ZKKWgAEGprRYgBhWLHpEUp0Qll2AbTpuyyjDLoTZZVoNR4QbBApuyBAjp6A2WZCIKlbE/F3KtVbi2GrVaiRWwFowXSy7UAtk2LRIewyRbNIxWwdlbKmQ4JeybDFpigbJsfqPAXsmww6MOwQ7NSLR7LugBUgtO2TaS0Fh07YGxSDAPalFXQdmVJrQpm2BeVz76x2k0nm0wfme9qz2VM7Pnfv+v8Aj0cReLFLTGI3jYKa44tPmd3a9fMDhlquexI49SdrWjn005+aWTNWsU6OeHO5M9lJ0cXk563pzOTW1urczuwcmZLDlZqqWHNkp0OTUy5fJqWoxS7yMOak5NMl5adJ7cqZeUm6KugbO9mM6K6DuTdKvJ2Csn7AumfqSLZSYhIpFh1BR5hRKG7CiiBbUJA1R9gfIiMpk18meuS3bdhFz8iuoLbZvmgvXvasM9hDRhNuJVyq+0dl34KVE3RO3embzCJMRuyroBd0Z7OGdUrN4FXVUBqQCgRWw/w1JtOiWBX4dbfeMw+K0XeUoDHUw/zTeqnuGWvBWPz/AAp6XM8prZHIppjMwGxlYsl+r43xnF7lkixR3M+Opq2ql9wIk+JFuJQhRItT9RVkXLbqReKmZE5nKnsZf5dDNLDc6O/lf4xZ/XZ9C59Y8ur6L6VzJzz5dz4/Fa3tL1f/AE96nW0vV+fV6y1w6+vp8Ua5PD5W0bNnXl6efmhu/OuimeMp0Vs6a5WbdGnaWM2jV6ymqkGheotQbK2aRqFdVXVbxaNVg2VsxYdRS0Siloiq1FIEwKsF0PVWpWkq7h6huRi0N1RfVo1Wqp0vahbL1lNRi1WybUlh7ljIu4PcvuVaxJtSdWgiF5Kb0mwUOAfVTYtds4jOqPq/szLJa4y/sPqyw76p1TItdGMsijLLm9QXVVDpRlkcVNOfGUcZWcTb2p2sXVTqrE2doN5ZOqDqrE3bSq9WLqp1S1K9XsmxaOmIW6A2GEg9woLEpaIlERSJLUiNSo3tApSSLUhxlERFgRERYkRAjGxBVstSoSwIsQ0UiqWpAKRaMId1bKQ4aheytjfYGgRGNX0pWy9itkybsm8kbA2ljyMjRsnVI2JzV2U52yNSHXlBeVgvLTPeWnK/rJcdfF0b5Ele4lzvzdLmnj/X9bfjtzMb57m/h4trcjDTv+nztq+d+nVv16eZjoYeP4tUcfVo4/H3g729PH1cuO0YbLbLxBuZ0TTlZvCnJ5PhTt5pczlT2U6F5vNtvTmcnZ2+TPk43MOay5HM23c7NTp8liudmmK5HJY7rZ0+TiYc2LV35cema/AloZ68mqxoC81fEd+LO3yEREaQ+rQtvyUvahYjYy7Gsgt6HimoN9sJFbQmfwo2AuMuxsMsdvc0RWzNjXwyB4fAgcVoFrRdHYaZrnaFRk1Zob7Z83i0xX+iycmviEz39gbCLakNDmr4kjz+YHSTAgfwv8BajHX/AK0a/wAKF+Fz9akWiI6EKhhY7iii7/40sEf8n/3EjUmJjOVfcKFfbPXsW9HxTOLbUUyN0U2YqcuKnybsOeWP5ga482iJZIyy04crCO1lLnYMUYk5/J4uzj8nBrb0duXzJmm+fQ6+OHfZjaPTOV0rn832hz4mOo17no/P6426+m+kepzkw67O3hzvlvpPqNY7mdnt/Tud1Y8nr5uRzr1uGuw+Kefw8xsjPs682Viu1smzmxVGRVfZ0llZbtk2Z4qhlWG7IATWM1EChAkBA1VEQIlZiCIEDViCihX2kBtWwLpSsQtlXWwE2OJSrXsDeVhEFe8pvKxLV/kF0myvsGK7aBsrZNr1CPYHayKpFIsGoiwKRCQIlYkCl0HZRUX+Fxr8S9k2OIzYUUTsvZmxadvsonqpsMiOQnYUUviMQrYUUE9gCw7Js6tyIbANVsq3TEL3Xs1owaAWzahIBGVaMKIpRokI2TZpSmh2LRaDV7A2L2UoN2TYlTUqaVFbC2TSamRKtlbSsGGIXtItgcEgVbM6ZFqBsHYWkxC9lbnVRjJ2TYajt5TeSBHViXSglXSvX+NLzM15dV5qc/Nlcr1GpD75TFm5lKu9iLxbPN+v6ZPTpzzovzytg3yKD+eHSdCnh7/S67zkXVNxUV0mzh4Hn7/W2ZXac428DBtb2PpHC8XN9J4Wur1fCxaw8/XTrIfGKcUM+amjNXYwb97jY6yF3NWu57GjaWfNXYYa52bE5fJn/Rp081ORyq/0aa8mHG5M+Tk8zXudLmZXB59Ny4GLmVLBZvJ7WW8rrGKVyalhvuOzUz225dMHIlndG52hmvEeWKzbKvwoV4u8m51dJNAEHPmZfgdRCIuJ3aSkFrUhGJcXqPq0WtEy8tXAI81gUVmNKAw+JrAacPgCJ714a+I77bSOjthnvusXkrUWai78Ga/qdmDqpMRN4pmCmnMRpTpLqCpaKKqWi4/3VUnvEgagW1pvoN2C63+Ji1qlIj/k/wDuctFR17QYEZIwqApB12M6KIXCs0SupxqdDD4OZhrV0cNdjnSeK0ihdLYImmTNLdc6wzWr7TkcyXM5MduztcyXNuHbm5WLGLDWtz+XoPSvUen5OFeD+Pz/AI8U41aW9PNlcuo+h8PmTXyd3h12PDej1+z0/DzvRz1MYsx6HDR0OZGeT4zukFdKKHswRnPjK6MVo2FFM/VXs3PmsVrVsRsjoyPZexaM2k7qr2IQxG9VXVLUgb1VXWxathqMD4h6pd1shq7pWwVBWrDa0MqwCDApWhwqwqMZq0Kug7FaehG1JtQWnoT3fJBq021bAUpFaPZWwUK1EChZwSBUCMKrorYX0jV7FbJsqdMuk2L2TYNabsm2pGybDE9uKDtdVKe3Sl9y9hFgCFBJkLT9GiItZxaKWmUDdKugGVIFEMSIiLUNQUBxEVsh1LRS0pEWpSvV/hWIGybM2iUewdlKSWsKC+zPSIiHFqIsAsUokDsJFL8GcV0VdM3425/MysHV72rmUwW4fpfTcFGXvaONW1sLTh2l4e+r/Xo5mzXY7dC80yTiygvO8HXWXHo54Fq38DF3ubhy7W9J6Nx97lzdJHovSOPWk07sTrDLxZnFhld5XPrpoedg+Zl2z2xHSLvLoxZs6s1OZycrUFTNyOynKzZ+yhZsvYx5ssmM1gzZe+nM5Nd7oZqnenO5Pm6RnXK5nmw3Lo8ljuaarLDcs9up0mfNgdpGK55WbzbrwUXeAy452MNyVc97XeIGpixl6VB0/Vr1TVplj6ciiWm8XYX0qEunAdpFz8j7AZRWcR2q+l+p1qUhUTtZ+srhbgt1WolrZOYCO22vyZ9e8+PNqTWTMM7Jm7T+NJfJlJnBqZqG/BS4CEWvVnWsrJc0mlNWq+k35DGTSk0pt6Q+lJ1OfpS4mqb+kKcEs3vEw9JfSn4t9zIehsp1qYOkvpt3QlV4JF6THrMkOh0i7wGXExo05MAelLWr1/SDsU/IYmb16UFhdDDXYxx4GxTFToYa73QjJLjRTZhpmprsi52H8EMupy+ZgqnIzYql6PJ5OZzMXfs3zfWixxc3hTJHbc/l0s86EXPyejiz+ufXqa28LP03oOHyap5nD5PQcHXSaejm+nKu1xs9butFbOPxqmXUw5Z0d5fWst0HxTHGXY+HWMdemkU+YIPhvXMcICKMbtSKRDoRQi0ksvYdllD3oGyI5qogBG1laKRalrUilOAQZdpqqVspRZqKQKgEgRKVIiIkiIiQUtdqKREhBqCiI3hwNk/+hgLY30sTZACZPktFBQ0xSkJj6Iz2cVbO47ImqGqonUQgoQSAXs0xfY1F7JsyDC/8K2UIkREKUiKVqEC1INaEi1K0rWFBqxalobEpERJWylLHxfRBCHYo5CeqDrpNQC+qPZM6q0WAY0FkzU03/wAbDbPUyOkrBmrvJ2nxMzebLfnTyfrXT85txpxRLTGrDio3ang7vt6uT8lTLJt3l5LpI7rebq5XaOj6Ng6uZ9A9I48zEvJegYNbe34XY5tt3jBN0PZnunHqt4Vmy6MOblC5WVgumSrNyacvk3R/K5Eudmy7Nc236zaTm2ZL2OvKzXlbzWSrZc0td0TdS2HLzSyXLp5tWW5PIrDdUrZovEDpO0rC4maX7bHRfivq6mUWJfDxsWbjTLoRnKzVsrcZxy7wFXOro3LNclYyr0M1NiVzNNmMV4Ge8evxduMWwb4oZ8XF1/Ao1a83GZuhTc9LxDqDU/VojB8kvFzUb82OWfWVhkSfA/DJcS04fMxnGjDJOae9viexjvzorGXUi/ls3WTc7KqMevfqvpNM49raY4zJYIkcS39AyMBhxijAdGCWyMS+lMq3FjHGDvN6H6NPaLZjT4sPtl9BtuppcSD4sHQV0HT6f2X0pLORyekzZnTzasWaVJosYbJbMssty3PmslV4A2oy528i7xdnaZNS+oOMvez619RYPM+KdPDTZhyuTh82mJpjE60VNfIxzY2HtSvpH5q72bkz2CJ5OUxObypZMjZmrbZjyeFOvN1z7mzC4p1+BnrTVwcPn+W7BWj0RxsyvUcTJTo4curh8PL2Onid+ay7vArZ0nG41dna0xnp35c7XWgzZjw5dmiKblYMSKDtst0hxo2QnalbHQbsG6LWmqmyKWKxVIilnplEWoWIIkRWJaKDtqsIyrXdTZSWiCirM+hYURRIiIUiBWrEsQUgJF/+yy1QgV2ESqUaWvYmzrViwWtVgxSBMZrOaWgy2tEg1qWm49/A95J2TZh3tPCTsmyYtNLtWwTAggdyG3UtEDsBRKAvYWmQWwOqzczLrDg8n1bX5C0S49F1Z+yurP2eQv1j9gX6x+yxW69r18f2L6+P7PGf3U/ZP7X9lGntPdYw+6l43+4n7J/bfsJU9p7qQ+8l4n+4/Yv+4/ZJ7r3kp7zG8J/cfsC/Va+yT3PvMae+x/Z4X+4r7L/ta+yie499jB7/ABvDX6nX2Kv1OvsIXvPfYfsyZvU8c/J4i/UMhF8zJXya+B67N6xP2auBzur8ngurkq/J6L0Xbt7hE9vhraDNmXh12H7NiwaB2TZmxrAZmO2i2XMz18bjn5vNns3k0xXleT9fjp+c9mr6rN+cpN5Xz+/8erj613lFxq2tzLybOv6Ng6ty8bs9T6HXfL1EZdYcTgcXpRNN1+CbdSORJGbK5t8jVnvmubTRyeRLl83lTLLzeZu5fJz1THitac3KK68sN5Q9V08Q0Xlkq6J2U1IzRXRV0uyrmmpBoLIuh5u0rZqTAoqzlNSC1huaL1p0Lkm5M9M1k2/VNmnpbBvANwkbbBuWjoK6VS1pxkvAHWnRiTowT9RLqsYeN/8AvNdzsHNgryk3DNfIrGa8GxF8V1rxdhHSKxx74o8OKvF1LxSx3WttS6MZ7wM14HUipqAXimlasczpam4Z75P6EmRjmVLoxpuexy801OzpXXZqxZtd1iwmJ2PjAbxsW0GeKsQMOKWjpdheHzb9exkyMHS7zYlr6adNIjXWGe6ndozV8WTVJd+AdTIk2JmUgRgaNdTIqQXUollZqr4ivLMle4lBm1oqpaM2edO1lutlLgpdyVeI8N+DUuOTJeIq41abKa9f1Moh3JF1qk0RUtOHLLldWhRVb+TWJ2OpItnMiqaYpjE1M2ZNicwxMuXxZcnhTZm8KY78KduPmsde2TF5tMecs2LzaPw7/wD2cO/rtcPK63GyOBwprtdbjbS7ysvQ8auxoimDj+DZDvz/AIw6HGaPJiwtUOsc7TYoyKKMhpaIQUKEgdkMQ4RFhlSIgtCKRDIUWCy7o2g26LugIsSrSKWmqtSBEFlnUUtCdUi1NqIrZCxSZsmxCxpk0ewdlIqzi9grUMWotWybbIoloq0gjAKElgFaJItS01HuO5ZPVTq0w6HITsmx+D6ZsDYGyKCw3ZWwQnCPZe0s6HGdNugqDdM41rm+q5ex4v1eq37Xs/U8VU81z+DWS2cZecusm4nV/rP1M/rPx9RT9cX/AMqF/wDk7X9UbHpSntp5/uFpT0f9T+qR6VLWp5/pUnSp6iPSZNj0z9WNLyfSoXQp6v8ArP1FHpkmh5L2dD9nT1X9cP8Arv1Wl5P+vpP6+nr44Mj9nK0Y8hHp9G/1X6vWRw5PjiyvieO/rK+rsem8WsTue1kzDgmVpkHxvi0AiTWgAN0mbzCG4C2fM0BuWO76Mjl5pc7Ngrudjkzq5+anl/X468fXKyTUl602XM0HpPndT3r1QjDi2t6z0TBOLVwOFMzfc9RwKl5bddZHfw3rEg5OeZ2Kiuxl5OzNroG8rJmqhM95ZYOstebNfyaM1MGampdSrUVt3i6pjNo1bSReVnzZ9WpNYrReeZL95Ll5s/eyXynTnlnXXzZ9itnM91+fsZh5Jxa6UiIw55ozq/g4KH/I4D1JMXifiAo6JTpUpFayq2aLxlXjYOqimrDU0zaUDapNmHXU1lOnLDGejY5J8k0fqXcripo26ky6WO5cXmf8z0Fy5PJ4tVZ3FWXjy33PYVxsGrRqrdBcYl3rovxLukGe2e52arlInvMWHcPF2LvBW7ZxpnQ7pKTVjDGLW5avLUXTXErGpFxIkLumlhd4+/YHS/BmxV0xKLAfMu6XeUi6lM2h2oq6oy6km8smTVodapXTpPdY5+or5mMyYKnQ+yXj1I/POn7L95NHr1cc9S5L/K+vNJ5sW5ZUAqztfqDoU1oJZeT2ttzUsmadm0xiitB3MzBTaN6lH4cn7MYo82fFN3Vku6UTmr4iTUmaviyZvA4F+FunNys9MuHzOIxeZ7pXn7911PT6l3OO8twsutvQ8PL2S9Mvpl3+NM6NMMXGy9jRFOvFZsdDEfBHHo+POnaVx6+mQOJBhNa0aMNiCo1QwZCCajNqkWpBFJYUhLLTY2GVdlWmyrpYrUCiDygQQUZ1WIiKTK1Iq2o0YhGybNjDbD2l7INKWAYLY3GtRFLWsagBotWgtIGoxatSBVoXC7QIIrWWOKVhWirRW41HsVhEcbRERYkTYKHELZFLWJSkCsZGXc7DRinCLlhzcXZ0rBqzoc6OGL2st2q9QbMZPaz9V9CWnVNVZjRHQkfQmTBaqTVoIxSvWVosWg6S+lIl6moGsr6Ui1UMSulKulIkOIu5kWo9U1WLQjVqsQ/EMLRoAtQrUzW4HxJvKq67yMzP8aZeTnqmG52bbkm5eb9bkdOPrL+cSa0b/wCinzv0+vZz8T8S6/ptVWrDx8W2r0PA4s4o2eO/+q6t2HwByddA5sszGsMPJz1p5CzTpGbLrdMu2zNmy1uDqjCfmy9jmcnKPNlYs1NTjBUvKnVZry6/Jz+TzNXTmY5WureeWTNnn7OVfP2+RGblOkYtxqzZ2e88sl5NvkTdFnWzqJGVivKDf9m1rr4eSfHK/ZxB7UzfbWu57r8fY2OZMvN3lrQvqZPtS8Vr2OH1CTf7GXi4y5P2NjPk+1LFr2XuZocVjp46OZkn5Dj1PJPyWLXsv9Mm9Xlv7X8/Y2PUaPiZ07yONPqBkc9m+juuxFatMZNnGjlbNOHODHQ2Konrp1EpTv8AAioyAvIGmXmVrbPGUXJra2dqzU1bNMSwxTZt2LE24a1F15c7qfsG6qhJq8sdXqzSXn1cfq1Pkl59ravpeTZfKK69Eb/Iq8n7CXTrXeWmbNyWXNyfixZuSZGL1jbfJpmrmUxXnpW1V8aXjaxej75lfZnrk0v2tUnssjp4syk3yK+wfcV9hXwq37k9pq34pIqrvuo2KDGA3pMdAUZO90ONWzn9I6KqbY8U6uGZM1mmGM/YL3Wo1H8nBNOZmxa21+5BtORqROdcsVupmxMGaO9uTF/+M5kA1WaJMP21TNrXiTsZh8xJi+F3AGu/Aq3TGPrJ+cWl7fFY8gFLrj3PZvF83e43xcPieb0HD8Jejm7jLr8fwltie1m409jdhl6OJ6ZrRxp7GmCY7TIdvrk04Rgwo0wMZZi/pEioW0cRSLTKiLGBJfxCiJKVa0aOAXrVHYMVZLdrjendm1PJ+n6zmu3H43qPPa5Pqru+r0t4sMsPJ6OlOf8A/pav/HrjbCigVruH+HXn9ZYxfxsN2Kuk2S3WVzvIURHTWUWpBRqWiJDKUEVgQGgRJBRESEFEJRSgiEWxeyWtqw4myItnGnthBW6NRaaojOoK1qOpEUJagosCtZEtQXOxqVFLEycCgg7T9ToxA6r2XvK0g1WJCghFqBIYgrSWUYpKVAi+aIoiIiJAh2TOIgUBxaWou01KAnMMjN5sWNE5SvhTRbPby/t8a/P/ANM/5VCZK1Lw5e983r7j38+o6PD7XXw5a08nFw06uGp0eWushl7UTm8DryzLFmzyJMX1mvF5Md1qbmzsV1texDLzM+tuZyeZW7XzK73H5td7dc1czmb/ACc7Nn2DmryJdeeXO3TNzCDtnTf9FOjBsL2qsOUzrs26C/az9UjhydFbHYVKSY4cr6EteoLUuLGb2sjj0+aM/wAG3y5xR5KWz4sJ/rP1T+slnzer/ifGmX+6/P2dPGrGy/T9WbNxtWXN6xk+zNfqeSmpzf8AE0Xxyu6Sb5uT5SP3U15Hwv8ABo+rX2HGet2W8s/ZWwvOLz118PJao5LgxWjXhysWYddyM/7G9dx45Wo/eM2aZ1jsdcu87ne5qjoqqHi15GbVSLiuwq6Zzxa8miK7zbyud19fqXfKbtxnXS6smbOVhzz9jfdzMeQnF/gvZnJykddl5PLmmW+V9KdPGjW7NztWe+fTk5stXfkZG2ne3OMHm03yKr5Cjavky9WYB7qm7L/Gd12cMY/k2Yawy8x7rL91e6y//wAxeEnxPXxn44b5nH8e15D3WX7A6t/b8mc4PJ6fNysJPVx14vPRkr7NEZcg65MrsTq14cU5XN49djfw8+rzdzOi1+zBfFdDDkmoDm1GJxs1VPaRdU0cme8iz0i9qg2MpN/7qWo7NlY81d46qYZLrTudOZoX+FA6v2B1e/ZvxY6+nG/hk9x+hnVn7SZzl1fG3aQZ/Bl3n7yJr1/WQ/mgl4u381sLaRmenPqbWriu5xMmsS4fFdbjeDvPuB3ONyfi6nGpwOPNOpxtph6OPjn26sUfDDh82uPN2jm2QH5FwJ1wYIcUUJYTYpexcImTdl7kJssDQQHdewSbL2CiIBwh3CnbNLn+vWR04m3Hd9J4U9Gao/m55xdrTP8ApcZ5r1bPVXT4/wC/6bcfU/HiSayc/n6/JweT6hXd3Gc+qpxeZVS8c6v8duuYd+PU+91uHyevHk8fnrV0vReTrer6H4W5NeT9Jler/IS5rYx9Pmenh7+qUiOjhQIsQCQtSwktQoXaQFootIFBISLBYw2mig2q1tysyBFCLGuiwrUIbHt9p+ytnkP7Wvsr+4r7MWtPXdeQe4l5T+2r7Bv1avsPJY9Z7qQ+5l5T+2/ZP7P9l5LHqfdSL3jyX9mD+z/Y2p673ki95Lxv9n+yv7P8/Ybqex95KvePIf2f7K/tv2WrHr/eT9Ve6l4/+zpf9nX2GjHr/eY09zjeP/s6V/bUtWPX3zJB7yXkv7P9g/2P7LVj2HvJT3zyP9j+y/7H9k09hh5U00bbPL8Dl7X5PR4a2hq+1DxFmD4rFouFNsaihBBlQKKTQrCGw2gNCO5NkdMDdL1BYMqmbM0s+au8WNls+ZotlzU8n6/WuJ7Yr23DCfmu8eF8n9ble/n40Ydm+MusMkSPSnGTXRWbmUyXyKoWaWbbUJWbKyZuTUjzZZc7NTcmMWk8nk1u5+athcmu9num+fblSMpRtg1dIMUhnSlfSOLUihCjF+otWbEuKbuNU0xdKlxVS1rcjpXlmYc/k5xf6leI44Oau7Uhj69MnJy5KdK/Ts092v8A+6zXi+Ny1yzY4mfzKbc3H72e8Xf2u0rMKSO0y8Vf/IDUs/h+jvLtBHcYpTJ8ZwH+TIupUtGc4fF7ndyuHxarudnh8ScjGz/Tjjbar2r7OjzPTKn4uXe0X/8A4syLHQw02Rln7OH1dfsL3dLDlrudefsReeXI9xVWK6/YWLHRvPP2Zc2dm2/af/yJzV8Wvow33QL5FV4kLiNr1byT4sXtVfI7i4qv8uhwPTNu63R9tOK/EW6XI9vrHizcm+zV6Lk8Xq4e153mYKxXSk96mZVrRoWbMLCcrQ6x4UATlRPetV4TDO96uxh4esE8LF3y7HT2jWXPq61Iwa69qOnHp9ZPjR0elOFuumMOHPkmDIz0Zm41YiekNPiXmrYnVp6S+gKzYxV4kXX0bM01Ln/OmuYzhdkZsv8AJmbwZLd+IzvrVBRHVzRERJDerWmpSJC/kWHzLNw+f5Q6+N/C83f42PZ5/i/8j03Drsl15n9cm/jYG6JJw12t0PRzGFRLVPmRHme3PUYOgReE10lCIpGtA0CIjEQK7QUiBEmtbgkgKKDTG/0mf9bZzXc9Kxaxs8n/ACLj0/hPbpc3P2avKcyu93eZlcDk91vifrdr6vHxzOTOzjc6XfuXE9SnycubrV+ODyF+m5f9WQ8ntI9N/wC8l9D8Lteb9Pj3vHrsk6GfH/wydD63N2a+X39GAa2tcrFQi0ESLhS4X0JYRWpJSIErUGWrZNSDui9i7EZCiKW1KZEUtQaiJCJBgtef2/aldT9lEvNK20bftSbftRG1B2JaOp+y+rP2Zdk2Uoa+pItv2Ytl7K1NPVXszbK2/Y2pp2TZl6qdUFo2/ZNv2ZdhbK0NW9Jsx7UrqJNe37B3r7SzdROok1RX7L2pnjY7DNIu56b5y9hw/wDhl5H0qfF67h/8JlwxpWFbSwcUrYK1owWwVAO6zIYFCrH0iulJAV9Ql6qWrGUKs0FhrksjMeRyfBm11kZrojMeDV5v1uTHTj6wZMdDxYqa/wA6inV8z9vevZz8M40jtcFcmtYeaukZuS5eamnk52G+48i+ic1OfyadDLPY4/MaYtYs1d5N0K67yLduXOi6odi785G0D4ofXZRLU3xk27R6/szYnR4ePbVzMHhwbH+zmnW43GnSWn2smenX653A4eObnaXpONw8dR4ywRg1bcNVMAyC5PBx18XmvVPSNe6ZeqjOZeDHnjua+LHyzl8WsdVOrm3j0fVeT6Lhy/FxuZ/0zNeMt89sXnXgNSM07f8Ayet5noFYvi5XJ9KyTfi1O8+seM/jg9KlTLsf12RXsMzpOtTm9LX5yfxcHX1nVr9lka/TcdYr7pHXeHG7h+na4WrjYpxWZFdmob2+rkr6bOTimuNVPH+pYpnNWrv8nlVMavO8zLtmMV9kdKl3x8n1dPh4upq7WH0/aNqalZjx18ep+0s1zT0vqvGnHDiW15Ksn5mpa8HHnLr2jw4trb4xTEHdLJ7Kfqdh4+OLPumS8vebRI9Hxpx48JGbutm42Sq1nZ2MPG6sSzpZIrs1cf1LHvXi9R/XM9+mOe3+F42+P+pfQ/8Ak9p/T7fEX9HP1a81leI6H5H7Oq/9f/3XuY/6emr7ZdTjf9PTp4rzrU4tfNY9OyV/6/8A7rpcP0e6+L6JHoGP6tmH0fHi+LN/S1eGPF8D0Gq12l3+H6FM+T0UcWZjXUfSmWb0ccj+sx4o8XP5M632u/zK1hxLnqW5tY514Kz/ABK/rv1d7jYP1NvFP1SeavgzLPeLX4u/yZlyeQ35MWOJzJcfNPydnnOTm8Dz69/6xWLN4slt1sdf7PRwxZ9hSIjo5oiIkiIiSL/CkMuJv9P/AN5ei4ddjz3C8HoOH4OnF9OfTr8avFvinN43xdSHfn45U6KPgmJaI8HWMLN2KG1LkwC2TYKlqHsIg2KaQ02CJasUik2ZrK1l7L2VahsOzxsuuFw8NdzVys/Sh4f+Tcez/jB5vK72Dq7WRmzzQMNd7436Tbr6PLVbh+p/J3Pg4vqXyZnJeZ53+zJ6fWvJlp5/yY+N/wBzL6H/ABvVx5f1+Pf8Wv8ARk9l4X/bS0Prcx83r60whOybNOZyyNk2MhkP7VE7J1TPQvOnpdFdUN0sUg9g7B2QNSJdB2XYFiEgRLFiLAImVEQsrRCgGwoMY1wfbV9V+zyPW+x/VfsP1cHZ5H2dJ7OnrvY/j6q9jP1Cx5P2Nfsn9dT1/s5+qexa0PJ+xpXsXrfY/qr2c/VnP8Lynsa/Zfsf1p672M/Vfsf1N9h5L2f6p7H9Xr/Yz9U9iMLyXsU9i9b7Gfqv2c/Up5L2P6p/Xfq9Z7Gfqns5SeW/rv1X/X19XqfYyL2aFmvMR6dP1acPpzvezMjBP1Rc/h8PpOzh7YkmMWp0JStKgwjWNaNFB2AtGoGyt6WYxVopGrGRBWoRq1ECmxAy7TYDFdOYhGZpIzLGydSKaS7lw/SbGp9BGLYycFHcaT8kvlftc9Pbx8YrrWHO5vK7NWvk05fJnZ5c11jPdbIvVS4HRXJ8HG59S2c/P8XF5lVX5dZXOst+YL+QwusZsZ4mtzViNusxFStGU2Ym/j5dXMij4pWmPVcPmTo6GHPLyXGy6utxs7Ousjt7bD2YsOU+KFpsOhpitfkwbJ7nVS606sVW5+uzlRzNe46PUZKas2Ca8pc7k8HHXxavfY6gu+ZhQxz79Mx/WS79Mx/VsvmYyL50y15DGS/Sp+qR6ZM/E++dPxZ75y8hYbfFwzHcx8nLjntlzefzslfLVyr5lfZqdMU/1LLM7OHd7WbyctVbO1GHb9Len43/AAvKcCuyXbw8zXD5LMTF6087fnTp+q59rpyvmoYfxe23Rjuhy8HnLfGTWDFfQM3a5900cnLsyX5tWCVrw8rV3OH6n2eTzTThrsYpetw+pmx6jNvLYa/Zvw5exnWo9Fh5mPd0ONnx15PKxTfhrs8lWo9bxsuGr+LoRkxy8hw6r7OnGWvszrc16Hr49Crzy5MV+w4r9h5GRvvPOjHeeqsXaHaWL3rUgLmqTDw/kb7jHIPf4xfY0zTVmzJfMmvky5uTj+xg1i5+XXuef5nJ73X9Sy49NnnOZl2t05c6zZstMWaj7rZnzNxyZ8/gx23MnJnu2duL/GLSERHVhEREkRESQUhNweaFuNvC+L0HD8HB4vm9DxvB15+Odrdx3Uw12Odhl0sM9j0c/HHo+WhmMh0xmU5A7L7iytFLJ1BbAUSbsmxSJD2TYr/IP8iI9NiP8psOjGri+QPUsvYDDl1YfUs/e+d/ya9v/HI2O43mw462beL5Pm/3HujrR4PP+sOxly6w4HqWXbYfzS89za/xTHxsv/6zLVznN4X/AHMvb/x/fp5/0m19C4Vf/q0tsUwcL/tpbYfW5+Pm9z2NSI1GMWikKEikSWpFBCUpFqWigo+QkCirOg2TYoTTEq0UiWilNgSqCub/ANY9h2i1/Vo1lNXG+3dn1/VP/Fo1VqCVrX1TX9T1Fmg0/UOlfU03U0smtJrTZ0itWURrSa0YM4ZWZDblWoavstWp3SoHSoyM4oBmtFqNUSCjuM1XxnCjIlECREQjUAIJg3RInksioiKQWiA2FuGTQrUgvt05iIgAZMWXmHfaVdbKtQNg/NLsnZ5/0vpuNnHrVeemaaF+afL/AGm69vHxl5LNrs2WzXWrzR0xlzdrBycs9w+fWTdx82WtzuClcmtrYMrXm2Y7dHOlX8SbadQ6tyYxWXWvsPY+MX6qvE0C1iifsPVm+jqo7mjCrDi8WyJZMVhbuNl1Z4lf+Q6Ovizz9mqMk/Z57q1Ib5ORZrUr0fXn7L6s08x7nJ9hx6jk+y1a9RGqPN/2eZP7DN9msHk9Fev2JuZ+zg/2eT7K/sci8T5O32/Yi6n7OXfOpkzcnJXaLyPJ1r5MywcnnfVjuq+VEXTeaPJebPVWy5qqe4ObL3k3l2+Tp7c/qIDb4iOMW+2nDn6TVHM2+Tl7yLZE/lVVWQC7qb/UPVlqxW404b72i6nRh6s/ZOrP2EWju+9QO3fYe0n6Ig4rQCMGVqjL+xuHLUsB8ZWfE66OHPTo4eVWjj4and1MVTUM3luV0eNyqbveU5+KZmD41+zNmHWr3lK9/kZ+1P8ATli8tSnf2eQv32ag9XGHr4VZpN6+SvkHu+1F+6w/Ffuceis1Luq08mS8tfZeblSw3n71zyLVcnLX2c/NR/Jysfk6SYxapmu/i1Ml+bpyxS/wTyf+M8vJ4OnNyuff1hQVeQXZhEREkRESQ3j/APIUbg80LcdbhT3vQcOex53hU7/Drsdebsca6/GluiWHjU6EPRHPqodADYdZ7YiK2pammavZACDKBXIlW5NmqCK9ZLujhxa9S0/yMMg9VXIdk22Z6vtqL/M6uPz8vc62WtcLz2atrfL/AORfb3fgZhp0eHXc5mKXT40vHXsh/JrscHn13u7yfBxOeLyXA5rn8H/ufw6HNc/g/wDc/h7Px+vP+nx7/g/9tLbDD6f/ANtLdD6nHx83u+xhRG5GEEiHUiBUtWrRS1WdEEQQLVWiWG2rRyvaVbFCA0NqFYTK0vYQEZ+r4uwiRrWpHu0N7fqna4uha9Ro1FQ6i6QhLWaVqYilhiK1WE0fVXIB2oSOk6LQWq9UgotSGoWu5pXcMMg4lLWBM6pakUgtWpY1UBWpikQaoNDqwCKXsZWLC7Ab5BuRragiQN+QVLQDSs1AMuSXO0y6qyPyZdAcf1vp24m3A/kWyfku9nyv0+vfz8wGaiLpd1Mk3ypl557bxn5k7Q42aXU5mfaHLzU3ms2E6Sy5vrq02zZpp1k1ysZtVwZ0jIxV9Tus0BkY9hxgbuNin8LVOXP6H6l+1drpyHp/qj4ufh4tNMYKlojFX1NuewHMZ4lLkZN0NaKzSRdSPNTDdd9Nci3DbyyVdE2rWvs256ft+xkUya19kia+yDbtjFtjY9aVrSUtabyTJGbORc0Rcd/kuZh20y+RXwIvkV9llX/xuk9mxWSt4KTSvqKJrd0+H1zFR5nqEx9Z8tCtYlIyz5q7aZx5vMDpGkX4qXEbFCiqoceZkRoNi1TqxSIjDnKq61gPVn7iudi7xdnY1y1hscjXxpqjn5Jc2JqbOqtTYLcuOrHqeTTU6PUacXYcVo52a3rtRzshnuclfJyoaIpg629fIOOpTNFNWGhbh1fSyG9LIOMjTGSWcWsXtaJvjVLqdSSrrb4nTa4ebFRXQp3Lx7FXjmTPbNrkXi1hiz+bt3MufmxS3PTLEWZc6AtoVhv/AHAfmjUh3jnfqIiEIiIkIWKtbLEZNob+L5vQcOuyXm+HX+Zdzh12Okc7Md7jU6eHL2OHx6dDDTvy5dR0ooezHFGRTvyxI1bKLih7JmxE2LulISG7JFFCDeLsAlGVLUivyefdSf8AukLM407W5fpfrUnvE5OL/wDVnnPzPfT2PMxa8bV528Wr4/8AyPdfS/GZCMM97r8aexzYnvdXjeDzu7NzPByOe7fMlxefPYZ2a8/y51hzOF/3Tp85z8P/AHU//Z6Py9OH6Pd+nf8AbS2w53C/7aW19fn3Hze77NEDZbr9YEloiVCXZzPYZFFC6hEGAS6ZsmwYWcS9ihKOM2qCKwQVYtLRLS1ULtS2b91pEQSbke9REYKoMLgcNYpRLUgxIpESQIkK0IRKSAZvJYtSdQFjAzfZiIARx0QKIsYqkWoyMItWyRSsMWiCWLQqWJYNZ7QVls2NSD2TZQTENQktklqWFmwpbPZt0RbnW8KV/wD6XY+PO1y8f79yR3/Kez+Ni2bP67Zo42KZbI7XzO7r3Y4HJ9Gcvk+k6vU8zLUuFzOZk7u1g487zOLq5maam3V5+eqpyOTlb8sZpNguV7bDb1il6teGZpWHBs24cGvxG6ziRgkyOMfhlojVNYzRgO6EjTYEHSknLrOxl59Yc3mcrvIoc2XHLHmyyrNWzPbWYEvJLFeUy5ZrdGKnUTryRc0S1Iy3xnkfXlzV7UcON/uZDeeWHYF3TU4k+CtnuCryzRG64S0zuX7equWjDEy3Yen8jpc/2uSheyp3InHofh4s0xqsee9n+CM3H1esvhy5fM42qnTLhahbOTiqe1l1oytRlzTW4dWsOrfkzrN0qaIjQaK9W/TFC1pGzh8eqZPwOHi7NccOZ+Ldx8EzA80q+mXNvBjki8E6Nt+ZV6ufl4ly8+LUm/Bt5LHm8HWVn57I2P6vYzLjzdMbvutcZf2N9xTLHmc51WH+6o6OUwLDP11Y5NHRzKcqMvYbtszjWuvHKk+OS4+JsxuU+4tdGM8grLLPAmpPegvMwZu62+5JvE0nPyz8WS5dS8RF4lxfWJzc09lMbrXiZM2B346kntzvLEgvzP5kLoyiIiSL/CkMuJpw07XDyuDh8/y6HFtqXfTn19ej4zp4XG4eV1eNT0c9OdbDCYo13n+uZ0HbSywY1WcEiICi1IsS0UikS0Uiwyqpp4HmzX4NPAp5v16114+nc/L2auR+T/UM/wDrMv5yvlftbd19D856T5OhhYYbsLyuwOS4nqTu8lxfUmoK85zvk5uD/updLmeFObg/7l7PxmXHH9P69v6f/wAMtzD6f/28tb63HuPmdfRbD2KSHSRi07ZexaQRpl0RYrCsxndSDC1xRWtEAsOytktRSIhaEQUNoEirUy1EUtA6RBAWJWo9+hewxixINLhZvsCRFhKRAoIMCNJFbL1VqyRhVsmytakAoVhVb5ikWp0kFoUEixi0KCRrGdBqKJUgtCCRFIdCiKZMBYV2VdasWtyaIROxuw2HFosA0yKLswu1aKWRlNsn8uHbcD+XQ4OLZixebscGXzf26yV7Py+tWGdWvUfF4+zoeyfNvT1vPcyXnefPk97m4UuD6hw8fd2ty6Hz/n+Tj8l7Pn8Oe55XmYNbo0fWA/DsrptWHA1LrNa+NMt0asmGWzCbcZkM1Ddar21Zc2dS61g7yhvIwZuVqxZuZs1gbuTnc+8uxF5dgqI/YHUkGwLaZXdSx5mnWi7xmXGbNZdQXi2abktqUWE9D9k6Ry2/O/1eLN0qV06bNaHob1J9Ga5uv6mxjqm6ME00xxh5afGudGKpNia//wCXSjjC9t+rPXZnFYYy1Pydj0vLs5ubi02+jzqtOO1c9jl8ydnQzZdY8mLyZVjjczF2sFy7+bFsxZuNs1mDHF1U35uNqT0/w15HJWUWlNUYv1M6FUvNnxYNK+rqcCunHckcZfTqRacroxn7AXlKjthlzZe9aJBXRN0LyHGL9TKswi8GxF4HR6XYTcryWOXeIPSlqzT8lRPf3t3oeJEceh9KmsRt1mRg6Vfsjfr+rPmxK06SLu+CRiqj4wUxfR0WGmqK1gnoUZrrDE9g78ZJHGeXNy5akHX/ACeJ/wBU6/V2W4/uqT3VN4nStnuWb3X5X1xiMudSc2v/AJC6+xWWm5feCzWPkx/ntZdfy6LLmnvdOemM94QE4NT/AA1pvOFoLX8prX1LCN/GZMM97dxZ+TXNk9sd/wCOxxPi7GFx+J5utxnp5uRy6mtmHzaIZ4aIdufjlaOBAXBEgxKhdNEKCCkJWyl6hB2Xsq5AzSZ5HYv9IiDHj/eu/wCP1g5mXbKXAOT5jwvmdV9Hn404Zb8JET2NUS4262XyfBwvUnbz+DiepN/n7mivP8v/AIbcrB/3suty/CnLwf8AdS9X43a4/p/XtuD/AMUtezJxf+KT9n1eJsfM6+mIpbqzRQsMLs4yit1KM9qzBWqFwsBEUJWxeKKXsvYasCCBhZWJa4WFbrUiIirMu0rQIoKe7FqE1iNqWJDosREQMoGxAslNhbEjg1YvZYQ7prBBUoStYP4AWC6M93DBBD5CdIOhIiDGMQIkIsCJEFZRAoZUJAiZpZ8zLmpqtz+TXex03IvaTopz9mvDTn9LXFLDC7LcVZa7LFOguil5guPcbhnH83e4E+Li8but6f03F4vlf8j29n5z06vCwN2tSvhT2NfSeDp3cnNNOD6hNaU9hfHcb1DieQ5L536lVTs87mnfZ7f1bhz3PPcnBMxXa632y4ET3tWGRdLvPwyPqtHGIcGRIczdusMvJrVz82U/l5HK5NU3zzg0vk5WHq9481eTJdO0mMa0xlPjuYYdHh4tlbhlOw4tjfbteHAd02cUrB7aVe1l0uml4zici8E/VmvBP1dzpgvjSMTgXg/Uc4tXVvik3gOnGDVGnpq6Uo4TDXiVGLUUSL7OGwbDO04e5kl3LPvWK3T1cznzR3EK8+3yFGRz/m1calxU2x3AvEfhO1NmDHIy42boS6+bExatLCowSZ0h6mQhgddSrlquWa1Lpxn5Pawf5bOZXYwRfecWNGGaq3QjEnpvDqu63SzYNYUZxzbnsYczo5WS52sU4xK1aukVeL6rRhQ4VrQo80JDdaF0zcMndNpmxljjnRjP6SXKtwYzXJWbwOysub5My4GTN4M52Ul05SkVtImh4nYZmnQjBjqHKitbbIzhqtF4MbNmxSb1dkvuhgMN4qktqvtZm5dWaoOg0OjxAg1Fiyz6Tp2N/FljbuM7T3HGzHV40uhHawcZ0Hp5/jLRhpqimKD4p2lcWiB6lRR3k3/+IULsMSK2tCBEhQUEEalX2h2S6VbNpi9lcnJrhD+C+Z/wvF/yXp/D37YKvvbeNLE6PBfL693X0Z6mN0T2HeMggd+DmWXkU43Pdbk+Dk83xPP85Tg87wpy+F/z/wD3dPnuZ6f/AN1/93s/KY4fpfr22D/ik4rj/wDDJj6nF2SPm9fTkVC3ezGFwsIksCuFIyBKtQhqiIFCRIFAhIFEhBEEFLCYGwlJCkaT3p8EHwy0FQy4KtNUEaZQuxgs41AwMMSi+oCIibikRE0sjKcTbUmUYKBKhbrrOCQImbCiIh1jqIFEZZxEEiAAXQ7Kc70cC53J83Qc/k+bLbPZ3GrvKO43mzKm6BbM+bLrDmZud+zNrbqXlIvK5N84m+cynUuiuo5Wbk/sqMlM9/HXj69N6dWz1fpVdjyPo9eL1/pvg+T/AMmvd+fx6PgV2Orhly/T57HWwvn/AN10pd6y4fqdd7t5nD9Q49UpcP14/wBTp5zmeFPV+p8LJ3PM8zi5JinWByI8zYkOtdxsFmnRIM09hsBshx+ZPe5XJ7Xc5kuFz/Nvm+Ws9Ry+TTLc98n5vNT0T05YkOpwPi5Z+HLrcovU8fwaYlzfTctVq6cMNxNQXLQVY1vCdS7Nsu5pnyVKtizeTXeKmO5rdoAsM+YrXDM5xabqG5HCXJLM3cZmiWzCzPTf1pidiuTxtoaON3Nl4tj5M48blnWz+NLT6ri1zB407Hm4q04e0zYPQofSqW9Ac3gxfZtzeDn7MVQZkF7CaxGWyZTyLMmBk5M7M+HFterVyZ1ho9K43VzbEOz6bg/0U5nbDZhnpw53MryYac6+4rU4WrWnGfpq6UtWodVosJ6UlXin6tCh5M4qJPiQxLREr6gFZ57GrWS80rBa5fJZcvg38nEx3Jxiufn8yb7vFpzT8maPOneXWPlDE1uYtDa1bL8Q3CXE7tMTLHQWn+RaypzJOUrWmoOrUohMSPpSIWrWoPTkPSk1f4Zl9jGOpqWri+AtTMOJ6Ofjj02cam/DTm60PapetydWKMinK6tGRkpqVmx14yHbfVyoyU14crprFjbvRsd0MnUn7NeGtob1SaJNkrWWbNyZlaD9k2lz75IPdfsvKJtsLBfJV7lXuQya6P4L5vgXhy7Jya7Hg/5HT1/h8Zfz4OjwvBzpdHh0+b+l/j38+46cLJijtmAz8mexxuf4O1yfBw+eYnA57n8L/mn/APa6PPYMHbml6/zu1x/R7Dj/APDJ0Ofgz/6MtPXmX0/zvx83v62Jsx+5lPcy66w2bJsw+8xp7zGbU3bIxRyZOjJNJH7LK2kq88yKj7oPVYr5Mh9zKxOjFL2c73Ke52+QLo7D2c6M/wCx8ZDqatlbMmbL2eTHXJpYHV2VdOTfMB7nb5CROtdB2cv3S/dNc32n1m5XC1B0kS9gnAtZDYkIVsrY4MN2DsFTOtSC2ESmy1WDQvqK6phhoA7JsSaXqrYN0osMQrZezW6Mw/tQjYQ8qb7MQrZNje6waFXV/Yq8sszpkxZPVn7J1ROhgrpStpDtIanOLc3meTddS5/Mqd1WpCjcNd5O0hw13uenMaeZXY8zycvfXc7/ADK/0XmeR50xaJMDeeS+vJV9wOh+QWjrmRy2eMFGcfjVVsd/66/l9et9Cz7avb+k08V6FxddXvPScXi+Z+12vb+b0HA8HUwsnCxdjd4PBZ711oNGXlTLVmy6uNzebqA5nqkz3PLeo66U6nqfP8nmuZnqopqX3prl5u2wbJmryIjbds40xSXyAwG5LLFzKqnH5s1Tu3i+zHzMUunPTHUeYvFW4HQ5k62zau3k54zh21uWm5Z7lpY7fp2Xxeg4zxfG5VYvF6T0rnTliZ27ma1HZL1XFdi3OxqUrpg1o8u6GHSM0sNy2ZqI1akxMl4q+qRgr6t0SdEyNTFE0rRtuZIuVbiJ1FhHqKJFuOkjRxPOXSvXRz8MtWzIcP1jzZuNl1dP1LBs5ebi1MU1/VXb42XHl1OvE8nHJrBbvcD1GcsTNNShXJnVzLeizTOWHPycHvany1ObE1RsYK3dHDw9TrmZE9MufGLUnNMmc/lTj8XLvLky32j6cXmqXb9Exf6Xi4/D4eSr7np+NM4sLpArk5dYcXNW2zVzKqrqWLpUzejEg6JVhlsjExuts2obxbNeqtZEuisN4FdCvq6NyBW4MJw4jNV+K9jP+zFJsm6Mumaz0KVmYs097XlZsrfLFYOTOrKfyq+JHzd5HP6hkTsGI2a8OLYacwqJ1Ng7ofqvoOVJC4N6Abk/FpNrXYYSqROx2qo8zCsVrKtRCiVLosKlt42MmpacNaw9H5XY4dRpjAP20kxyR+8eqTHM720i9tJPvA+8OBq6czBd1r4k+5LvPs3Eb1K3Ojl1LnXkBdfs0w6mbnVXyZLz1TFtXxDtSanpr2r7JtREULqBmw7aqS9vsR1FdUVqXXW4dD5FMfDyVouq2t4f3ue3p/H5gt2/h05kNvGfPr2u1HgbBGGuw+KCI5ng4XMp2uY4nN825BXH5fycz8Xq6PM8Kcy3o5mVx6+OhxeV2NXunGk6MtPp8/x83r7XR6lJvTNF7DjZ1Zw66pW1L2FsjZq4qpPjlUx3WoerqRjf7mvsy3n2+TN7gvqfqoWnq0nVpl6oovdWJqjKOKZT4qVYWiMh0Z9XPuvqrq0E6GbPsx3lK6tKutjgvsd1t8itqRDbhFtSb0DdNpED69779ge+/Z57ai96+zHm6SPUx6iq/UZr5PL9Wk6lfZXut49R7/H9k9/jeY2pfVpTuJ6b3+NPf43merkTq5F5RPTe/wAar5mN5nq5PsLq5PsvLfgj0PvMZXvpcPbID/UE6kLv++kXvpef2oW+RecTt+8lPfT9nE/1E1yG/pv1Y7fvpV778fZxdaDrX7Dzox3feT9kjlTThXI8O2681r0sZV5ss6OZhzzMEczk1XiNVN5PO1+TN/Y19mG+4eHjbKdBs99Se8r7Kjhr9mtQ/eUL3lF+2F0FqsX7mmTNl2+TV7Wme+Mtp1l6tfYWHLW5ntkjF0u5nVWjk1/ovPcnyp0uZyezVybybKAfGx7W60cWaie1zOH5u/h8Amf2cjw8bVrHhnZj9LkdPz+t/pfbcvZemfB5r0rBs9p6Zx/HtfI/f1Xv/N2ON4NF2mHj9h/QeXp1tcvk7ONzcVU9NmxS53N4/Yyy8T6hwqqKcPk8Opintebi7HC5OLsPkXj82Cu4mcWtu5ycXk5madba5h0CIFtkOadmLNj2b0uZ0dJdZrz/ADOH2bOXeKpem5M+TkZsXe1Bjm60vobfFo11s2JanoOXm4uvivh8quNc9zpXOzkcnFU26/Vj2fpvMnLh7m14f07nVgvurter4HOx5IYsy4m0u5HtNJszOVazXI4xnbCgeLUoIxyC5atQ9JgsmpVy3dJXSFuJi1Hq0dJWpk1rVQYmqDDKXmmaZbxbN1yVqeU87zOHTPxupNvR5sW0U5l4Jm2urox0+Hl2hrcWMtSbHMOh14c/1LPrFF+87GT/AFOVmVqcq5yZ8zscDh6x3NOHh6/FvjHOmp1EYcUycdGJd4uwb5Jxc094WjmT3kRPekvDPe26kxPe0sUlah1NRYLCy7adSsyVZsxewrIum45pZSXQL8HSRis+bLqwcjP/AAbzKc662trnnLrNTzXE0LF5tMTs1aA4cWzXGLVMOJpiXOlUSO5HEiCxkuSabLki4FWMdzW/iPpH3I8OJuNYzRio/pdjXGKTOhI1muZUriXQvFJFyefUwED/AB4K1HH1ej8vrl0X06ocY6aMMm9J7Zy8/VY+nSdCnRjEb05dPCMeTkdKl9OnU6Ep0JOYZXJ6dC6FOp0JXeCZMinpyOgroV8XV6U/VfS/U4dcnoZPkrp063S/VLxyvFjXH/OKk6VOt0p+qunP1Y659N8X1hPHmphXybYnsZ80975/6329n5+5oYlu4csuF0eNLx7r0tkj2D+P/VLcr/6rRHJrspxua6/J8KcblNcXOhXJ5Lma7unyXNx/8kvRy49/DseCmmeK28LFNRtTbGKX1eP9fN6+1yo4tD9tTrRMr1l1kZ1yOhkToU7Gv6p0tvisacboUr2uzs9D9U6H6rFjje1TofZ2eh+qdD9VixyY4v6i9s60YF9OQL6cj2wb4zs9IN4DJVrj9Cg+3p1ugnTMi1y+gH29Ot05ToSYNcn2tK/GCnV6Ep0JF+LXKvBQehXydW8QLxqLXo4rY+MGxuHjOnxsEvM7Ob7EX9e70TI9JSee/r6JzcPV6jpfhk5PFkaXmOmZ03TvhzuV0BqYunIv8GZsWpNjm6YrqyVeeQ2zZppoY1e5xj9zjc7oUrp0Z7Dpe5lfvJc7p5PqHp5DhldP3kg95LB0r+oelk+pkob75MlXzCOlQawUymj3lAvmf+TN7age2yGTU0+5PjnasHtsgvbZFlTrx6gP+zlxehkD0Mh8Knb/ALNP7NxuhkToV9kna/s5VfqE043Tpp42CqZNjo9dk5eephrjh1oyczjZEHJvJVeRbRm42SWbWpvulZqbOI7vGudHBjtboqtEnW2k/h+bjRkr7NHEy1u4/rdjr+U9vdeiVL2Xp+WdJ0fOfRMtPa+mVXa+Z+317/zerjL2K3pkiuw+Nnks10S7ZOV3NVsmZkRw+bPk8/yfCno+a4nJnsoF5vk15OVyfN2OZPk4/Jl1ghKA2DsSaKwjLLNeLZz+Ti1drRl5mJuXQ87c964b83FB0tW57DHrTNycWzrdKSeTgb1PM5prFZ3A5lYL7W3k4NtnJzYqxW7T2y9XwPUer8nQ6+zw/Gz1ivtdvh86aidq7mbzqehijopzcOea8aaYyOdmGVuitT4rZz+oOMurGYa3h1VhrZo1Zaxl1XqdchTUhOotRKQBcg11OLtJkvzZc2J0LlnuTpcbNtNkXTsZsE0x3xf1ViZI2q3f9K4v2li43D7/ABdzh/6SnpZp3QV0tWjaQXSt0EapcnxqC5HleficjmT3kRLp5sRPTCIiWi57F9LUu6MuJNV7TLPeRW1NeTOn3kZc1C2JsYzaz5NiGiic2su35c/9WKRdMvJz6q5mfX5OLyuVVW6c/nf4xp+bLtZcTuCJqm3DiaZTDLZGLZmnZ0ePPY461PdHhmTNRxJuvYrdaxmUZfbBF0wcV8wWg4HPJxWrRhxCidj4xncStZH8U1WdZwi5KuT7Jt05ZpFyuJM8hxOz0/jPbj3cTEekYjOk9/P+vN0qDYTVWrruuSxajiTdVamfVX+GjUFyzKNKiV6jiRNadKuVamWEapSLXjlVDjzY79R04/8AQ/GGDJW1Opmnscu3y/36nyPb+X8Fj8HS4fhLmRLp8bth5I9baH8pFJZ/mLGbP/s4/MdXkOTzGeP/ACxa5fKc2PNu5nhTDj85ev8AKb/1ce7k16HhT/oy2RLPwp/0Wp9Pienz+vo4kX/iqBOrnKtFIbFqIiJREChw6IKIsWihPJFwErVWo9kUqKuQ3JyrFRCWr7CG57Zt0IPIwsxp6WOZjkf9jMvJ+8pL5NfZ5nd63+1/ZP7eXj+vX2V16+yntPY/3E/Zf9rLxnX/ACLr0zhew/tZS/Ucbx/Xr7J7nIsT0+bmTRF8mXn/AHOROvX2U9L67vXlqwzjyvMRnyO36XkqmpFXXjBK440/Vpiew2J1bzVKx+zn6r9jLYtrGWH2c/VPZy2hRYvZyns5bFnxtFuMXtsae2xtWqa0vGjyZfbY09tj+rTrS9aFh1l9tjV7PH9W3VNVg1g9tj+qe2n6t3SDcoz2xe2x/U/DgmbntErbVixrMdjDix1HiTzOLj08Q8blB5nK7GMWuH6jjxy4mbXdu9U5Pk4d1W5Dbh7rdfDinRweNk1t045nYk39CWjjYJ3cyeY6nBzzVvP+lx04+69D6Ng73s/T9ZeP9Ny69zucLmbPnd82/Hv4r1mGpaocPi8h2MOXd5/F10dsvKmmwrM5WYnA5Xm5ubFOlO5ycXk5+bEE8zzMDj8nA9RzcTkczE3PYrznJxasmrtcnEw3idMWkQbEpEnwQnSoq8TZCrk7gjm3gY8uB2M2JjzS1Lqc7pagyTsdmAp91Ofmxd7l+p4P1egudmTNi283fnpl5K40sMZanbudf1Lh+VS414tHeXQ6XG9Rqfk7PD9Rmo7qeP2aMOWt/Jm/nP4te4w5ZruloinmeBzte2nTjnbOVhlduM+rfxs8/NwMOfZpjP3+THXLUrtXRTPGfsX12LMaOQHVH1WUlqDdLhFNSrxNBWYy4WfpK6Bwo81PQVGJLrU5z+ZlCN9zR8ZXHjK1Rkb+h1Yym9rmxlasNDDh1yz3LZFSVm10PiGJns668ma6ZvpWAvzCC67wXln7Ny655ht12Ml0XeeZYOXz8cR5O3M945tV8rVzeZzpYM3P2YM2WsrtzwzaZyeVWUGGKu/EETtbs8Di7G+kHDik868WqoxbONmIOGdrdPDiJ4eLX4urE/q5XpuQiMQtWvp9gLxsU4wZP9me5a80kXNLn5hL1kyMQolrjE1iTHiHqPVY6+6S9VamozGWa5KuWmyHSdMWEeNmYS781w9v5/Xn/X+NkDImjtpe/j48vd94NFQJtkcGFwJfRRBRAFItCsLss2ybahKs7DPeVZ3G83L9Osjp+fu4dyPByLdfmORfm+R+r6H5zMFhpuw5XONjLq4u2un1E6rFGccZ0dOtyuZTbly9jkcnK1jnayclz8fnJ/Jyk4P+R3/P7rl18en4X/CcRwqnonvp/n9eDv6aIKOu65CCiEIiISiCRakRAhpBBQsoIIlVBKtQbZw6CEtNtQ7G0LLGCx9akwqOMv2b03sZ+qexn6uTu8z7YXs3pPYq9j+o8U857MPtK+r03sZT2cqcp5v2f6q9nX1em9nIvZz9WcTzHs6+q/Y09P7Wfqr236rDK8/h9Pdn03h66tUcZow4tTIzbjfhmdB2VFLumxoFLRqBYVqKVqJS2ipAiFQRbIjKlRaIGrVF2YXa1QBFnF5mK1YCKonmZOwVs+XwYZcTn+Tn3NbupzJ72O5CLgyKpIxp00jIqm/h56lz4ls4k97l3PTfP16L03k5K7XpvTK7O6nkuB2vSem14vDeXs4r1XCiqd3hYqcX0/LMuxh5cw89jvK6AM/gX7jZLrscK3GXMwZpbM1Meap0YFjlcqXI5Uuzm83N5QTicmXOzOtypc/NLcuhjEtYwmwIrZbcUiWyZmnYu5bgc68exfTdDWWfNJ0YxXLNbTfmRml0l0YwcuZqHJzcOqdi/NWrtyM15nNxagOHFv8A/J6HmYJqGXh8WazOnkmeOLR+HFkl2s3G1w7MkTLn1AVFZJasOepOjh7QycnFWK3OVuulh5J8Z9nHiqaMOXUX0ZHXjLqL3Uud1ZTqz9mb7LqdfGnUlzYzyPq7DC6XXVt3sMV9jepLUgtak21I6k6eQbzz9mZNWtt5+xxefn2s2+VP2c7Nl2tqQSi2acOZg2MimvCf0eTq4cve3RXY4vGrva82fWEmu8/f5FZs/Z5OVfK/YN8n9lPaabz1uVfKphzclg5PJOMupm5Tm8nmaWx3yKZr2p1jB+bnudmy1lDeynokk+OajcOL7Dw8aq7nUxcb6s9dyRYy8bi7X2y7vGxzggviY9fI+3Pq6ZMJujONIIna3Qw4P1c7W4vDLfE9hETq1fFxtNVCV4LVXg5UxizTtZXSaEaw6XGPU+JXBsSVhfSXGM2Fsc3DS9Q6m0FvmMWs2Yhoy/7Eu3Hua51lue9JP/K5l7Pyjzfp8BB0CiU1fQ4vp5uhwi4W3WRQMECWAUCBA2QgdhFXRhwNgteylaS7Nw9oRPN+3WR1/Oex33ObyZbLqZhhy1s+f1duvdz6mAhe0k7KunDMdNaNl9Vl6upfX1tvBa15svY5HMytGbk7OTysrpzw5WhutrXg8yt5juFiyzv2O3M9uXd9a9Lx67Jaopz+HlmobYp7eL6x5+pt1pil7bExWw47XbdccNRWw2s9KIi1bajSiAuk2QwYQxUr2lAaB2kW0rT9CMveU2JiwWu6BdbKs4GwrRT0FLUtRqPcdJNZMRzx3DrK1qPj/iqtZBcmoMUrP/4pqfqrUYtI1pR+sr1k4SNTMRv/AIJ4nKzURSyFLRGdSkRGkpaltKIiKZtSIiMpakVtKkSw34L2kO0tGFFWaTmYrZFkWbmKYU9sfJxTTP023NILllMvTTpn6r1WBn6ZvGkzpJi7R1z69Nc3G/jU73p2V5rDWtujxOTrbyfpzc9O/PT3XCy9jqYarteS4HKp6bhcia1eHv09fNd3in2Rxa2aPg8zrGHMw5nTuWPNiYt0WuXm1czlOryZc3NFM2anJ5MubldTkzTmZsVbt8hkuQNd4ma5PjpUKACh0SRItVwNIvpEZsDoRJvS2+KFebzYtWa5d3n8VybnvbnRxzM2LXZndXNi2c7NOtut6EIzTtCvTcGvJFacbPrmalwdR3uTM1xnFwztl1daM85cLd6V6ftey1iGcDBM4u6WLncaavxeizcesUauRyZ72ZdacK+BW/aVfFyS7mouhNLWo8xeLJJe1PTXwZr4kcn0z9VanFw1+x0VUtX9dQv66mMpZuqPc7+uyFXw8hViuqTeSUvi5CbxZPqNoxd5GbbvaehVL/rs1OiZ9jIoz+uzSL2eRDAdTVM2etF+zpPZ0i5t5aVtkdOPTqo/+vWCuL0qoF8Xbydv2sy2YeDNfFfGXmfYtUembRtq798GcXxO1mcLXnb9Zx4bncTW9fxLPh4f829Dz52zERibnfUmMF8bBMw0xKRJkSfIyLgvNRxPT2tz751uG8SXWiWbi4NXSjGx11/2JUYjdT4kFywCgWNGbMUhNyrUxS5psXEyIPiHY0wWydQruTVjxNO6s0C67A6hvtb8XKgsmx3Rdu3Llb6RchSn0Pw5+PL+19NELLgT28eo81o4EXCNm3RwInZFmi3Dk2K2TZm1GXQL2BsG6ZvRTYWzP1Q3nmWb1rcmNWwLyst8mWbNzJ0ef9XXlsvJsxZKZ/fT9mfNytnks8vT0z403n1J67n3n+1A9xP2U4s+ta6XXZLy18Ge+R/5Ee4prxGtF5dfkxZb2/K7ybEukjnagorUK/w3z9ZdXgcr8/j/AB+advDl2+TycVrTpcPlOrFj0cUbs5mHP+zRGV1ljjY3RQ9mSKN2dJWLD7oANkagtxFDCBiloIwC2RSMtLCgWohWBFlm1SLUIFopU1/gGX3j6EJabDNd/gBar7R9phwu5VqOwjWrQdqaj0pFkYDrKXI1qQ6SA/tTU6iVDXqWbAaqGFmxKUtTNS0Uh1LRRV0rEdtKiNg9X9hiwy9gJtsspEUhSwWMu2bGmXMS2XqTcsUstyU0l3IRSCXqjABO1TVVYH5HzX1I1Ol5/wBJM9unLt+l1T1/p9dkvDcDLrb03pueu2Xzf2/17ePj2vp9djbFOL6fyOx1cVbvJ/NdjGe5ama3NSuZycTm5pl1OTs5uaTZhxy88OfmmXVzYmPNiXKcu2a5dTNgc/NiptllsMCtIlsiGoWokxGQfFEQcZMZTk4tocHmYtbp6fDO0OV6pg17mpfeGOI5vMnvdW51ZM2LY7hkcfM5ubLrbsczFq4PNmt6d5NZbuBzsnWmX0j0GtsU0+Xem4qrky+pf9PduKZHUZ11eZi2wvN8nFW9PT3XY5Os1mc1HK6FTBmGXpPZzWFxeTi6WbU/W1xMpmmVqGHCulLbhwTp4srbho/A0YeBOX4hzeifq38CtXW6+MS4Xi+T6PU/Fgv0yp+L6FeXDXxc3k8fHW2rUuiPIYeD3+LoxwJ0a9dLXdC+jrBfDlmvhy6V0Ta0Vyb40/VnvFP1dO2S57xp0jpa/Eu/Bo1IsW6GfpbZnqOBwJ6M9ri+lYtuS9nhnXDq1LqeY9bnHgefzcydNYp0P+ss9S8P7qqvudJNmsVvuqrNsIjDX2NLB8NEYuwjjS1XRTNZ/Ex7WS38DFXkx5XMjbdxsDX0lYZadXG3CTrX1DctALZDJcltBVyqS7DIrRqXVQWHU1UHQWh/S2H0JHCrDsVdNebFLDm7bbYBsn4BtO6/xU/w9HH3HHq+hi/P+wf/AHF+H0fxnx5P2+CEkI9TzIiBJtEgQfhGQ261Zr5MyTzM9S4+bPkq3mvUldfF1M3Mlkzc5z7y0TdOd/X/ABuc1u9/+Sr5lMN2pyv62Nzlp93RObkV8gM9Yte7Zny8vrUnsV5apXUr7AQu3xAbpQDjF6otgohZt1EREERESQX4rUKHU34OVp8m7DynD/BkZaj/AGdObkYvL0+HPs0xTz/G5Tr4c80689fxixv2TYqKXs6S65Y0R3LLih7bNsrtSLNSCAo1LWDZIoWM4NFbAuhhwwN1qVvVBsyMr2RS91lpx9MUtQk16VopYIgoijNRBImUCuwKTWpMWpazSC5WItT2rBXJJirZFgAosVlA7DJtfDirom6FbLeUgd0HZXkPUNSmQYGJ1GlYiD1TtMgAVZoLDWF3JR4L1ZlTPcl3J4NQbSNRG6j1ShPaozUDFOh1QzUzDg2vtcu+vR4+mcGaek4HxZ/TeBVQ9D6fw6nXZ839Puvdx8aeFNdr0XDxdjBxsWvxdTDWsPFfmO8N6RNydFAu5YsxSOXypc/NLq8lzsykbjn3LHmltzM1i+1WG5Zc2J0bkq5b8nNx82AjpOreJluTiZtRamB+bcC9ToDA9imrDJfPwTWEzC1dLaBJieO5mDVhuXpvVuL2bS8/mnvblaxy+fi7Hm/UJ7nrM07bOD6lg76deOvosxg4FdLLNPoHonqM9GXzq+10OD6jUxq31fWsR9GvnzUV3B4FbZnnvSupnuXrfT8HS1cLTHoeFi2wuP6/w9L2mXofT+2CfXMU1hZ8nR4uJH06+p+GZ9zq68YJqCXn2jC28zhzPdLJHaJdTdho/ZkwzVH9KiBdWfsC+V2eTHydpYbqvsQ1Xl79l7Mkfnb5N/GwbL1/ESz27McMfs5R15yydXR9WwTi8Wf0zBXIzCXWQ4eLVE8zgdKHrcPFmYlzPWZ1iu0jXJ9Axf62z02apiHj+BWTFmp0OZ6tOPjeTXKrzH/WuXveNjZ1vXed7nL5OZhl14mRlrhqw9xMT4tmLHqaj8MmlbL3Y6Qojv1driYtYY/TcXV7nYidXPbfq0cYjukkL2Zt1A11JtoupKupFMZblQ7ssKr7SrS6BdNRlak2kN1Jxaq8+pd8ygXUs2WtSBZOTTLlyguyrHHOTBR7Dimc2Ho/D7jh381pmjSMJz6fHr083XszZewIE7zpx8USFI3ALZm5OSZijNvk5vPysd943zGfk5dmO5+R2/8A+QbnZ879P05r0c8kF3qfc6lXO3i5246+JCGa0BSq8g30Bfd4ma7K01OjMZVxGy6814fN0vpv+arpUzugxXNT5Hm65UCIjQRERJEREkRESRf4UhlQ4rVqw8qp+TEJqWQWa9DxuY6EZXluNlqL8na42d0lz25WOrtImbDR7txfblZgtk2AjrGaLZeykIVt9k2lO35q/wDi1ELaQ7BQ2ISoRJGegqwjsC+F9QQOy9nN2WilhS6iIhCCCJWgNhWiaREUWksIkvwA0sN0ICZ1ERTFSF5qmTHM5mWhrU9pyc/f2lR5su1Vbdxp2Cvs3DLTr+qo7TNmkXqhgEYYXY9pBdGLFAsZdi1FgMstiq0KLWNQRIpa0itVqY6EotXW9KwbdzBGN3/TZ7JeT9bPH07flPbsemYv1drDic70+XZwz4vm99SfXu5jVhxNWhcZdDeq4tgtms+8rPmpUxkzU5+amrNTBmpztajPdFCuggWl6hvU0iyyzZpY7bcxFy1yGW9Q6m3JetOsqq0jzEkeZDXhbcPgwQ24aRZ+fi2h5bmYtbp7HkzOjzvqWLspJwLly+Zi22dnXyZeTilqdKx5DmYtbojjVrbr+pYJ3c2J1vZ6ObrD3/8A0xg7dqemw+by/wD0tyto1ei68y4dzPS5ek4eWYhg9W5+8aubHP8AjNC6XXthtzONlquT4vRYZc68HQvbVr4fKZbh+adocXNP+t2uveeWONazI46fp/F7O+XS6GNOL/xnFY43qfDnR5P1DbFb3vKnaHiPX51zBnE9MxdV6fhcWZjvcb0DWoelip8VDgNZBcy0aEZiscT1bB1V+jcXWO6TeZUzZ3Gy/VBtvwcL1L/VvV1OTnnFFdzjR/q5tiwzXwNe55D/AKjqsW2tPovJn/RfOP8AqrzqXXmYz08pd1R2EESfh83e3Gfrbhnxai8M9hjLSCjuvUts9PxTvLlZs1OxwMWsN2lB409jRqxUGJDc0fBeZmxMllban2RmlmTDC7ou8oMpFtRNGxN0XsXeU4zo7ykZstBuibyNs1Ly19ibqqXdBWJQtVpjM/6i/NHEiiT8MmfjE68de8c7C4kX4Frqp7eP0z643lNh7FLeni7XOwYLXsHk5JmKbtc8YuXn6Xa5WTLVX+q+ZlrJbNLy/v8ApcyOk5OgyCo7TIqXi69u/MwQul+qQczOW9Iufiz3Lbcs1z3tVMeTzKPua3J/DpBfhdzva4jQSNWsKutdv1Yqrb8nZv8AeiXTmehQoiNBEREkRESRERJEREkRESFP+7bxs9MP4HNfw6c/BXpeHnm/k2xTi+n14urDvx9cOjr7vFIlUdo/J6J8cVCCiSWniq6U2lqRCERWyXQtMi0VCwbH0gyBf4Cx7/rti1qFsGbFoJBqCiIYAIuwpqVarVtQU19Dsl0oLFrNWpEWsyIAYBWsDmrWHA5mXvdjk12PPcyu8W2KGYsu1uzw3C43m7XDE9nW0epB23Y1GoPYkZbUQgWJS1LUiMAmyx2WKytERNSoiL1Y2EIzJwVTZxuNt8XH9P0kdfzmh4eCqej9M4tfIXp/B117XofT+FUvnfp1Oq9PPK+FxXR6DRxcWsd5+kvF3dej4yx2iMuS2AG2az7IzeArXNc/ksWZszseZWY0yWFdk7BCKsWxN01YAWUPYFtRFWUbZLcZqtpVtIbA0GuKbONlmnNiWjDWtpN19zmepYq0b8NTVi5mKahnkvH3PezXLq8zBrbFbUTh83Bts42bDrt2vVZJlzeZgqtnbj3yiPQuVWDM9JfK2+Tx0TWDM7fDz7Qx9pdbDlrrPXek61E7PGYand7D0muyV1yI1c3BtDi92K6emvwee5v/ADM+LUK7qO4fnJ3GxbQ0xx5lhuOxxanSRbOZ1+kG+fP2LLoZqeN9frvdzk8+dPJ5v1Opz3XcKHR9ArWHeinnPRu10+rUmzC62zJzM+rN7/8AH3c7n8+Uoyc3lVls7h56mCONi6t7N/SnFCt1MnM5VL9Py97n+p5dbZ+NzNba5Yr1PJzz0XzX/qbP1OTT03L9R/0aeF9SrqZqdpPesX2yNPGxbBjFs6GHFMw1BiROsLFqGxTBOj6bPe5mzq+m/wCznuNO1G0w0wzwdDNArrUm6FYLAsKKupMzEWzZqIzEWbmplunRKsi6S8jPdNYzUume6+q7ojbvIX1TopkaY+KB0HxIcMtMSJziq4nU/wCIdRw0wAtoZr83XnpmwNB2DdEXb189yTK5Xk26Y+fn7DNnL5uXudOv19emJyzXXyoX1IPjweT9LtdeZZ9MXHmoTk6Q87UuJ2aO3Q2aJ6KtjzU05sk/Zzs1945mku63B+BFXWrtBfmCQEVsPeYWMEZfMmzbqdy7dI1b6CFEbc0RESRERJEREkEEc6/IVAQd6/EBSL/Cl/hrn6nQ9Pp3uNXY8vhvW3d4eWajyd+HPp0F7FxQnaV57BbK2UitCbJFqVDfNBq1flHTm7AmqIiKJ/47LUE+mIETFrvqLAIIWybKQLE2VsgVgEEQLaw2IpA7JnVKFZbFqnsSIiMQuxF2zSzcnwcDk+b0HJ8Hn+TPe5WaRcd2eM43G83X4xTav4A+Am40L4BRbQUtQTiVQdh7FMCqsK7CzaytEFqL1G8SJqmzDg2gGHFVOrw8FfVw76kmuvPNIxcPZ6L0zgdguHxXovT+PM+cvmfr+m16ueF8LhaulgnQyImRbOG66yJFICLJvK4NY0EXZF5aZL5FINF0xcnKXfIY81fsGpB3yGHNnVdM1039aS6DsCytmfEHWRYtpDa5SgqgTRKsjptFoWaz6q1P8Sdm7cZQyCxbFNGGtbbfKHOim/jdws1OT6lLi5nqvUsG0PN8mdbVMYLlnzTOjdcs2aXXkx5/kzrauNVTf6unmwTWzl8nFU+JlxOzw8u3yeq9G5Wsa7Pn/Dz6u36bzP2H1Y957rscrNn2tgjmdnkV7hlp3+Nlaurs89xs9N0ZxJiFybojWq+Rl0OO5m3UxZsVV8mfoU6dyXq3VDOBi1ac0l4e0y62UNc7k4te7Zyr8/J2ub4OJm82fEOpwKmTOZypmHKw1r8g8zL2eR5mM1zefzJ3c6+VqrmV3sWavqbEfyeZtGrB0tu5evf3NcYpdvrPwGGew5EIVsDZavk5g3Di6t/q9Bw+NMxLl+my7+H4qwafB0AiReLmbQWRdDuibSVdSz5qkVs10sRWZkzNGamK6aTPdFXQ7ohvWSrpWtL8hxLfMwUMTW7ThnvSJaMLMgPwy0xLNPgdFCzBujBdLuib2EmDB7E3Xesq9nTlmhsmxgvwdpWaz5r1hys9bW2czLqwabHbfq5mXUjuaJlUYmuMVaeLHXtqwrpmRO3aOJFE6sYkidRWoOatYalDJmrvplz13jy13kt8z1qtQrNO0DS70al9sT0zbVKXdUiROzq6WBsH8G3NSpaPHS9Qjr8/yBpzqIiIIiIkiIiSCCiSIiJIv8f7qQz0hfy6Hp+Xv1c1q4f/ACOnPd/rPXzXopoxn43g0RT0SOHV96NERpzRERJcCBC7p3ZRFbL2Z0iDfgm0qujaH01BLcpXpwCkBdEdQWytihCxiUeybBQaVxSXRYmlKmwVLZlCKWFSlawrGmICxgtmrWfN4OJzPN3c09jg8xixFYa73X41djhcfzdjh7aKQ66EUImDYblMolIG6Mq0SF7DalHkFBF3TCVYVpE1TnViNnGxVXxFxuNVXPa9BwOD+ry9/pJNennln4HD3+LtcbhePa3+n8DX4urHFmXj7/eX69M4ZeHxdXQiNVRAnj693XaTDYpezKu6Y0mblXQNis2USalXTLdE5stMt5aFEHmtkvKVmy0y3VG8tA5PIqWG+VRuamHN5po73VK69Ml0VdUmdbOvX2X16ZNk2U9BvjO1xUuRs0RnJb7BdMnXou860NF0FnjLuZtTcuoxCuqrqtDWqG7jU5HVbeNlZl1Y6N90OHz8Xe7kd0MfPxNS4ceczSzXLdzZZL8Gp1qsZLlmzYpptsnVqByr4uu2qYdsVupqC8UieyCOV2Hxn2Y83H+Ula1J2fwx3cORqw5Xnoz1MNGHlUz1Wnoo2a8NS4Mc77NMc6TPYdXaQbMPvZL9zI+mOn1ZMjLLj9eVe8mTIKdzOU5+2wOTyZplvPJwNF5WLmcr4k5uV+rJdVS8dHxmzZa3BG1NPS2NjGrzglKjAZc6mpbV9i1ltQrLttkST5gg3DO1y5p2vTcXZs6kMnBnXC17M5qN21Lui9i7plGbAvLsTeUm8tLEZmqWfKVecq8q8VQZqY7MzZWa6alGguggvYxtKiZMiUiTIa0C0FKkY8hjRAopm2Xs19FjWll7L2ACTZ5VNRlm3BdGZHPzZe9rAVye62fDOtjvZceDWiQ7DLdr2MuJr+C3GqHDK806ikVrkMzLyaac1auZmrYoi6VFD8rO9vTf8U/0gNxt5tHSB4n4MYrmpFh8z/MFz9Wt2YZ9Bmr+Z/go25oHSpqf/q9T4XU/wHVriKjzXc7LyZuf1jC0ZsWpLUu/HMKIhSIiJIiIkiIiSIiJI0cbzZz+PXe1yOvjv8auw3b6snG8GmO23r4ceofFCLgTf1ywSbBEDInaloEy+xRIEStKAWqluKXX1QClseUdsCXZhdtys9QBiIzazOVIgVEitkUTIJcSAOw1rBgHtJd1K3AZCbSR1Q7Mk/qgvKBGLR4l8muxwuX3Opycs6OLmyzuiDD226/DpxorvdXiJOhBsUyRRmzUgtxq2KsCH0ETalIkvYN0itlbins2J2b+BxdiODgqvi9H6fwa7Xi/b9ZuPTxB8Phz2vQcLiq4XC1dGI1fN6/S369XPGnYZ0aYZ06urj07T00l3UkXlJuqc7Sfdak3yJZrykXlkT0mv3DLmrZnvkFXyDbiHezNar5E/Yq8s/ZnUDMzWZm5E/ZjvPP2MukrMyZj82WWa8skWlXJVnXRNt4pSdhbKstmcozYUZSdkHiY0bK+ZOy+q1Jivtow+ZuzJGUN5TE27SDZl6ottlqaNj+Nl1YDsNd61Y9Hw62g/k4toYPT68Xd1moKrxXqE6Ww27/quDvpxc0mXAx3qWZZdeDYDsBaJRWqazQkZaB0JpXta+LVhpqipWGOXHFyD6GZ6LjTjpr9lja5hx5OMGZNckvV3gwyy5sWFpPOf6hdzkdrNOMm5xrFXFuchPQybuxfTLvpjA5fQ7xdKZbCrLJXSn6pqJCxaXYO0dkok5SjL7rXEj6KXq2cDFtZcS6PpuJfA6OGdYHa/gz3lA0GaidlXRF5EjrylXXYy5srN16X0w7NlYry0l5ShZqoLy0uK2DrRkS0FGRIoxd7T0yitU1pp1VrqcZ1nEatWaioHrK0+DCUYWKFBV/km6XeUq6dOZkxm0nNXY5V5e9p5OeXPvvt2zWTtpGz4fKWmPNmzKmvBLQDD4GufU26VwlmQrNroVjnc+9XJ2budl2YMnc9EmzRM3K1cXFt3NjLxfBqBKsu528myJ2BeJBhuZ+HkU36l3g/Uev6mNGrpT9Q3in4rRYQo241LWnCs07EXOvk0o3z1jnL6Yqn+AOhpLLeLV0nWj6WEzUP8N6rMCII4Ck2q1CZQf4SswKIiCDn860AR5+p2OPln+Jbdu9yuHXZLpPXxfTj19aoWX46pDccrNPCpaqRERMoiIlKiliUaj6v7VPa062pdy8vm9OOT7airx19Xb1/UObt8j/8lN5cPp0nTp0OrjFrLP8A8zOOZ06+oda+rq9NOh+pv7UWORrS9adn2f6p7P8AUf8Ay78Hxw7/ADTm8nmavUcnh9ni8f61imfE/wDyEXvpO95Ly93c218bqVavf/6noeomzJhmmiNmfID2FsV/A9ab8p/E5/L20pwM2Tveo5+DseX5c99NaDeNW1u1xHD4Hm7uLtgSo8UUycnk6skc6dzqdraUZONn2aNmufbA0CIWtSBa+Jw6y2RE7XMvWej8bsnteX9f3mPTx+etXpXpfZOz0PG4s4vivi4uye1tiXyu/wBNuvXz+f8AoonWF6qNinn8nUsm2m6ki5PkvpWxd5VWz2qC81MV0dmpktitfA3TLdH3THdG3RVXTPdUu6Z7oX0pA5qpnvYV0TdN5rWqugbJdF3WzoyPZRatkF2XZhWqIBpqiQbpnumm2e8R3EuKT/yV4hN9LTYo6Klh2Tah4h04qRxXewRVL6tAvSem09PxqmnhPT89bvTemcra0mj1bi7RtDyvJxave5pnLheT9WwVKLzlyWfc633l2YCL1AOwOtoRA7LUI4o+KY9miKFmmV0cOfVp9+5GwOoPi10b5lWTedmih7SdXkG6qgXQroi6MoTagKulbIasFAugXRBhfyL2LvKgfbNYeuDbYTrUgy9li3Adh2q3e4eLWP2c3gYHUjtO6BWyZjbpluggZqY7rYzk0w7ULUPN3EWvagXs1TGe6XItZHq1JsxkLRhxbKw4m7DiYn/UlxiN1Fqu25dBWotQ7LgWMquVamIEVcgPJ+YqCrZVgsczBaq6ljz5dTrph5dO8m9RjWPNW1lLvzpTssXh82zDPey4PN0eNLPXu6mmPA2JVEmQx4mCZeZX+jTRdasHMrsoSaXJzVr5FRllOT4F4dd+56ZzM1jNdDBctUOZFt+Gma17jXCWTsL8dzn/AHAbrNBvEZC3Naz3Mg1k/MRdauiZ80s9m5qZ9tTIVXWoYqaDmveQ4q1/Pc6Z6Y6hxebwMi5tNNxPVZnqsobPzTM+JcRVOsu+27d9AhB3FT5KSgVWtVpdfFBEFpzqL/CkMuB0ODX+ZdZyOH2/mf8A5OvtL1cVw79ezE/IUdJ9cT4REJ0YU8YEyQqWos6sQNl7fUtR9s9xJd55eH//AEh/YH99+Ps+bbb9eqPde4lzvVeZrHbTzX95Lneo+r9XFXcvpta79Xr3Os09H6VnrL5PmN8n/W22ep9F9XmYnahJg+vf6tEf/F5mPXZ+0i//AEij7EPVwPteYj/qCfsl/wDUGPRRmt/rPMnHhp879S501mqdnS9b9V6uGu54nNl25NEPQcbBOd1+Nw5lwvS+TOL5Ox/YT9hJYXS6Uymrm/2E/Zf9hP2Oh0YkyJcr+wn7Cj1D9lOi1c+v9F4/l/8ALTu8/nTWHyeb5OTa3TQ18StbdvD4PM4cvfLs4eTMx5Nc/Exeq5am6czDyp37mj1XJtdauRE1uVj2fpdTUOlFOB6XWuvc6kZJGrG/ZepGGtr7XZ4eCa8nDvv16dOedvsPpXDrLmmte17z0bizMT2ud6Nw/F6vhcfV4P162PZxzI0dKYgPi03/AMbNbzdO4A7KLtyS7yldUq6Kukh3lllzZZJzOfmqj5JszZZY7yyy3lplvKvFfWu88sd5SLy0XdNasNuiroq6ZryiiHXUk3RN5Q7NSY3RXSyLpO5pkd0HYZkdyAN17m9IXQBhKtTelMr1KL0kq5a9QXKTHckt14pBeAJj1Dq13i1KuWvIE7JslgYLZw673f4eeZ10p5vC0xlqSnsuNz9u3YXJxTlh5njcrW5ei4HKnLh1swVwefxdbcnNPe9Rz8Wzz/JxVNkOfbPdNGXtZNm1owbIXYMN2MimMTa1r2CXFUmx1U/ZNiOoq8rKN6gbyyRdFbrAfsrYrYIxDsF0HYq6XkNHdEXsLZV1LSKtcUG0huTALWmnjTtcl4ZdPh4HOwWtvGxawbmrWEjXRk5OVJLpmug3kJuklZqZD7otmoOqaCFGKqbvoAjFLRGA7DgaoxStMZowG6naqZ+GwrUqzyrIsZ7XCImBbB2L2UQPqgRI/Asv8IPwC67DKZ83g1zNjHU9suanN5NbWdycv1Y3ok0IiHxr4w0g4Zrd0uNPfsyYfN0eNPY5dXUeNA2rdMKzOdzq7Kac1Obyqrc/n9035jDyf+QEm5g4Z73olzln57HEVu6GHwZPw24XPqry0yJMjtCuJ3ZRmybA11IvKFYdeRizZQ3l2Z7mqvybyAYMk7LidTImqMuGerpGOfsPSTunS+nR2X+qkaiN6dJ06Z2f6mcQrnQFxudZs9aVnJbIiRaS3KpcYi7b9ZZbxfwp1qt2YzoZqH+HRiywKIiDXhrxdXDXY4mLzdTDbvxf45WOj8JCH8f7Cd+PU1w6+4bum2pSNsnXWwe4KrtNaPb7q2K8hb6BizTBFxW9iTpGbr/sT163NjFskcOny49Gg9zkF16qDfbV9Q3gyS0pSRxnrF4p/hmVptavfZvsG/Uck/JnDY+sN39jmj5Gf21/Zxe4DdmDXcrnVlZryseCzmbS0xyqkz31MN3qXh2/8R5J1I9R/K/7CnPRanQ/sKSOc56HU6V87aGbqUzLMy/UfGemjr19mAzd1ll+BputvIHaXsdGvyUO628bLUtOLLVX5Obs6HAeb9P0sxvnjXoOBelzs9V6TPVudZeb9H4dZ809r6j6B6RjwRNXLx9/pXr559On6FxeyauXb8fAGHWY1g1xt12kKsiz7KuGK3GayLabhnzS5VMts10bmojYz2mbMwZ2/MwZu42JktmtrvEz3iTTJZV0bbJnswaXdM91K7pkvKcwG3QNibqg9xTRsKKZT4pA+DcPmzRRsZSW3ZNiOqmyGjGRsvZE5Cd02SOV/grY3qmTUC5IvE2RQbCc68QNZbLku5GIpLXqXYs0YOMtS2cbn1Pbs5qRXeZs+l63jZ+rBPMwT3U53D5Wurqxl6sdzTLzXMnW2DV3vUsDi3OttgoFml0haDVBl2lolWAQjWq2BYLBsdQtlbl7B2a2/wBZN3DuXsGyjNg+QFrBqWTqYiQNR4ZMidmmMFLDosOKXQw9rNE6i3pWBpvKxZsorqmW9t2EvYvuGFrpJqHUzWqOjFQlREYm3DiFhwU1Ri1NuqQESvU3XsDqDIUGzLLsKwmiR2WYzQK2ldkWcAbsO4b2Qz0cFvS4qgoQqqZ+TXYf9mXk+Dcmxjq+3Jz+ZfzFfnRf/wDEdmKMeDzAZhn5DTjRh83T4rmRLo4PByv2QtBebLrA4IzNFkvLsx8nz2bdZY+T+DzFsY7TH5pff4Lxz3u3z6ubLMMb8P4ZYjxr4t2Jx6tnwL/hcdo9S7qXOd2/QHkZexzdmjk5N77Wd159TEjXhxSXhxd7o4cXY116UrJ0l9LX4t/Q2V7ZnVrDrSat3tqX7alesWOdrS4xOl0P1Tofqxqc/obfsDofq6PS1KvVpMXS/VWkn2W6S4vrLclXHY13NdzJkPxm/NZaLsd+YLdDbvOqCILTnTcPm6PFcyPN0OK78XY59OpFdibERR8drv8Ax50RNk2aZxFWq7CTg4pV0FYIo+xpMeFG7Sr6pdLDw53aPbSb4jfNjvSPbSxcvFLtObzO5WBwrwd6RxdnUjBsdi4ylTj+z1S8DsXjkm8chOJfFX7V2vbbD9nSt1Y4kcPUN4ql27was1yr7Dk6i1r6unHG2vxaY4YLidKh3Ls3gmWPNH1SctetOhGPb4ne2PxOT0lOrmwasV4j9TOI6MFL9qZ6ConUY+gvWd9Va1ExTVXrL1PoXp9Zblx+FgnrPef9PYPHtePvra9HMeo/6d9Lx4NaepjkTHbDjYe3WZdL07iV5W83T1c+pjrcXvbvgVgjsaIhlpnsBlhvVmmM9svK8Gu7c7m39GJMTn5qZbo25ohmXDC7Z7aAXJs1MdsfJytebtc7NXeUz5qlizVs1WzXLUEZb2ZLmm65L0awayaqNsAADY7ShbEavZNkWsWtEUddMcD2Kgx7AQNL2VspEV7DiiRM6saooezNB8NIQLk4OqWF9KWe8Xe16k3KTFclw1ZpZvFsD21dDjcyphzN5V1NWZyrXbvLOWHK5M95XuqX1Njz7ZpNyC5HdBtmXFSSrozN4UzOjIuqXtQtF6imM91SbG3BFnmEN0Xsuw6U1RothFamwz5Ba9VwJtF6riTBQzOkdhmWn/DLBuwRuybFxUrSVRWvecvVIvpHRg2MjHVNmHAkXh43YfHGaoxHRK8ljNGDVNWvUq9U3jLcltNyVcoM1kW03LPaVjNYYkywDq4zJoLZ80tFk3TWss+QH4Xfmil261PmItSNxmgZeT4tLJyfBqTXOuVm8ytv48B5u4mKl6Z7F55z0eKL1Liths2KVqinQ41djlYbrxdLjU53lNc9wLkcAtiTJh1nuXP5NOhmpy8/m68/dDN4ef2HFblZviPB8Xb1/WZPlbsXg3YZYcXg6HGcev8A00fr2Obya1t1/g5HM+S3EwiidrC04ZnyaTRhluwz2MsdzVFOfV1NWHE1xjlmimmMkyyh9OZDrIL5MkXzJSae1mzUT7xmzZ9lqMvKy5ss0G8s0DbxMSrlWtG/hLN+4pSbljuO9utiz+bopNZMs/5Z7/3bM3hTHbrxfTF+AREbYFP+7o8Vz483S4zrxfTPTXBgIE9UuOFFCXSlFnERERRERJYoAOEY9CPbUuskyx5s75ma7bjVfJ7O0mP9Vnnub+NMqgWHGPXXyN2mWLmcmZUqVmLjWiupsPEC14Zr6tGpOGjbyy1ZoZ81djDrtZ2bJNJxq2C0fGxtMSsu61NjLNyWC/Nry5JovDO1gwXGwbN3SmYMxYtYXm7YS+ubzGPptXLqasEmQr4+DZs9tJ/Dx9nidczoqzK5GbHMs34nva+dU7k8adsw6dOZ7dT0njVvNPoHo2KZwzTyvpuPxe09GnsmXj/S7devmPR+mTvq9Bh7Icv0+ZmHSjZ567xsw0dszx2pdgm2TYNyrpi2X4QZ7YrlqtnzOdTPerBnbLpizUeTGYN1Ml5q1Y81VRQOTTFrtZ1lpJrPyZeTqfdMWZuMst0TZ1yTZRNlWZbPdGTWV7B2ArY4D4EydUfV2Z0xuFqxxR0ZVqxqURtRkUmou6Dsq0iW5EYtS4YK4Pgo1JojwTUuBbJJZRvkFIm2LNLfcs9yZcTBZW7XeIm5H/oE7Dig3K/Fu3GVXRd0KwKCrJuR7CIDAy9ldVasFZNyK8uxZjRVymvYaCmmYXfgGPMaRNCTAPXsUKJWLdIJ8xq/EiHU8bi+mR4JaQNLMSDIlIk6JSSJaIwCwy2RKtWF4cUtEYhRiNiSZE8VrVq5a3iEX5tDPbcuouyjSyibZbaMzPYBFgMuS9ECqItosm25Rf8AWZDLkBZUH8CAYzfgbplz+B9kZvB05+65uVfbsxtuafL9mO51d+Dijoyz8iEbs1N0W18bO5eHJt2nud5Y13IzSrNmcqM9GRyPsx48tQ66qmXMK8pH5ak9aic/gLB4F5pr+R4fDVvfWj3W7C6HGc7D3RMulxpcu/eFr+Djczzp2K8HG59d55+arWb/ANWj4M+HuatdlbnpNPG8GnxI40tFudSbF3nqV2y8muxcofuPyqsuzl3l0+SvcT9nTnj3sTfeeS7zzTm3lSMrfiGvZow/Fjitj8N0xmFt/lL/ACzbUnV+zfhyDWOz7qdPJltjDpWbxZL/ANzc1f5J/P8Au7czGL/gURG2Bx5ulgc2PN0uM3P5Wa1x4GFx4L21elwg6UCBEW+9WitlebQEilbSiJAbSq6WnHSzbbald1Wblrv2Lh851tacLVGXVmgd0CVyeZTm5uZtfidyZY+lQZ1uw5/i24aczDNTbdh2XMyYtbOpqw8jk1v5H3Tncme9rVBxnrdu41OZDdHbDJbb5OrDyeYrNXYwX3JHRye9r42Xvctp41UWXe6/YycnOz9evFi5OWkvory95/GpytnQ4ylNd7jZNZDzM/Y5nXqWbLnqlDU5Ofam306XJ7qvZ2vTJ21Y/S+nbiT+PXeg4ttXtuBDyXok66vbekz2PB09fLscLwdKGXBEw2YZ2YdLTEO6RYqK1D0TEYLPm7Yc7NlauVbm5qZxE5srBmyn5mGz8ROaqKHZIl0huSLab8KZyiWbNLXdMWYYtZ7Zcx9suZ00Fs+Q2yczX91zL2CiNW4FDgA4JlNXClwxUbFDiyxnDKIcFxZjLQthFjMjRkGEQeAKKXsBaQ9g7BW1PSxC9TFaixWFXJF4mm/AvVlMt4ma9nT1JzYD9GMCtWnpK1akwYxWpquQRJFjLYYOzTS8OLsSI1B3OnGDsBfFk8+k524vJsvBOhfSPQZdToxHRia8OBW6sYOkPoOl0k6X4U9LXKvEXo6ebEz9I32CYk6MZkY2mMTMhpUYj4xmxiMiSpNVEtMSGJOiWb01hkSvVIWycLUll7Am7EWLYm6SVZQrBtLWslWRZ1lW0CbLOsi0LAWTkNsu2p90E6l2dBVnUAAkMZpFlWbRWVqTbjnWLNMufnna3R5M7MVvRKzWQN+JlxqXbrFbvOhmtfyPqUUjTnp21GRk1J2EzY6ym9YUZfuQuI2GQn7dXtlMc0CJ18zNpZH8aeL5urxnIwulhydjj1Lfiabpx+ZW1U15qrRzrrZcXbqFxpdCJ+LFxnTwyekdhnUVj+Bds24irpmzeFNNsuUzlOPyf99Sjc/mU9E+KIhnQpfQyIpxq1tq6rP7dPbj1uho6uwQRi1GzYM1SvwINsm/MYb/ANwDv/cD0Ryv1EREBQ6OGtXOaoraHXm7JGO3Sw0uyY8JPi3XXMvZWyw23OmKvYUVJQmtBm+6Fp/82dM9CRWwza0P3VWkcqldBUYnz7cbaoz0q+VRQfFnSLqULYrWhmDDo8zOvqzxsG0sOvkk1l2tlsR5+6mmGqMs6MOxfVpe6W662hlv6k7Uz3lrdlN2p+FzsNVTZFJNN0z3rSrys+1JD6UtcdrH1U69HWcbLoP/AMmfrr6oMpru+k/F53ano/Q/i4/rd5ejj69t6PPi9v6ZWuF4v0efF7X0/FVxLy9PVy6fFurt3sOLWGTg4pmG3ZzbqFeYhdqMpVyy56mDM+VzeVlZ+Fn5uVz7rdqudiblz8kxWzZPNpvzD0thbqZLkm5a886MGbO1Lq+AvtZc2UV1sz3JWkXl2LzUNm5PapNVKumWx3RdtwUm6DY7kpvMc1aBsWxd0rNCzIkuD1OcOrSAbJs0j9l7SRsmyMPFvTNtQ9nONNUUvZnihbEtIopnihxTBaNhk7DKGn8II7Z8SloLUItX+D+kHpJEr0k7pB170ma5IuW2y9WtDDqnTbekPoqWf05rl3gqh4cFS6PSTpas26MZoxbJ0G2JH0m5MWMHtmbNg1d3XsZuTi2gjHMw4m3DiXGJpwz8RVgOkG8XY16r1ZGOb0CvbutqV0lpxzOkdEtN4k1BwGq9R6q1Kgok2C4MBWIuw7NWJdki2UygXRVjsq0zUIs2yrbkwAUlKKLsk2wIFXILOKItK1KuWm2ezg0myrOuS7lqCklXJoLasZtY83mxW35WC3Xj5rF/wnMQ05p2hmdufg5+YSg/4A6OeDmf5aul2E8av4yOlhnZmtSsft/suJ1dDpC6H6uVutObYI83U9qwXOl7fUy7MatyDhtw5ZYIrYyL1EjLReViupMsKzBTuM62FysLq8dm/NaNVay81djiiM2XVgzZdu0/Nlc/PesO/MBOa5oXG16hK4/V2LuYcU6NPQxuZh5FTB0cpm0tvtpBeCSuuHqs+XKKzYplntpvuggfUTdaK22Fc7F66qRX4yWpdgdo5dfURELImjAzuhwsU068/GafHxE1xxWrD6ds1Ljnfblq1dv+sr4i/rablWODpSaU7/8AX/qn9d+plY8XA1Dq9B/X/qn9f+qtxeLz+tGO1/X/AKqv0/8AU+UM5a74LNm40y72Xw7XJ5NPB9dPjJGCT44O3xN42LZ0onUFh/rZV7GXW1ZuRk1hqRm1wc2DVnuWvL3WXchRljFJvQbONgbYwToVrh5sGrC9By8cy5d4u8Slh/Jd4K8nVw4Nmv2K6+6nDw4qmPFs17HT9n2MebFqqI5+Ytv6Q44ewLmi1p1Y4P6me2n5HBrkaprTr9CQdANSOfE1u9V6Hjr+ZcnFxu+XsP8Ap/jePa4d2X1Hfl7D/p/gb6vY8XFMxLh+mf6US7PGqqeXp6uXUimjZlgbEutYZsXeVZNjSz56ZL8z8zJdKXUqyLOui7cZNLP0u8Gbtg+6ZM1dik1OVzctWyRi2a8095PbLoCbxTLPmqZM5OXVzM2WmZdQeTnZLrZd9yD6qTYLOtnunWM0q6IujLojubjNTZFIUdGoyYoRSIiBCWBWyQ02L2XtIJmwtqAtT2WiKNjzIhohnpuGQMs2ADIGqFoi1FCoMSQcSAyEk1Bcnl2iz3IIk+1xKBPSHq0dIWkpRl/wFr6Gx8cWUmGDIbo4sme1ky4mHVXSdSOLMrvBLW6Y5fSV0pdLpFXiVoxj1Gf0pDqwiirxNGodUme8QNWnRSTJqK5M1DaGgWpV+CJVqDZSRi9idlpCui0DaFLsKtlW1yyotdq2aZLui9hWFJWwUUQhdmFZEyTZVnWVZRWpdngbZrHmliue90s0slz3t83GXPyMlulmxV3Mmaf/AMno4orLYB2p0jHX1cf7uhxcssEfg/jV30Ov9ak9O1i8GiGDDlaYpyt26Tq8HI5s+TpbVox8rwHPXrDHM21jX5fyuMmvkmWe8t19X6WrbZf5Ixf7tmHutzvpjP8AsfM6w6HG8GG23D4M2+9axfV7ys1F5qrdnvKyi8197Bmrb8tV0x/N14/1eqPDOzXGL6pgxNfaulpHS+5sYvqbqNju7MEI1pTRrsC8Tls/hLLzT8jAZvCmub7xpmDYlOjFZM01/wCpDXmZHeOd+aiIhCN/Cy6MAorVqWjHpsPJl0+N6hLxc56/DRHMufk6M2Pe4edjH7zG8L/Z3/7/AJX/AGmT7HWfGvc+5xp7nG8L/aZA/wBnk/8AY+S8a957zDIffY3hf7PJ/wCyf2eT/wBgvGvd+8xh9zFfWXh/7Okr1TIFJf691y8kzHk5d1tZPJ5k0Thz7Xs88VjvcPE3drl8bmTMH3y5FMas2WZhxuXn2vtK5/qG3j4sXU2trWcah4cVbl4e5vw0yfpuGdTLqZLvPqwcnl/WjiXycuzJr3gvLVW0cbWg008bA1RKorUfUkwUu9Zc3k67tHLzsflawQzFj2dHFjkvjY26JmQ0HSWTK15q1hy82fvMZxTRGOSIaoZ3HSRr4eCcly9p6Tix4sMvL8Gpxxs6eHmVXa8v6O/5x7HjZ9r1l6L0/wAHlPRo27nruFHY8vUt+vTI6MG6lRRuzFl/jUWz2fbFnynk0jNTBdG5sssV0AZsReWls9hCvLRVr1CxbpIzOfmbs1OZyaal0MXMpyrrvb+T3Wz/AJxKTbihKjrnVnuj4ku6Zc1d4s2Vluu90kc6OwB2E2AoiiNQWwVpaiIiK9lK/haFsVqvVBjGtXBseYIOgTnFLpkanQzmxTO+ToaZBQ4pWYj4EXAwhRRgYkxJBRQUSM2EUZFAwWp0SWfhrUxmnxiX0pFFCVuKQEYpaIkEScikTJupQ9tUjdZ0BrIeqnVMuHUuSbmTdiwC+kRc9jZbPaa+syKtV0hYn+FX4A2TYsBLtLovYGhBdLsi0Vk2C9hQEpEsP8rL/EuFWi78CzWVV0tTXiNJug3S7kq2dwJsFFOsZqLRRCAsarQZ6Ls6/Mv8yJ7uEuw6napq6brOMt/8bHcy3ZpZ9UGK5Y7l07lnzYnXmsWesc3Ni2/Paz/if4dG51IvFt4O86E/1nXKVNT/ALqaabMGXvb4px8Na26fFpixfGz4F5p2g3yhWrhOi4vKj/JDr5sUsOadu135o1nj5t/GY4iv5qWjB2m1Y6EHxWsMeGjtnL6swvk137MF1r5NOatmDPs34gF1VH4cXjReCN2/BEtVDieweq4k+Jc70cBA4maXc6ihyl1K0B+TSR8ugi/Mq/GjbKvwpqEhS1OkHVIzMjXl8GR25+Od+RERGgi/x/upDLiF/KBF+GuerblC0Uv+HRIihROy1KQfTpfToeUGwtB9Olzj+ynUq2Optt5tGH9W/wBj+qezee9azjN1KkObPU/Js9tLLmwL1VjDdVXmuMtfM2+LQo41ENGHlatUcxijBRnSqRIqbyed2OfefaxZsTLpX1UEPw5fs3cbPq50YqaMOwrUda+Sx3zme67GewcaL5k0ZhzuYdFamQPR8bPOktXucf2ebjPqC+Yst+J2uZyZrxpg6k77ObeevsR16Zu/xuR38OWadCO55jjZ62drj5aqJZ6rpzHdjwdT0rBt3OXxJrJq9N6Nil5uneR6b0mZ7Xp+LOsOF6Rx/F6KI7HC3XaTDYNVALsFOVfY5PKqm+72hjud0mLWg6tWpObVi3Uz5gamJokTfayXdNeamPMEyZqczmbU6GamLMkxRKvzJ/aVdGT3oZOS52ajuZl72C6qmlaVe1KEjfPOMW6XqhhdkKWFFqEpEIWpFC3EtFLSQ6C4nvGiZBslwaVENiS58z4lic467qLjzXqKJOocHEC2YJ0UvYnZe6TUhGw9khbDZdhxSTXGU6KZIo2EGyKNimPY+FVGqKXtTPsrahKWjYWzMrYpr2TZnih7FWHbBuidg7BG7UXdB2DdJBskdlkLBdJdE7DViWpdleKK7KVYUg2rYSdqBVhHZbVqRV0Xdd6/gz9IFLVbVuMk2TbQTmUrANgojYqIiFnUVdJYLCBahai1RKQdyDxaiJuWe472uy6lrWbM9sv5kq8TZcA1XN9Yy5+bFLJ0qdm8WzNeBud4rHKuCssTM/4b82JkzTtDtz0JGVo42WvFnMw7b9rpfidjDk7DfJhw12NEU8t5kRlywZp17nR+DPmk89JjRdzoXe2na6xG7mRl+7ndWl9Svs1eFK1XlmWfba6LO4xzIWnDHxbYmdCMMtkS5WgMSZB0SvUX2ikN1Lpi+kC6LXamCRYL8KMzeZd+DYZlLU6ys9QjL4MjXl8GR25+MX5EREaCIiJIIImufqWZXhJZm20y7ZLfbNL/AINxfjyCZh+TV4mDq+jP4T+A7CcvCOWIC61RWadvzKan17fr4wdfG8172vsH3tfVwmRp6W8mOvkDaXnI59V+R+8pNO6bEy4Hv6Ow+o/shXbiUuezxc2PU5+x0eozY0UzNjB0P1Njk4/snucasv8AECMCXikz3OP7F3nlQ4TeJn6Db1JoOywM3QF0GmVtJivBRPtnTslnbPic68FF+3dTUWHErv8AG4w8Pi970Xp3D75J4fGnd6b0rjaxO0uPXp2kauBxZxw9H6Vxdrlz+Fg6tzL1XCwTiiXmt13jqcKOlEunDBgb4cXUd2z3ZuZjukgorZmzZUlXX0Z9O86NtzbnRiXEy6Lsebtc7lchJMzNyq1gN5WDmZ0iuTlIuirraxNSIFsmajeTbn3dEM/JZWy+4i1gpKhFtxlexNjLowWBREHizBoiifq1IixatFIueUZBhcGGxocDBEms2rBx5nbF4ZHqzWxL2Cq/BimC2TYlET9hwzGxTXNR42fYzY4BKVsvZlGwdFERRqTRBm1ExQtpak1G7Urqg3DsyTeqPqs+8ptKR3VHGVl3TZJs2TZk6quqk17FXRPVBsRa0bB3Z9ldUKDstV0TuifsVZeyrpI0u6L6gdlZZ9QtwqWzuiIpNg3RRNr+AgqK1QaEo24iyrk4qzrNJUZch1dGLAoiHWcqrCNStUgURdoq7VXMrEgz3IWjVWp07rNqrU25A3rOAJzS0alZpQYblhzYnUuWPky6Shxs06WkefafmxVdlR229FF/1qimiMrLBuHycOjGzbsIEBiAm/MIr81OqKvF9CunTX/IW/KT4mfoU1YJCfhn5M+V/q1pg6Cok+GOgbAwQO/y4+78bzEuirFZZ1mwqv8AYArDtqJ6Vhdl34Uu1X4U6JmUtTpIz1SMvgyNeZkdufjF+RERGgiIiSC/ARfhrj6kHIBS7QCHh+QBRWrTNMudtRKitljPTnVfNSXU76icqqbfF2D7fI9R7SQ+0n6uON2vLXx//aSOlT1mbg7FXwZ+q/8A4XmOlQ3o/Zz9Wa+DP1Srij3r7Ot7H8F3wOweV/gsxz+rkn5C6tHXwq+JXt8g2gv3VfsL3GRVzUAOtafHKpvw8xx4nVpjtOiO1Oczqy5G1GxW6+i3HV3kO0uZ1vyLrUxrWVvOw1LmdVq4c1lNrpzHe9NxbW9NwO65lwvS56UPTekz37PN1cdo7nDxTOtO5h7tXBiu+Xf9Pnxee3XaOlxYbPgz4aXsw6SjzdzFZ2zPyq7EgbFa96th7pGx2lcrkJdObysrCDzeR2OdeXYrk597ZeqkdmysNiutgNyBUea7qZLvtY7y1Q04Hk0ytFkDqEGpNtBGVvdc6z3IddTQ22CLLOBqEAJ2qatW6zhZmodaGxbjQdRaqHsUBUSvytZWIOJD/JsSNODgSLiXKxuHYZGGEuksWlldVNh1Z38pXcgEiSGQX/Cbd7rN/oOETsmzOYjDII2HsyTzoYuqvqnRjo/ALNGUfUMRyEdVNmsRyEbULemEZsmxe1K6qJqBEgsN0K6JtJYQ0BIwAQjThhdh2Xf/ABi3Em8h2LsPcdR+yEQZslV2HZLrsTyLIE2FrQFZh+oiIOjC7Ks2yy5hQS3QFXINaNUz/wCUUhmqtWkBBXKtSMFqHUa9UsBchP1DqZRjPqHVq1LuTKCdZLuTgam+xaz5sWrDyZ2dXN4MWaWt1hxs063TPp3ujmnvZun3uk71EnROqdMStQ1ai12MiWYmXN4EtWbF2MrpEiIdE6q3EXE0fhns1U0RLNuocGQGO4eqtODWoFs/VBhsvak2XS0ILWG/gIyXZd1qOys1NQlKEF0jHTPmZWzN4MbtxfTN+RERGgiIiSC/ARNc/UgpCt2n0LT+U/kUz+b/AD2tWyf1CxfI4rFNSNy66uufX0rL+Nb/AJMitgZvimH5CfD9mvf9WftIOpLje5D7xx+r47N1Ibpxvffqnu/z9hidbYu2D3n7L95+ykNrZrI9f1Y45Mj9ybNB14/1B7YfXX15ZTmczBMw5GjrczPttMua3mmTQa0NX8p/InUazDjcLLFamxezNY+HfwkTsreT8MmyT46G4eNs63Gxzihjium18etnLqukjt+nO/hy666OJxJ8dXf9K4tZ80vJ1dd5Mdr0nFWXueowzrEs3pPF6UN+fthy3XWA2Gyb958ImM/KPZ+akyL3K2DsknK5Grk8nK0c2nJuqYk1BvusF9oyMpi1SWqA3TcuAq2W+2zrJujCEnU4ClRNk2ZdEV5liqJo4FyQTqvUWqahA1WPVetJFqM1DqxSFeotU1PMANUM1Vq317anpIlpiQxJsC84ZVaijtGEERdiDYpLRAueX+jR7DiiToluewIu5OLpvFoERAkMiitVx5ubRqlLBOgRWybN8smeK4oryHAt0miK2TZCmIDcexBsUmxeyJK2BuIs4NTdA6ic+qYFL8EspRpe2q7okwWai9kUvZqTVUGkSLVYNKscUC0hS4TLoodBdWFLUgxaG5VqtGNNi9ZVqJGp6BeoTg6q1FAP1FqbRYy6pq06huSLSRGdNWpQEFqEWBVhWLU8zBSLkGrRqHVplnvVjzS3ZpYszUrNjBmmWVrzMnwb3QiBElB4TSYOUosDfgx5ZbmHM1IQR5nkR2WfB6Qj48GeJ2aIZiMwmlxQ9liWgRMEvIX+Tr7gXLX8wlX2g8h5i4vVALLfnTUzX5tcgKlgajPXoObuhhbrrWGN24+MWYFERsIiIkggr/DXKWKJ2UPFX4n8ut9M0NzqLHWv5S6mgCe19O6v4Tq/guJ2S51GRnxiXWy8Va/kCNY1jpa0mtG6LjX5vN7/AIPn1l1qCrqpdG5+rPc7KUSMfVr6r3r9x60oadH1aHHIqCtKs7pCQSHxnr7J16BGIOadWsn9ULu68gBuyt6/VbcxSH7JuVt+tDZyLyotgokGehumxs34WXB5t8ar+a6xo422V2OHi75YOFL0np3G2uXk6vvHZ0vTeL409x6NxZnWtXD9M4vfL1HG1mHHqu3MdWLmY7GfPlK3KunN1XHc1QXhaISW5/qFdjbmyzDlZq2tIgVi7S7Q1g5LHctfJY7SKvtZ7MzAgSYQ+MEXR+bwc3at0aO6LRdy1yAl2IFtC+irZz7KLIVDCFiaq1GvUgvVY9U1VUArUzUOrGHArTVeq59kIo7k1ocS0hxI9VxJqaKUYEIIbkSr8GbdVZkFaMgJ0dpcGKIeykTV15/6qA1VrqvYNs2pS9UgbF5xpFq2CQcgIG1EibIFmoewf8qUMWi7jYZzoogwQNl7NSBLCCwC9GQ9SQtYS7kuzyrEhpPkuNg+K2Uq16jiR6tT0LVQJYFaIC5DqYjLQLXAtRa9jt9YJ1XqZC7lzJGqam6pqkVqKJGvXUjQah1k/VeqWkL1M1WmSdAatP8AgOpwSk60mp2q7k6mYJtga1K1TVaJBLHZTTNhWVh5Lbk/2/DHyVz7mixhzMLdlYNe91kYV8xQiQkI4gzyMNGXcyaiZkc251szFXxFyp1JitbdL7mFqitTIrYoeHzctRy4oKFHfihExWotpZs96TCroexVn4S8wECjQEXOjQTdbtcs/QAu9BlZp2dJ9YsLy3t+SdRBdZ6OB/gI7U0xYFERMov8KQxCWH+fyt0nUCIn8odiRET+Rsn1LUiv5V6idXqi3n7MOv7Ceff8c7W3r/sDqsq9qP8A1TV3fqmjLF6tMZf/AMlKb7aowHxiZ8OfXyN91LKO6TByZP8AdB6stbq3GD2+yvZ39XawzLTGDYq15u8VSX/D03s9viXfp/6jBY895hiXb5PD6Xc42ftEOGw28b80wxe7q8PHVXMzLF7sduY73pOHZ7D0ni98uB6Rw6nV7b03BrEvHbd2u/MdPjTMtkUxxR8OTs17UZEbMsU24Q00RGhgSs16JFcqu9iuT7rYm0gF34LIzUhGHmUyG5qZbSTNGwfGF+RXJuZaln9JOamIWbKWwq0x4KtI8Cros2gBaXRVtToVVk2cjeCUhDlas40A+JBqOBak1EpFPTOh1VqMOoxaFa/4U1M/iQyFeRkSIRQJUSLUmAS47B60ls1qsuuqjbJEgtDYDdVaHUGBChTJkWiCalZpeqaiUrVFL1WjONaWg16HApakBREB3CmLtIS+5ILKzYLPhISaIooN/go9LnsN4n8JcGFwPZWaghswu2UC0WoRLgYF7FmiAvZQpiIgjIUS0RfAkGa7FR5nwkVajtC6SD2iVEjiSKINmIWaTYTU1FuApF2ikxKS0VfcQVYLO1VqcOFhHYG4S7KPsimsFLthzdzVm8GO1GKyZ2K/Nt5LBXm6S+sYWqFCVWrHH2LOj6qGjXqFZ0JmlhvHW7eTc0tWFoiMr4uKM8vEmDYo5p+GoXdLimpUZsFV1qXsAEAkZkNpd1qQPNXeF0zAFV+AirrVuRM4RBdVV2UOwGOfX1ERCyiIiSIiJIiIkiIiSIiJH9X8J1fwXrQBkZ8Yf1PwnV/BCLIvGNHUkxjP6n4Fis/w7ak3r7E9X8L6k/8A1GM5TN1xdfZSKB3OB3Q6eHtcj03/AI3Simk3RUgvJLncnmax5ONyefXwpGR0PVuZ/H47XnsmT83f8pmz1l8gRNVQnMjeN3FxV4vZ+gen7a04fo/Bqqnte74FY+NEzLh3ddpHV4GCcEOzhr6uLxstZbdvh90PL3XbmNMGRRaObo0YXTweDnYcXe6kT2BoTPyaPsm0mcFmX2lXSRF0xZqaLpizUgy3W1l2O+2yrqZ8kic16ufmqqM5OXa+xmB0q6OiewOo2+YxavYFoprFoLUuwi+xYFeq08klapqLUWoWkjHqvUDSRCLSXuvZeqtUEXqrUcSSuJFqOJFqtxqe1wIK2G8WXcmBIZ7JaLIsIKLRJBK1WjE1XqkDQJRdq1WpB69itTNTYAIPVWqIAnXBakIFoPVpFh8TdS7nsYsv8SHQzw0wJv8AYfq1pqhZUAwtqGIpEKEqwdwikCgmfiCils6rERFCqDQUL1RL2X5j1VqkGJNhQmeWRB1EFsq1WIJZokRCyiIhZBqCzi7kfDCNl7LuVeLeaktS1CTCCyzirKDZVjuiWpcZrNm7dmLN8W7k15MGYxmsXIrvZjuSS3mM/UREQxDI+xWrRH4ay34fihq/hGZL/QOF3K4MViYqx0W3ZsTPmxKImFprql/7rSiKTZKLS/8AdWyJaiIFDSc3kA65qrKudHSIGQFzsapuVi+utZbjUJuYvV0jULtQrLajHX1ERCyiIiSIiJIiIkiIiSIiJNjK7/J9OyY/i5fJwaf/ACZnpnmMSIjTSIiJIiIk0dT8f+wo/ZnlqY6Y6a+NytR3z3PsGtfZQSa0ZstZfJjppZr8zPZ4A6fpODq2w4Z3t2uNXS8V18x0juYc84ImZdHiZ6y6vK4s1Zbej9InveTrZcrtHrvTcXZLv4e2HH9N8JdiHmt125Pij8MbMkNnG82XR0IxNMFQJIdk2YRaSrc/k03XTnclIq2czYu6QZuTrLlczLt2tPPyubr3pB0mgGWXeySK2RNWpcc9RFhMrQbLNuQGTSrUyAbGIYgtVRJmosZTUWookbJxluVam2FIOqajHCWFdIeo9RaoyKiR6nRK9FPbRGqNGperLQNQajQsstkV5tGYi5CUtNUQXqoaNQq1EpNjYlXKLVDKHqtIkxIkS01TNAmg9U1RheqRI9U1RDcdhNw0akXI0l6tOPwIie9og7oWscC1SZ0O1DqlaTqXfa06guTqZ0N1DqbcC4EqO0TFalUrUSzzcF9h0VqJQUQUJEjRAg1LFoRIvVYFL1WiKtU1HqhZoNU1GHUsUKCSxbiL2VYtQNSatQGo0al0F3IDSbW6YG6KuhkXRVgbAsGxk0UjP5MOamrPXew5qa4n/WM1gzeYRZvMLdYRIRcAwUTscVBpKlopmwYs7DWxP8rjzPq/E167AvEPCapNWMd4GW8brWz9KaoJzunSdKnR6cquZPlQ5yNl4iLlpFIq1goVl7v/ALGlX27fsYCQ/wDoIP4dB18Bc7F66xX/ANTgX3dv1blZlZ7KbYxa+TLXbTcu/B19AggtMoiIkiIiSIiJIiIkiIiT6N6pkxvK+ofq7mbFWdm/rtvKWE8n06+qa19Xp83pjDm4WvyPknDF/Do+31+JNxqdZvWMRkY6r/aWjoy38bBNLTrl9CjXXjiz9ZVfFlm+2b7clHS9rMjvFMrGXIvtZ7rav5a+b/uxNRvmGYa0vZsw5d3PbeHO/aO/jcdT03FVW9p6RxtYlxfR+NM67PW8CZm5eXq7dd5HW4cupDn8OnQ2eWx2hkN/Gll4zoQy20QPYuB2lKvYqwqutYSBm8HJ5NNPJ5XZq5d0kvZlzZfqHNlI2QKzMxmaiAauwiUWLVaoJTWMlqXYBmtSpsC1KbUqGwCJPiRYtHEmRquDO1UVNQaj2DsyYXYDyA1iDgKJGwcVAtiNaIEXFD2UuERVyZsAWY1pahWWIKTmknU+yiCx6LWkrVa0SVqAaFFiiV6rBq/gijIlBWqG6g1SBqtdl7JLQGy9jiWVcG7bAWIuDEEsAoQKwVopZwWKUJVgloNaRaDRItDUWC0CaCRLVwNUSvUY1oVajVqsAViRYdCIKCc4tN+AEW0zaiIgxlSeSIsBYNTLA0AotR1BIs+yLPMRG3yJvuMutYIuuwlV1qT1F3XxZ7p01kvNXew5q1aM1MeZqCk2Awss0SwwIGQcGlQa6chFCCxVq1IjNila8LRj8GOKaYplswvVeyNW6sBYbHRd/lmTGbLS71+JNnlX+O9qZPrLPcgOIs7pWVmGG52an+r/APCEHc6gbFgPmqJ76EprXOzEYsvm13WrJf8Au6cLPWgREbZRERJEREkRESRERJEREn0mMGpn+FZcky5PJ9TmXOxNXLzzMODyc7NyebWRki66neaNdKO5nzSOMszBGS9+2Czbhcd7o8Zlifq6HGxajR9aYnsS+1PhqVdar3PqUXm7YXsRya+LQcrmf8jIfyfMhR1R2vTcGurk4p2r+HZ42XXtHXxrn69V6X8XoeNXfLyPpuenquBW2rydO8dzhuhHc52F2eNLy306xowzrB8VuRdfE3CG60x2j2KHBZiM3MrWGu+2HL5NbWGnPzUy5vA/NTHmpAgrNS7onXZGgvYLRbPZt0VLDsXdpA1mwxakIBYF2BaUBqNNnSS34yKDYLgyEj4S61L2Vf5YvU/pMihlwJr6UDqYFzrUoR6riTNUbQ6i1EJM4CDFLJRERVIHUSgbWe5I1abL1QL1TUS0ACXqmqEUExeqaJUZqrUYdUfBeoopq+wMItlBABcjVqYitQmah1Oz+rUhEQoK9k2XEiiIi9V6jNIVxKaiidWgMOq0Ywh1TUS/4Pjq2QpQrL3FQ0SBxLUAV6jUBatS0QlUi0OJSLQFFLUhqItSWotE/LWetSlWIF+DIK+aJ80QUGxqvwSZrJo6ybdNRWcmvA3N3EWpNOM2ama6aMzHdGTAVmplszLTO6S6xagRBMZooF5BgW2orQ4kYRfwJv8ABKtERpB/jvWtcTsrJ/FhsGeJf80JhqQzZNgKFaxaIh5uKh/BV9pxeaVJ6Zvsr+CL82gm/N0vM5+MgCKwgUm62AK5C6YtVYV2o/xjr6Xm+JF+B+b4kX4OvPw//UpERtzRERJEREkRESRERJEREnouf6pVeFOPk5VVfaz1X5r89wsU7V/AkxBaorYWHi/z/u2xwhfbNrMZhxbW2+2lInVK0eHHLRGpG0gvKWGtjzZQXkpjz3TNrWX+nbUVmojelX3GSfwaz5vMozN5ltNy6ZirWv5dCLct0OFtXaz01HovTdq1ev8ATfi8z6fi1iXp/TZ8Xj7uXHoj0fDnxdeNZhy+NWrTGXZw6mula2iCcPgdDLcFu0QVqLZDFcq3Iuu9uzUwWlGPk0xZqaeTTn8mwSboMUTuvZCn7FWDcRBeiJdF9UYTAg2TY4hbKCprANNQiblBgoCgZNUX/K2cs+mGxS9il7M243DlggasUMg4mDlSiIiC0UsFEUjUqWpAsjQ2WbfgWV8AJAoIJEOFFg2XssSlL2QYVIi2osGvZSmZNS1BRfRFWAav4OX+ACjk1E9HWfUcD1RqzUi+5Bs2YQogmswaHVBIsQRIgk0UiwT5n3KamTEmqLEqQoKF6qxkCDuVIaFBBU9nEUvVFZi1SLUAi1IYlqWG6VK1WmwgyzoIJkSg2sOyws9kXR2amW6KBZN0OybaiItjzNOamTK3Iyx5q79SbrX/AOJubzJzeDbmKK2GyxWjRPdCsxCgUBgyAf5hqIhCLUM2NQBkLiRM40k/n+FqjtWx1zJdhlWillIiIcWqDc7DUNwEE3OrVbNmaBahAtM2E3XkWK517QuiVYRBLn19LzfBmtpzf7s1uvJ/+oERG3NEREkRESRERJEREkRESRs4M/z+fz+WNt4Xb+R17i3HXwy1xLPh+xgZM2ZcxpOaki9gX+E/lP5VvN+tSYLXs2Y87bfhqwZmMxm0pERrm450jN5/go/LO35Ib3fbrz8HE7Xq7vo/F/jupyuFO2Z7Hg4NcLn+nx05bOBien9NweNORwZl2sOXWHj6d+XUP40uXxrrLmdvD2uNsvx0bI7TI8yIoyO1lrGlVg6pV5US8zJbTfcx5qQc/k6ubyabeTTnZq2Q1mBsdqXrKA4oVqBZGguijbL1N9rVoVstpaasnYTUmLTBbFoAYr/KkUStjIooUULcMPWqKWLDKZBheExnGjIMBhOaiUiIAiIiwoESNfGbUREYQVDCkXqmp6JM+qrP1LuWyQIzQF/hZf4vSkQQo0KCCpMWiQIikCIKqgVrRLVItFVoVrQUoIImViKiV67G66n4gapc6mAtoAWgolm0A1CdZWoK0iVxJsNyYlaoMIwIFaKegHVeq1nF9Dc9hZ1kiIKLgKSIiEqDYg2zUE4lNlgWX817As30A2Xssq6aILZ78z', '2025-12-06 11:23:38');
INSERT INTO `traloi_tuluan` (`id`, `makq`, `macauhoi`, `noidung`, `thoigianlam`) VALUES
(14, 9, 33, '<p>haaaaa</p>', '2025-12-06 11:23:38'),
(15, 9, 43, '<p>uhuuuu</p>', '2025-12-06 11:23:38'),
(16, 9, 44, '<p>hihiii</p>', '2025-12-06 11:23:38');

-- --------------------------------------------------------

--
-- Cấu trúc bảng cho bảng `trangthaithongbao`
--

CREATE TABLE `trangthaithongbao` (
  `matb` int(11) NOT NULL,
  `manguoidung` varchar(50) NOT NULL,
  `trangthai` varchar(20) DEFAULT 'chưa xem'
) ENGINE=InnoDB DEFAULT CHARSET=utf8mb4 COLLATE=utf8mb4_general_ci;

--
-- Đang đổ dữ liệu cho bảng `trangthaithongbao`
--

INSERT INTO `trangthaithongbao` (`matb`, `manguoidung`, `trangthai`) VALUES
(2, 'CNTT2211001', 'đã xem'),
(2, 'CNTT2211002', 'đã xem'),
(2, 'CNTT2211003', 'đã xem'),
(2, 'CNTT22110032', 'chưa xem'),
(2, 'CNTT2211004', 'chưa xem'),
(2, 'CNTT2211005', 'chưa xem'),
(2, 'CNTT2211006', 'chưa xem'),
(2, 'CNTT2211007', 'đã xem'),
(2, 'CNTT2211008', 'đã xem'),
(2, 'CNTT2211009', 'đã xem'),
(2, 'CNTT2211010', 'đã xem'),
(2, 'CNTT2211011', 'chưa xem'),
(2, 'CNTT2211012', 'chưa xem'),
(2, 'CNTT2211013', 'chưa xem'),
(2, 'CNTT2211014', 'chưa xem'),
(2, 'CNTT2211015', 'chưa xem'),
(2, 'CNTT2211016', 'chưa xem'),
(2, 'CNTT2211017', 'đã xem'),
(2, 'CNTT2211018', 'chưa xem'),
(2, 'CNTT2211019', 'chưa xem'),
(2, 'CNTT2211020', 'đã xem'),
(2, 'CNTT2211021', 'chưa xem'),
(2, 'CNTT2211022', 'chưa xem'),
(2, 'CNTT2211023', 'đã xem'),
(2, 'CNTT2211024', 'chưa xem'),
(2, 'CNTT2211025', 'chưa xem'),
(2, 'CNTT2211026', 'chưa xem'),
(2, 'CNTT2211027', 'chưa xem'),
(2, 'CNTT2211028', 'chưa xem'),
(2, 'CNTT2211029', 'chưa xem'),
(2, 'CNTT2211030', 'đã xem'),
(2, 'CNTT2211031', 'chưa xem'),
(2, 'HTTT2211003', 'chưa xem'),
(3, 'KTPM2211001', 'chưa xem'),
(3, 'KTPM2211002', 'đã xem'),
(3, 'KTPM2211003', 'chưa xem'),
(3, 'KTPM2211004', 'chưa xem'),
(3, 'KTPM2211005', 'chưa xem'),
(3, 'KTPM2211006', 'chưa xem'),
(3, 'KTPM2211007', 'chưa xem'),
(3, 'KTPM2211008', 'chưa xem'),
(3, 'KTPM2211009', 'chưa xem'),
(3, 'KTPM2211010', 'chưa xem'),
(3, 'KTPM2211011', 'chưa xem'),
(3, 'KTPM2211012', 'chưa xem'),
(3, 'KTPM2211013', 'chưa xem'),
(3, 'KTPM2211014', 'đã xem'),
(3, 'KTPM2211015', 'chưa xem'),
(3, 'KTPM2211016', 'chưa xem'),
(3, 'KTPM2211017', 'đã xem'),
(3, 'KTPM2211018', 'chưa xem'),
(3, 'KTPM2211019', 'chưa xem'),
(3, 'KTPM2211020', 'đã xem'),
(3, 'KTPM2211021', 'chưa xem'),
(3, 'KTPM2211022', 'đã xem'),
(3, 'KTPM2211023', 'chưa xem'),
(3, 'KTPM2211024', 'chưa xem'),
(3, 'KTPM2211025', 'chưa xem'),
(3, 'KTPM2211026', 'chưa xem'),
(3, 'KTPM2211027', 'chưa xem'),
(3, 'KTPM2211028', 'chưa xem'),
(3, 'KTPM2211029', 'chưa xem'),
(3, 'KTPM2211030', 'đã xem'),
(3, 'KTPM2211031', 'chưa xem'),
(4, 'KTPM2211001', 'chưa xem'),
(4, 'KTPM2211002', 'đã xem'),
(4, 'KTPM2211003', 'chưa xem'),
(4, 'KTPM2211004', 'chưa xem'),
(4, 'KTPM2211005', 'chưa xem'),
(4, 'KTPM2211006', 'chưa xem'),
(4, 'KTPM2211007', 'chưa xem'),
(4, 'KTPM2211008', 'chưa xem'),
(4, 'KTPM2211009', 'chưa xem'),
(4, 'KTPM2211010', 'chưa xem'),
(4, 'KTPM2211011', 'chưa xem'),
(4, 'KTPM2211012', 'chưa xem'),
(4, 'KTPM2211013', 'chưa xem'),
(4, 'KTPM2211014', 'đã xem'),
(4, 'KTPM2211015', 'chưa xem'),
(4, 'KTPM2211016', 'chưa xem'),
(4, 'KTPM2211017', 'đã xem'),
(4, 'KTPM2211018', 'chưa xem'),
(4, 'KTPM2211019', 'chưa xem'),
(4, 'KTPM2211020', 'đã xem'),
(4, 'KTPM2211021', 'chưa xem'),
(4, 'KTPM2211022', 'đã xem'),
(4, 'KTPM2211023', 'chưa xem'),
(4, 'KTPM2211024', 'chưa xem'),
(4, 'KTPM2211025', 'chưa xem'),
(4, 'KTPM2211026', 'chưa xem'),
(4, 'KTPM2211027', 'chưa xem'),
(4, 'KTPM2211028', 'chưa xem'),
(4, 'KTPM2211029', 'chưa xem'),
(4, 'KTPM2211030', 'đã xem'),
(4, 'KTPM2211031', 'chưa xem'),
(10, 'CNTT2211001', 'đã xem'),
(10, 'CNTT2211002', 'đã xem'),
(10, 'CNTT2211003', 'đã xem'),
(10, 'CNTT22110032', 'chưa xem'),
(10, 'CNTT2211004', 'chưa xem'),
(10, 'CNTT2211005', 'chưa xem'),
(10, 'CNTT2211006', 'chưa xem'),
(10, 'CNTT2211007', 'đã xem'),
(10, 'CNTT2211008', 'đã xem'),
(10, 'CNTT2211009', 'đã xem'),
(10, 'CNTT2211010', 'đã xem'),
(10, 'CNTT2211011', 'chưa xem'),
(10, 'CNTT2211012', 'chưa xem'),
(10, 'CNTT2211013', 'chưa xem'),
(10, 'CNTT2211014', 'chưa xem'),
(10, 'CNTT2211015', 'chưa xem'),
(10, 'CNTT2211016', 'chưa xem'),
(10, 'CNTT2211017', 'đã xem'),
(10, 'CNTT2211018', 'chưa xem'),
(10, 'CNTT2211019', 'chưa xem'),
(10, 'CNTT2211020', 'đã xem'),
(10, 'CNTT2211021', 'chưa xem'),
(10, 'CNTT2211022', 'chưa xem'),
(10, 'CNTT2211023', 'đã xem'),
(10, 'CNTT2211024', 'chưa xem'),
(10, 'CNTT2211025', 'chưa xem'),
(10, 'CNTT2211026', 'chưa xem'),
(10, 'CNTT2211027', 'chưa xem'),
(10, 'CNTT2211028', 'chưa xem'),
(10, 'CNTT2211029', 'chưa xem'),
(10, 'CNTT2211030', 'đã xem'),
(10, 'CNTT2211031', 'chưa xem'),
(10, 'CNTT2211045', 'chưa xem'),
(10, 'HTTT2211003', 'chưa xem'),
(12, 'CNTT2211001', 'đã xem'),
(12, 'CNTT2211002', 'chưa xem'),
(12, 'CNTT2211003', 'đã xem'),
(12, 'CNTT22110032', 'chưa xem'),
(12, 'CNTT2211004', 'chưa xem'),
(12, 'CNTT2211005', 'chưa xem'),
(12, 'CNTT2211006', 'chưa xem'),
(12, 'CNTT2211007', 'đã xem'),
(12, 'CNTT2211008', 'đã xem'),
(12, 'CNTT2211009', 'đã xem'),
(12, 'CNTT2211010', 'đã xem'),
(12, 'CNTT2211011', 'chưa xem'),
(12, 'CNTT2211012', 'chưa xem'),
(12, 'CNTT2211013', 'chưa xem'),
(12, 'CNTT2211014', 'chưa xem'),
(12, 'CNTT2211015', 'chưa xem'),
(12, 'CNTT2211016', 'chưa xem'),
(12, 'CNTT2211017', 'đã xem'),
(12, 'CNTT2211018', 'chưa xem'),
(12, 'CNTT2211019', 'chưa xem'),
(12, 'CNTT2211020', 'đã xem'),
(12, 'CNTT2211021', 'chưa xem'),
(12, 'CNTT2211022', 'chưa xem'),
(12, 'CNTT2211023', 'đã xem'),
(12, 'CNTT2211024', 'chưa xem'),
(12, 'CNTT2211025', 'chưa xem'),
(12, 'CNTT2211026', 'chưa xem'),
(12, 'CNTT2211027', 'chưa xem'),
(12, 'CNTT2211028', 'chưa xem'),
(12, 'CNTT2211029', 'chưa xem'),
(12, 'CNTT2211030', 'đã xem'),
(12, 'CNTT2211031', 'chưa xem'),
(12, 'CNTT2211045', 'chưa xem'),
(12, 'HTTT2211003', 'chưa xem'),
(33, 'CNTT2211001', 'chưa xem'),
(33, 'CNTT2211002', 'chưa xem'),
(33, 'CNTT2211003', 'chưa xem'),
(33, 'CNTT22110032', 'chưa xem'),
(33, 'CNTT2211004', 'chưa xem'),
(33, 'CNTT2211005', 'chưa xem'),
(33, 'CNTT2211006', 'chưa xem'),
(33, 'CNTT2211007', 'đã xem'),
(33, 'CNTT2211008', 'chưa xem'),
(33, 'CNTT2211009', 'đã xem'),
(33, 'CNTT2211010', 'đã xem'),
(33, 'CNTT2211011', 'chưa xem'),
(33, 'CNTT2211012', 'chưa xem'),
(33, 'CNTT2211013', 'chưa xem'),
(33, 'CNTT2211014', 'chưa xem'),
(33, 'CNTT2211015', 'chưa xem'),
(33, 'CNTT2211016', 'chưa xem'),
(33, 'CNTT2211017', 'đã xem'),
(33, 'CNTT2211018', 'chưa xem'),
(33, 'CNTT2211019', 'chưa xem'),
(33, 'CNTT2211020', 'chưa xem'),
(33, 'CNTT2211021', 'chưa xem'),
(33, 'CNTT2211022', 'chưa xem'),
(33, 'CNTT2211023', 'đã xem'),
(33, 'CNTT2211024', 'chưa xem'),
(33, 'CNTT2211025', 'chưa xem'),
(33, 'CNTT2211026', 'chưa xem'),
(33, 'CNTT2211027', 'chưa xem'),
(33, 'CNTT2211028', 'chưa xem'),
(33, 'CNTT2211029', 'chưa xem'),
(33, 'CNTT2211030', 'đã xem'),
(33, 'CNTT2211031', 'chưa xem'),
(33, 'CNTT2211035', 'chưa xem'),
(33, 'CNTT2211036', 'chưa xem'),
(33, 'CNTT2211037', 'chưa xem'),
(33, 'CNTT2211040', 'chưa xem'),
(33, 'CNTT2211045', 'chưa xem'),
(33, 'CNTT2211048', 'chưa xem'),
(33, 'CNTT2211050', 'chưa xem'),
(33, 'HTTT2211001', 'chưa xem'),
(33, 'HTTT2211002', 'chưa xem'),
(33, 'HTTT2211003', 'chưa xem'),
(33, 'HTTT2211004', 'chưa xem'),
(33, 'HTTT2211005', 'chưa xem'),
(33, 'HTTT2211006', 'chưa xem'),
(33, 'HTTT2211007', 'chưa xem'),
(33, 'HTTT2211008', 'chưa xem'),
(33, 'HTTT2211009', 'chưa xem'),
(33, 'HTTT2211010', 'chưa xem'),
(33, 'HTTT2211011', 'chưa xem'),
(33, 'HTTT2211012', 'chưa xem'),
(33, 'HTTT2211013', 'chưa xem'),
(33, 'HTTT2211014', 'chưa xem'),
(33, 'HTTT2211015', 'chưa xem'),
(33, 'HTTT2211016', 'chưa xem'),
(33, 'HTTT2211017', 'chưa xem'),
(33, 'HTTT2211018', 'đã xem'),
(33, 'HTTT2211019', 'chưa xem'),
(33, 'HTTT2211020', 'chưa xem'),
(33, 'HTTT2211021', 'chưa xem'),
(33, 'HTTT2211022', 'chưa xem'),
(33, 'HTTT2211023', 'chưa xem'),
(33, 'HTTT2211024', 'chưa xem'),
(33, 'HTTT2211025', 'chưa xem'),
(33, 'HTTT2211026', 'chưa xem'),
(33, 'HTTT2211027', 'chưa xem'),
(33, 'HTTT2211028', 'chưa xem'),
(33, 'HTTT2211029', 'chưa xem'),
(33, 'HTTT2211030', 'chưa xem'),
(33, 'HTTT2211031', 'chưa xem'),
(33, 'KTPM2211032', 'chưa xem'),
(33, 'KTPM2211033', 'chưa xem'),
(33, 'KTPM2211034', 'chưa xem'),
(33, 'KTPM2211035', 'chưa xem'),
(33, 'KTPM2211036', 'chưa xem'),
(33, 'KTPM2211037', 'chưa xem'),
(33, 'KTPM2211038', 'chưa xem'),
(33, 'KTPM2211039', 'chưa xem'),
(33, 'KTPM2211040', 'chưa xem'),
(33, 'KTPM2211041', 'chưa xem'),
(33, 'KTPM2211042', 'chưa xem'),
(33, 'KTPM2211043', 'chưa xem'),
(33, 'KTPM2211044', 'chưa xem'),
(33, 'KTPM2211045', 'chưa xem'),
(33, 'KTPM2211046', 'chưa xem'),
(34, 'CNTT2211001', 'chưa xem'),
(34, 'CNTT2211002', 'chưa xem'),
(34, 'CNTT2211003', 'chưa xem'),
(34, 'CNTT22110032', 'chưa xem'),
(34, 'CNTT2211004', 'chưa xem'),
(34, 'CNTT2211005', 'chưa xem'),
(34, 'CNTT2211006', 'chưa xem'),
(34, 'CNTT2211007', 'đã xem'),
(34, 'CNTT2211008', 'chưa xem'),
(34, 'CNTT2211009', 'đã xem'),
(34, 'CNTT2211010', 'đã xem'),
(34, 'CNTT2211011', 'chưa xem'),
(34, 'CNTT2211012', 'chưa xem'),
(34, 'CNTT2211013', 'chưa xem'),
(34, 'CNTT2211014', 'chưa xem'),
(34, 'CNTT2211015', 'chưa xem'),
(34, 'CNTT2211016', 'chưa xem'),
(34, 'CNTT2211017', 'đã xem'),
(34, 'CNTT2211018', 'chưa xem'),
(34, 'CNTT2211019', 'chưa xem'),
(34, 'CNTT2211020', 'chưa xem'),
(34, 'CNTT2211021', 'chưa xem'),
(34, 'CNTT2211022', 'chưa xem'),
(34, 'CNTT2211023', 'đã xem'),
(34, 'CNTT2211024', 'chưa xem'),
(34, 'CNTT2211025', 'chưa xem'),
(34, 'CNTT2211026', 'chưa xem'),
(34, 'CNTT2211027', 'chưa xem'),
(34, 'CNTT2211028', 'chưa xem'),
(34, 'CNTT2211029', 'chưa xem'),
(34, 'CNTT2211030', 'đã xem'),
(34, 'CNTT2211031', 'chưa xem'),
(34, 'CNTT2211035', 'chưa xem'),
(34, 'CNTT2211036', 'chưa xem'),
(34, 'CNTT2211037', 'chưa xem'),
(34, 'CNTT2211040', 'chưa xem'),
(34, 'CNTT2211045', 'chưa xem'),
(34, 'CNTT2211048', 'chưa xem'),
(34, 'CNTT2211050', 'chưa xem'),
(34, 'HTTT2211001', 'chưa xem'),
(34, 'HTTT2211002', 'chưa xem'),
(34, 'HTTT2211003', 'chưa xem'),
(34, 'HTTT2211004', 'chưa xem'),
(34, 'HTTT2211005', 'chưa xem'),
(34, 'HTTT2211006', 'chưa xem'),
(34, 'HTTT2211007', 'chưa xem'),
(34, 'HTTT2211008', 'chưa xem'),
(34, 'HTTT2211009', 'chưa xem'),
(34, 'HTTT2211010', 'chưa xem'),
(34, 'HTTT2211011', 'chưa xem'),
(34, 'HTTT2211012', 'chưa xem'),
(34, 'HTTT2211013', 'chưa xem'),
(34, 'HTTT2211014', 'chưa xem'),
(34, 'HTTT2211015', 'chưa xem'),
(34, 'HTTT2211016', 'chưa xem'),
(34, 'HTTT2211017', 'chưa xem'),
(34, 'HTTT2211018', 'đã xem'),
(34, 'HTTT2211019', 'chưa xem'),
(34, 'HTTT2211020', 'chưa xem'),
(34, 'HTTT2211021', 'chưa xem'),
(34, 'HTTT2211022', 'chưa xem'),
(34, 'HTTT2211023', 'chưa xem'),
(34, 'HTTT2211024', 'chưa xem'),
(34, 'HTTT2211025', 'chưa xem'),
(34, 'HTTT2211026', 'chưa xem'),
(34, 'HTTT2211027', 'chưa xem'),
(34, 'HTTT2211028', 'chưa xem'),
(34, 'HTTT2211029', 'chưa xem'),
(34, 'HTTT2211030', 'chưa xem'),
(34, 'HTTT2211031', 'chưa xem'),
(34, 'KTPM2211032', 'chưa xem'),
(34, 'KTPM2211033', 'chưa xem'),
(34, 'KTPM2211034', 'chưa xem'),
(34, 'KTPM2211035', 'chưa xem'),
(34, 'KTPM2211036', 'chưa xem'),
(34, 'KTPM2211037', 'chưa xem'),
(34, 'KTPM2211038', 'chưa xem'),
(34, 'KTPM2211039', 'chưa xem'),
(34, 'KTPM2211040', 'chưa xem'),
(34, 'KTPM2211041', 'chưa xem'),
(34, 'KTPM2211042', 'chưa xem'),
(34, 'KTPM2211043', 'chưa xem'),
(34, 'KTPM2211044', 'chưa xem'),
(34, 'KTPM2211045', 'chưa xem'),
(34, 'KTPM2211046', 'chưa xem'),
(35, 'CNTT2211001', 'chưa xem'),
(35, 'CNTT2211002', 'chưa xem'),
(35, 'CNTT2211003', 'chưa xem'),
(35, 'CNTT22110032', 'chưa xem'),
(35, 'CNTT2211004', 'chưa xem'),
(35, 'CNTT2211005', 'chưa xem'),
(35, 'CNTT2211006', 'chưa xem'),
(35, 'CNTT2211007', 'đã xem'),
(35, 'CNTT2211008', 'chưa xem'),
(35, 'CNTT2211009', 'đã xem'),
(35, 'CNTT2211010', 'đã xem'),
(35, 'CNTT2211011', 'chưa xem'),
(35, 'CNTT2211012', 'chưa xem'),
(35, 'CNTT2211013', 'chưa xem'),
(35, 'CNTT2211014', 'chưa xem'),
(35, 'CNTT2211015', 'chưa xem'),
(35, 'CNTT2211016', 'chưa xem'),
(35, 'CNTT2211017', 'đã xem'),
(35, 'CNTT2211018', 'chưa xem'),
(35, 'CNTT2211019', 'chưa xem'),
(35, 'CNTT2211020', 'chưa xem'),
(35, 'CNTT2211021', 'chưa xem'),
(35, 'CNTT2211022', 'chưa xem'),
(35, 'CNTT2211023', 'đã xem'),
(35, 'CNTT2211024', 'chưa xem'),
(35, 'CNTT2211025', 'chưa xem'),
(35, 'CNTT2211026', 'chưa xem'),
(35, 'CNTT2211027', 'chưa xem'),
(35, 'CNTT2211028', 'chưa xem'),
(35, 'CNTT2211029', 'chưa xem'),
(35, 'CNTT2211030', 'đã xem'),
(35, 'CNTT2211031', 'chưa xem'),
(35, 'CNTT2211035', 'chưa xem'),
(35, 'CNTT2211036', 'chưa xem'),
(35, 'CNTT2211037', 'chưa xem'),
(35, 'CNTT2211040', 'chưa xem'),
(35, 'CNTT2211045', 'chưa xem'),
(35, 'CNTT2211048', 'chưa xem'),
(35, 'CNTT2211050', 'chưa xem'),
(35, 'HTTT2211001', 'chưa xem'),
(35, 'HTTT2211002', 'chưa xem'),
(35, 'HTTT2211003', 'chưa xem'),
(35, 'HTTT2211004', 'chưa xem'),
(35, 'HTTT2211005', 'chưa xem'),
(35, 'HTTT2211006', 'chưa xem'),
(35, 'HTTT2211007', 'chưa xem'),
(35, 'HTTT2211008', 'chưa xem'),
(35, 'HTTT2211009', 'chưa xem'),
(35, 'HTTT2211010', 'chưa xem'),
(35, 'HTTT2211011', 'chưa xem'),
(35, 'HTTT2211012', 'chưa xem'),
(35, 'HTTT2211013', 'chưa xem'),
(35, 'HTTT2211014', 'chưa xem'),
(35, 'HTTT2211015', 'chưa xem'),
(35, 'HTTT2211016', 'chưa xem'),
(35, 'HTTT2211017', 'chưa xem'),
(35, 'HTTT2211018', 'đã xem'),
(35, 'HTTT2211019', 'chưa xem'),
(35, 'HTTT2211020', 'chưa xem'),
(35, 'HTTT2211021', 'chưa xem'),
(35, 'HTTT2211022', 'chưa xem'),
(35, 'HTTT2211023', 'chưa xem'),
(35, 'HTTT2211024', 'chưa xem'),
(35, 'HTTT2211025', 'chưa xem'),
(35, 'HTTT2211026', 'chưa xem'),
(35, 'HTTT2211027', 'chưa xem'),
(35, 'HTTT2211028', 'chưa xem'),
(35, 'HTTT2211029', 'chưa xem'),
(35, 'HTTT2211030', 'chưa xem'),
(35, 'HTTT2211031', 'chưa xem'),
(35, 'KTPM2211032', 'chưa xem'),
(35, 'KTPM2211033', 'chưa xem'),
(35, 'KTPM2211034', 'chưa xem'),
(35, 'KTPM2211035', 'chưa xem'),
(35, 'KTPM2211036', 'chưa xem'),
(35, 'KTPM2211037', 'chưa xem'),
(35, 'KTPM2211038', 'chưa xem'),
(35, 'KTPM2211039', 'chưa xem'),
(35, 'KTPM2211040', 'chưa xem'),
(35, 'KTPM2211041', 'chưa xem'),
(35, 'KTPM2211042', 'chưa xem'),
(35, 'KTPM2211043', 'chưa xem'),
(35, 'KTPM2211044', 'chưa xem'),
(35, 'KTPM2211045', 'chưa xem'),
(35, 'KTPM2211046', 'chưa xem'),
(36, 'CNTT2211001', 'chưa xem'),
(36, 'CNTT2211002', 'chưa xem'),
(36, 'CNTT2211003', 'chưa xem'),
(36, 'CNTT22110032', 'chưa xem'),
(36, 'CNTT2211004', 'chưa xem'),
(36, 'CNTT2211005', 'chưa xem'),
(36, 'CNTT2211006', 'chưa xem'),
(36, 'CNTT2211007', 'đã xem'),
(36, 'CNTT2211008', 'chưa xem'),
(36, 'CNTT2211009', 'đã xem'),
(36, 'CNTT2211010', 'đã xem'),
(36, 'CNTT2211011', 'chưa xem'),
(36, 'CNTT2211012', 'chưa xem'),
(36, 'CNTT2211013', 'chưa xem'),
(36, 'CNTT2211014', 'chưa xem'),
(36, 'CNTT2211015', 'chưa xem'),
(36, 'CNTT2211016', 'chưa xem'),
(36, 'CNTT2211017', 'đã xem'),
(36, 'CNTT2211018', 'chưa xem'),
(36, 'CNTT2211019', 'chưa xem'),
(36, 'CNTT2211020', 'chưa xem'),
(36, 'CNTT2211021', 'chưa xem'),
(36, 'CNTT2211022', 'chưa xem'),
(36, 'CNTT2211023', 'đã xem'),
(36, 'CNTT2211024', 'chưa xem'),
(36, 'CNTT2211025', 'chưa xem'),
(36, 'CNTT2211026', 'chưa xem'),
(36, 'CNTT2211027', 'chưa xem'),
(36, 'CNTT2211028', 'chưa xem'),
(36, 'CNTT2211029', 'chưa xem'),
(36, 'CNTT2211030', 'đã xem'),
(36, 'CNTT2211031', 'chưa xem'),
(36, 'CNTT2211035', 'chưa xem'),
(36, 'CNTT2211036', 'chưa xem'),
(36, 'CNTT2211037', 'chưa xem'),
(36, 'CNTT2211040', 'chưa xem'),
(36, 'CNTT2211045', 'chưa xem'),
(36, 'CNTT2211048', 'chưa xem'),
(36, 'CNTT2211050', 'chưa xem'),
(36, 'HTTT2211001', 'chưa xem'),
(36, 'HTTT2211002', 'chưa xem'),
(36, 'HTTT2211003', 'chưa xem'),
(36, 'HTTT2211004', 'chưa xem'),
(36, 'HTTT2211005', 'chưa xem'),
(36, 'HTTT2211006', 'chưa xem'),
(36, 'HTTT2211007', 'chưa xem'),
(36, 'HTTT2211008', 'chưa xem'),
(36, 'HTTT2211009', 'chưa xem'),
(36, 'HTTT2211010', 'chưa xem'),
(36, 'HTTT2211011', 'chưa xem'),
(36, 'HTTT2211012', 'chưa xem'),
(36, 'HTTT2211013', 'chưa xem'),
(36, 'HTTT2211014', 'chưa xem'),
(36, 'HTTT2211015', 'chưa xem'),
(36, 'HTTT2211016', 'chưa xem'),
(36, 'HTTT2211017', 'chưa xem'),
(36, 'HTTT2211018', 'đã xem'),
(36, 'HTTT2211019', 'chưa xem'),
(36, 'HTTT2211020', 'chưa xem'),
(36, 'HTTT2211021', 'chưa xem'),
(36, 'HTTT2211022', 'chưa xem'),
(36, 'HTTT2211023', 'chưa xem'),
(36, 'HTTT2211024', 'chưa xem'),
(36, 'HTTT2211025', 'chưa xem'),
(36, 'HTTT2211026', 'chưa xem'),
(36, 'HTTT2211027', 'chưa xem'),
(36, 'HTTT2211028', 'chưa xem'),
(36, 'HTTT2211029', 'chưa xem'),
(36, 'HTTT2211030', 'chưa xem'),
(36, 'HTTT2211031', 'chưa xem'),
(36, 'KTPM2211032', 'chưa xem'),
(36, 'KTPM2211033', 'chưa xem'),
(36, 'KTPM2211034', 'chưa xem'),
(36, 'KTPM2211035', 'chưa xem'),
(36, 'KTPM2211036', 'chưa xem'),
(36, 'KTPM2211037', 'chưa xem'),
(36, 'KTPM2211038', 'chưa xem'),
(36, 'KTPM2211039', 'chưa xem'),
(36, 'KTPM2211040', 'chưa xem'),
(36, 'KTPM2211041', 'chưa xem'),
(36, 'KTPM2211042', 'chưa xem'),
(36, 'KTPM2211043', 'chưa xem'),
(36, 'KTPM2211044', 'chưa xem'),
(36, 'KTPM2211045', 'chưa xem'),
(36, 'KTPM2211046', 'chưa xem'),
(37, 'CNTT2211001', 'chưa xem'),
(37, 'CNTT2211002', 'chưa xem'),
(37, 'CNTT2211003', 'chưa xem'),
(37, 'CNTT22110032', 'chưa xem'),
(37, 'CNTT2211004', 'chưa xem'),
(37, 'CNTT2211005', 'chưa xem'),
(37, 'CNTT2211006', 'chưa xem'),
(37, 'CNTT2211007', 'đã xem'),
(37, 'CNTT2211008', 'chưa xem'),
(37, 'CNTT2211009', 'đã xem'),
(37, 'CNTT2211010', 'đã xem'),
(37, 'CNTT2211011', 'chưa xem'),
(37, 'CNTT2211012', 'chưa xem'),
(37, 'CNTT2211013', 'chưa xem'),
(37, 'CNTT2211014', 'chưa xem'),
(37, 'CNTT2211015', 'chưa xem'),
(37, 'CNTT2211016', 'chưa xem'),
(37, 'CNTT2211017', 'đã xem'),
(37, 'CNTT2211018', 'chưa xem'),
(37, 'CNTT2211019', 'chưa xem'),
(37, 'CNTT2211020', 'chưa xem'),
(37, 'CNTT2211021', 'chưa xem'),
(37, 'CNTT2211022', 'chưa xem'),
(37, 'CNTT2211023', 'đã xem'),
(37, 'CNTT2211024', 'chưa xem'),
(37, 'CNTT2211025', 'chưa xem'),
(37, 'CNTT2211026', 'chưa xem'),
(37, 'CNTT2211027', 'chưa xem'),
(37, 'CNTT2211028', 'chưa xem'),
(37, 'CNTT2211029', 'chưa xem'),
(37, 'CNTT2211030', 'đã xem'),
(37, 'CNTT2211031', 'chưa xem'),
(37, 'CNTT2211035', 'chưa xem'),
(37, 'CNTT2211036', 'chưa xem'),
(37, 'CNTT2211037', 'chưa xem'),
(37, 'CNTT2211040', 'chưa xem'),
(37, 'CNTT2211045', 'chưa xem'),
(37, 'CNTT2211048', 'chưa xem'),
(37, 'CNTT2211050', 'chưa xem'),
(37, 'HTTT2211001', 'chưa xem'),
(37, 'HTTT2211002', 'chưa xem'),
(37, 'HTTT2211003', 'chưa xem'),
(37, 'HTTT2211004', 'chưa xem'),
(37, 'HTTT2211005', 'chưa xem'),
(37, 'HTTT2211006', 'chưa xem'),
(37, 'HTTT2211007', 'chưa xem'),
(37, 'HTTT2211008', 'chưa xem'),
(37, 'HTTT2211009', 'chưa xem'),
(37, 'HTTT2211010', 'chưa xem'),
(37, 'HTTT2211011', 'chưa xem'),
(37, 'HTTT2211012', 'chưa xem'),
(37, 'HTTT2211013', 'chưa xem'),
(37, 'HTTT2211014', 'chưa xem'),
(37, 'HTTT2211015', 'chưa xem'),
(37, 'HTTT2211016', 'chưa xem'),
(37, 'HTTT2211017', 'chưa xem'),
(37, 'HTTT2211018', 'đã xem'),
(37, 'HTTT2211019', 'chưa xem'),
(37, 'HTTT2211020', 'chưa xem'),
(37, 'HTTT2211021', 'chưa xem'),
(37, 'HTTT2211022', 'chưa xem'),
(37, 'HTTT2211023', 'chưa xem'),
(37, 'HTTT2211024', 'chưa xem'),
(37, 'HTTT2211025', 'chưa xem'),
(37, 'HTTT2211026', 'chưa xem'),
(37, 'HTTT2211027', 'chưa xem'),
(37, 'HTTT2211028', 'chưa xem'),
(37, 'HTTT2211029', 'chưa xem'),
(37, 'HTTT2211030', 'chưa xem'),
(37, 'HTTT2211031', 'chưa xem'),
(37, 'KTPM2211032', 'chưa xem'),
(37, 'KTPM2211033', 'chưa xem'),
(37, 'KTPM2211034', 'chưa xem'),
(37, 'KTPM2211035', 'chưa xem'),
(37, 'KTPM2211036', 'chưa xem'),
(37, 'KTPM2211037', 'chưa xem'),
(37, 'KTPM2211038', 'chưa xem'),
(37, 'KTPM2211039', 'chưa xem'),
(37, 'KTPM2211040', 'chưa xem'),
(37, 'KTPM2211041', 'chưa xem'),
(37, 'KTPM2211042', 'chưa xem'),
(37, 'KTPM2211043', 'chưa xem'),
(37, 'KTPM2211044', 'chưa xem'),
(37, 'KTPM2211045', 'chưa xem'),
(37, 'KTPM2211046', 'chưa xem'),
(38, 'CNTT2211001', 'chưa xem'),
(38, 'CNTT2211002', 'chưa xem'),
(38, 'CNTT2211003', 'chưa xem'),
(38, 'CNTT22110032', 'chưa xem'),
(38, 'CNTT2211004', 'chưa xem'),
(38, 'CNTT2211005', 'chưa xem'),
(38, 'CNTT2211006', 'chưa xem'),
(38, 'CNTT2211007', 'đã xem'),
(38, 'CNTT2211008', 'chưa xem'),
(38, 'CNTT2211009', 'đã xem'),
(38, 'CNTT2211010', 'đã xem'),
(38, 'CNTT2211011', 'chưa xem'),
(38, 'CNTT2211012', 'chưa xem'),
(38, 'CNTT2211013', 'chưa xem'),
(38, 'CNTT2211014', 'chưa xem'),
(38, 'CNTT2211015', 'chưa xem'),
(38, 'CNTT2211016', 'chưa xem'),
(38, 'CNTT2211017', 'đã xem'),
(38, 'CNTT2211018', 'chưa xem'),
(38, 'CNTT2211019', 'chưa xem'),
(38, 'CNTT2211020', 'chưa xem'),
(38, 'CNTT2211021', 'chưa xem'),
(38, 'CNTT2211022', 'chưa xem'),
(38, 'CNTT2211023', 'đã xem'),
(38, 'CNTT2211024', 'chưa xem'),
(38, 'CNTT2211025', 'chưa xem'),
(38, 'CNTT2211026', 'chưa xem'),
(38, 'CNTT2211027', 'chưa xem'),
(38, 'CNTT2211028', 'chưa xem'),
(38, 'CNTT2211029', 'chưa xem'),
(38, 'CNTT2211030', 'đã xem'),
(38, 'CNTT2211031', 'chưa xem'),
(38, 'CNTT2211035', 'chưa xem'),
(38, 'CNTT2211036', 'chưa xem'),
(38, 'CNTT2211037', 'chưa xem'),
(38, 'CNTT2211040', 'chưa xem'),
(38, 'CNTT2211045', 'chưa xem'),
(38, 'CNTT2211048', 'chưa xem'),
(38, 'CNTT2211050', 'chưa xem'),
(38, 'HTTT2211001', 'chưa xem'),
(38, 'HTTT2211002', 'chưa xem'),
(38, 'HTTT2211003', 'chưa xem'),
(38, 'HTTT2211004', 'chưa xem'),
(38, 'HTTT2211005', 'chưa xem'),
(38, 'HTTT2211006', 'chưa xem'),
(38, 'HTTT2211007', 'chưa xem'),
(38, 'HTTT2211008', 'chưa xem'),
(38, 'HTTT2211009', 'chưa xem'),
(38, 'HTTT2211010', 'chưa xem'),
(38, 'HTTT2211011', 'chưa xem'),
(38, 'HTTT2211012', 'chưa xem'),
(38, 'HTTT2211013', 'chưa xem'),
(38, 'HTTT2211014', 'chưa xem'),
(38, 'HTTT2211015', 'chưa xem'),
(38, 'HTTT2211016', 'chưa xem'),
(38, 'HTTT2211017', 'chưa xem'),
(38, 'HTTT2211018', 'đã xem'),
(38, 'HTTT2211019', 'chưa xem'),
(38, 'HTTT2211020', 'chưa xem'),
(38, 'HTTT2211021', 'chưa xem'),
(38, 'HTTT2211022', 'chưa xem'),
(38, 'HTTT2211023', 'chưa xem'),
(38, 'HTTT2211024', 'chưa xem'),
(38, 'HTTT2211025', 'chưa xem'),
(38, 'HTTT2211026', 'chưa xem'),
(38, 'HTTT2211027', 'chưa xem'),
(38, 'HTTT2211028', 'chưa xem'),
(38, 'HTTT2211029', 'chưa xem'),
(38, 'HTTT2211030', 'chưa xem'),
(38, 'HTTT2211031', 'chưa xem'),
(38, 'KTPM2211032', 'chưa xem'),
(38, 'KTPM2211033', 'chưa xem'),
(38, 'KTPM2211034', 'chưa xem'),
(38, 'KTPM2211035', 'chưa xem'),
(38, 'KTPM2211036', 'chưa xem'),
(38, 'KTPM2211037', 'chưa xem'),
(38, 'KTPM2211038', 'chưa xem'),
(38, 'KTPM2211039', 'chưa xem'),
(38, 'KTPM2211040', 'chưa xem'),
(38, 'KTPM2211041', 'chưa xem'),
(38, 'KTPM2211042', 'chưa xem'),
(38, 'KTPM2211043', 'chưa xem'),
(38, 'KTPM2211044', 'chưa xem'),
(38, 'KTPM2211045', 'chưa xem'),
(38, 'KTPM2211046', 'chưa xem'),
(39, 'CNTT2211001', 'chưa xem'),
(39, 'CNTT2211002', 'chưa xem'),
(39, 'CNTT2211003', 'chưa xem'),
(39, 'CNTT22110032', 'chưa xem'),
(39, 'CNTT2211004', 'chưa xem'),
(39, 'CNTT2211005', 'chưa xem'),
(39, 'CNTT2211006', 'chưa xem'),
(39, 'CNTT2211007', 'đã xem'),
(39, 'CNTT2211008', 'chưa xem'),
(39, 'CNTT2211009', 'đã xem'),
(39, 'CNTT2211010', 'đã xem'),
(39, 'CNTT2211011', 'chưa xem'),
(39, 'CNTT2211012', 'chưa xem'),
(39, 'CNTT2211013', 'chưa xem'),
(39, 'CNTT2211014', 'chưa xem'),
(39, 'CNTT2211015', 'chưa xem'),
(39, 'CNTT2211016', 'chưa xem'),
(39, 'CNTT2211017', 'đã xem'),
(39, 'CNTT2211018', 'chưa xem'),
(39, 'CNTT2211019', 'chưa xem'),
(39, 'CNTT2211020', 'chưa xem'),
(39, 'CNTT2211021', 'chưa xem'),
(39, 'CNTT2211022', 'chưa xem'),
(39, 'CNTT2211023', 'đã xem'),
(39, 'CNTT2211024', 'chưa xem'),
(39, 'CNTT2211025', 'chưa xem'),
(39, 'CNTT2211026', 'chưa xem'),
(39, 'CNTT2211027', 'chưa xem'),
(39, 'CNTT2211028', 'chưa xem'),
(39, 'CNTT2211029', 'chưa xem'),
(39, 'CNTT2211030', 'đã xem'),
(39, 'CNTT2211031', 'chưa xem'),
(39, 'CNTT2211035', 'chưa xem'),
(39, 'CNTT2211036', 'chưa xem'),
(39, 'CNTT2211037', 'chưa xem'),
(39, 'CNTT2211040', 'chưa xem'),
(39, 'CNTT2211045', 'chưa xem'),
(39, 'CNTT2211048', 'chưa xem'),
(39, 'CNTT2211050', 'chưa xem'),
(39, 'HTTT2211001', 'chưa xem'),
(39, 'HTTT2211002', 'chưa xem'),
(39, 'HTTT2211003', 'chưa xem'),
(39, 'HTTT2211004', 'chưa xem'),
(39, 'HTTT2211005', 'chưa xem'),
(39, 'HTTT2211006', 'chưa xem'),
(39, 'HTTT2211007', 'chưa xem'),
(39, 'HTTT2211008', 'chưa xem'),
(39, 'HTTT2211009', 'chưa xem'),
(39, 'HTTT2211010', 'chưa xem'),
(39, 'HTTT2211011', 'chưa xem'),
(39, 'HTTT2211012', 'chưa xem'),
(39, 'HTTT2211013', 'chưa xem'),
(39, 'HTTT2211014', 'chưa xem'),
(39, 'HTTT2211015', 'chưa xem'),
(39, 'HTTT2211016', 'chưa xem'),
(39, 'HTTT2211017', 'chưa xem'),
(39, 'HTTT2211018', 'đã xem'),
(39, 'HTTT2211019', 'chưa xem'),
(39, 'HTTT2211020', 'chưa xem'),
(39, 'HTTT2211021', 'chưa xem'),
(39, 'HTTT2211022', 'chưa xem'),
(39, 'HTTT2211023', 'chưa xem'),
(39, 'HTTT2211024', 'chưa xem'),
(39, 'HTTT2211025', 'chưa xem'),
(39, 'HTTT2211026', 'chưa xem'),
(39, 'HTTT2211027', 'chưa xem'),
(39, 'HTTT2211028', 'chưa xem'),
(39, 'HTTT2211029', 'chưa xem'),
(39, 'HTTT2211030', 'chưa xem'),
(39, 'HTTT2211031', 'chưa xem'),
(39, 'KTPM2211032', 'chưa xem'),
(39, 'KTPM2211033', 'chưa xem'),
(39, 'KTPM2211034', 'chưa xem'),
(39, 'KTPM2211035', 'chưa xem'),
(39, 'KTPM2211036', 'chưa xem'),
(39, 'KTPM2211037', 'chưa xem'),
(39, 'KTPM2211038', 'chưa xem'),
(39, 'KTPM2211039', 'chưa xem'),
(39, 'KTPM2211040', 'chưa xem'),
(39, 'KTPM2211041', 'chưa xem'),
(39, 'KTPM2211042', 'chưa xem'),
(39, 'KTPM2211043', 'chưa xem'),
(39, 'KTPM2211044', 'chưa xem'),
(39, 'KTPM2211045', 'chưa xem'),
(39, 'KTPM2211046', 'chưa xem'),
(40, 'CNTT2211001', 'chưa xem'),
(40, 'CNTT2211002', 'chưa xem'),
(40, 'CNTT2211003', 'chưa xem'),
(40, 'CNTT22110032', 'chưa xem'),
(40, 'CNTT2211004', 'chưa xem'),
(40, 'CNTT2211005', 'chưa xem'),
(40, 'CNTT2211006', 'chưa xem'),
(40, 'CNTT2211007', 'đã xem'),
(40, 'CNTT2211008', 'chưa xem'),
(40, 'CNTT2211009', 'đã xem'),
(40, 'CNTT2211010', 'đã xem'),
(40, 'CNTT2211011', 'chưa xem'),
(40, 'CNTT2211012', 'chưa xem'),
(40, 'CNTT2211013', 'chưa xem'),
(40, 'CNTT2211014', 'chưa xem'),
(40, 'CNTT2211015', 'chưa xem'),
(40, 'CNTT2211016', 'chưa xem'),
(40, 'CNTT2211017', 'đã xem'),
(40, 'CNTT2211018', 'chưa xem'),
(40, 'CNTT2211019', 'chưa xem'),
(40, 'CNTT2211020', 'chưa xem'),
(40, 'CNTT2211021', 'chưa xem'),
(40, 'CNTT2211022', 'chưa xem'),
(40, 'CNTT2211023', 'đã xem'),
(40, 'CNTT2211024', 'chưa xem'),
(40, 'CNTT2211025', 'chưa xem'),
(40, 'CNTT2211026', 'chưa xem'),
(40, 'CNTT2211027', 'chưa xem'),
(40, 'CNTT2211028', 'chưa xem'),
(40, 'CNTT2211029', 'chưa xem'),
(40, 'CNTT2211030', 'đã xem'),
(40, 'CNTT2211031', 'chưa xem'),
(40, 'CNTT2211035', 'chưa xem'),
(40, 'CNTT2211036', 'chưa xem'),
(40, 'CNTT2211037', 'chưa xem'),
(40, 'CNTT2211040', 'chưa xem'),
(40, 'CNTT2211045', 'chưa xem'),
(40, 'CNTT2211048', 'chưa xem'),
(40, 'CNTT2211050', 'chưa xem'),
(40, 'HTTT2211001', 'chưa xem'),
(40, 'HTTT2211002', 'chưa xem'),
(40, 'HTTT2211003', 'chưa xem'),
(40, 'HTTT2211004', 'chưa xem'),
(40, 'HTTT2211005', 'chưa xem'),
(40, 'HTTT2211006', 'chưa xem'),
(40, 'HTTT2211007', 'chưa xem'),
(40, 'HTTT2211008', 'chưa xem'),
(40, 'HTTT2211009', 'chưa xem'),
(40, 'HTTT2211010', 'chưa xem'),
(40, 'HTTT2211011', 'chưa xem'),
(40, 'HTTT2211012', 'chưa xem'),
(40, 'HTTT2211013', 'chưa xem'),
(40, 'HTTT2211014', 'chưa xem'),
(40, 'HTTT2211015', 'chưa xem'),
(40, 'HTTT2211016', 'chưa xem'),
(40, 'HTTT2211017', 'chưa xem'),
(40, 'HTTT2211018', 'đã xem'),
(40, 'HTTT2211019', 'chưa xem'),
(40, 'HTTT2211020', 'chưa xem'),
(40, 'HTTT2211021', 'chưa xem'),
(40, 'HTTT2211022', 'chưa xem'),
(40, 'HTTT2211023', 'chưa xem'),
(40, 'HTTT2211024', 'chưa xem'),
(40, 'HTTT2211025', 'chưa xem'),
(40, 'HTTT2211026', 'chưa xem'),
(40, 'HTTT2211027', 'chưa xem'),
(40, 'HTTT2211028', 'chưa xem'),
(40, 'HTTT2211029', 'chưa xem'),
(40, 'HTTT2211030', 'chưa xem'),
(40, 'HTTT2211031', 'chưa xem'),
(40, 'KTPM2211032', 'chưa xem'),
(40, 'KTPM2211033', 'chưa xem'),
(40, 'KTPM2211034', 'chưa xem'),
(40, 'KTPM2211035', 'chưa xem'),
(40, 'KTPM2211036', 'chưa xem'),
(40, 'KTPM2211037', 'chưa xem'),
(40, 'KTPM2211038', 'chưa xem'),
(40, 'KTPM2211039', 'chưa xem'),
(40, 'KTPM2211040', 'chưa xem'),
(40, 'KTPM2211041', 'chưa xem'),
(40, 'KTPM2211042', 'chưa xem'),
(40, 'KTPM2211043', 'chưa xem'),
(40, 'KTPM2211044', 'chưa xem'),
(40, 'KTPM2211045', 'chưa xem'),
(40, 'KTPM2211046', 'chưa xem'),
(41, 'CNTT2211001', 'chưa xem'),
(41, 'CNTT2211002', 'chưa xem'),
(41, 'CNTT2211003', 'chưa xem'),
(41, 'CNTT22110032', 'chưa xem'),
(41, 'CNTT2211004', 'chưa xem'),
(41, 'CNTT2211005', 'chưa xem'),
(41, 'CNTT2211006', 'chưa xem'),
(41, 'CNTT2211007', 'đã xem'),
(41, 'CNTT2211008', 'chưa xem'),
(41, 'CNTT2211009', 'đã xem'),
(41, 'CNTT2211010', 'đã xem'),
(41, 'CNTT2211011', 'chưa xem'),
(41, 'CNTT2211012', 'chưa xem'),
(41, 'CNTT2211013', 'chưa xem'),
(41, 'CNTT2211014', 'chưa xem'),
(41, 'CNTT2211015', 'chưa xem'),
(41, 'CNTT2211016', 'chưa xem'),
(41, 'CNTT2211017', 'đã xem'),
(41, 'CNTT2211018', 'chưa xem'),
(41, 'CNTT2211019', 'chưa xem'),
(41, 'CNTT2211020', 'chưa xem'),
(41, 'CNTT2211021', 'chưa xem'),
(41, 'CNTT2211022', 'chưa xem'),
(41, 'CNTT2211023', 'đã xem'),
(41, 'CNTT2211024', 'chưa xem'),
(41, 'CNTT2211025', 'chưa xem'),
(41, 'CNTT2211026', 'chưa xem'),
(41, 'CNTT2211027', 'chưa xem'),
(41, 'CNTT2211028', 'chưa xem'),
(41, 'CNTT2211029', 'chưa xem'),
(41, 'CNTT2211030', 'đã xem'),
(41, 'CNTT2211031', 'chưa xem'),
(41, 'CNTT2211035', 'chưa xem'),
(41, 'CNTT2211036', 'chưa xem'),
(41, 'CNTT2211037', 'chưa xem'),
(41, 'CNTT2211040', 'chưa xem'),
(41, 'CNTT2211045', 'chưa xem'),
(41, 'CNTT2211048', 'chưa xem'),
(41, 'CNTT2211050', 'chưa xem'),
(41, 'HTTT2211001', 'chưa xem'),
(41, 'HTTT2211002', 'chưa xem'),
(41, 'HTTT2211003', 'chưa xem'),
(41, 'HTTT2211004', 'chưa xem'),
(41, 'HTTT2211005', 'chưa xem'),
(41, 'HTTT2211006', 'chưa xem'),
(41, 'HTTT2211007', 'chưa xem'),
(41, 'HTTT2211008', 'chưa xem'),
(41, 'HTTT2211009', 'chưa xem'),
(41, 'HTTT2211010', 'chưa xem'),
(41, 'HTTT2211011', 'chưa xem'),
(41, 'HTTT2211012', 'chưa xem'),
(41, 'HTTT2211013', 'chưa xem'),
(41, 'HTTT2211014', 'chưa xem'),
(41, 'HTTT2211015', 'chưa xem'),
(41, 'HTTT2211016', 'chưa xem'),
(41, 'HTTT2211017', 'chưa xem'),
(41, 'HTTT2211018', 'đã xem'),
(41, 'HTTT2211019', 'chưa xem'),
(41, 'HTTT2211020', 'chưa xem'),
(41, 'HTTT2211021', 'chưa xem'),
(41, 'HTTT2211022', 'chưa xem'),
(41, 'HTTT2211023', 'chưa xem'),
(41, 'HTTT2211024', 'chưa xem'),
(41, 'HTTT2211025', 'chưa xem'),
(41, 'HTTT2211026', 'chưa xem'),
(41, 'HTTT2211027', 'chưa xem'),
(41, 'HTTT2211028', 'chưa xem'),
(41, 'HTTT2211029', 'chưa xem'),
(41, 'HTTT2211030', 'chưa xem'),
(41, 'HTTT2211031', 'chưa xem'),
(41, 'KTPM2211032', 'chưa xem'),
(41, 'KTPM2211033', 'chưa xem'),
(41, 'KTPM2211034', 'chưa xem'),
(41, 'KTPM2211035', 'chưa xem'),
(41, 'KTPM2211036', 'chưa xem'),
(41, 'KTPM2211037', 'chưa xem'),
(41, 'KTPM2211038', 'chưa xem'),
(41, 'KTPM2211039', 'chưa xem'),
(41, 'KTPM2211040', 'chưa xem'),
(41, 'KTPM2211041', 'chưa xem'),
(41, 'KTPM2211042', 'chưa xem'),
(41, 'KTPM2211043', 'chưa xem'),
(41, 'KTPM2211044', 'chưa xem'),
(41, 'KTPM2211045', 'chưa xem'),
(41, 'KTPM2211046', 'chưa xem'),
(42, 'CNTT2211001', 'chưa xem'),
(42, 'CNTT2211002', 'chưa xem'),
(42, 'CNTT2211003', 'chưa xem'),
(42, 'CNTT22110032', 'chưa xem'),
(42, 'CNTT2211004', 'chưa xem'),
(42, 'CNTT2211005', 'chưa xem'),
(42, 'CNTT2211006', 'chưa xem'),
(42, 'CNTT2211007', 'đã xem'),
(42, 'CNTT2211008', 'chưa xem'),
(42, 'CNTT2211009', 'đã xem'),
(42, 'CNTT2211010', 'đã xem'),
(42, 'CNTT2211011', 'chưa xem'),
(42, 'CNTT2211012', 'chưa xem'),
(42, 'CNTT2211013', 'chưa xem'),
(42, 'CNTT2211014', 'chưa xem'),
(42, 'CNTT2211015', 'chưa xem'),
(42, 'CNTT2211016', 'chưa xem'),
(42, 'CNTT2211017', 'đã xem'),
(42, 'CNTT2211018', 'chưa xem'),
(42, 'CNTT2211019', 'chưa xem'),
(42, 'CNTT2211020', 'chưa xem'),
(42, 'CNTT2211021', 'chưa xem'),
(42, 'CNTT2211022', 'chưa xem'),
(42, 'CNTT2211023', 'đã xem'),
(42, 'CNTT2211024', 'chưa xem'),
(42, 'CNTT2211025', 'chưa xem'),
(42, 'CNTT2211026', 'chưa xem'),
(42, 'CNTT2211027', 'chưa xem'),
(42, 'CNTT2211028', 'chưa xem'),
(42, 'CNTT2211029', 'chưa xem'),
(42, 'CNTT2211030', 'đã xem'),
(42, 'CNTT2211031', 'chưa xem'),
(42, 'CNTT2211035', 'chưa xem'),
(42, 'CNTT2211036', 'chưa xem'),
(42, 'CNTT2211037', 'chưa xem'),
(42, 'CNTT2211040', 'chưa xem'),
(42, 'CNTT2211045', 'chưa xem'),
(42, 'CNTT2211048', 'chưa xem'),
(42, 'CNTT2211050', 'chưa xem'),
(42, 'HTTT2211001', 'chưa xem'),
(42, 'HTTT2211002', 'chưa xem'),
(42, 'HTTT2211003', 'chưa xem'),
(42, 'HTTT2211004', 'chưa xem'),
(42, 'HTTT2211005', 'chưa xem'),
(42, 'HTTT2211006', 'chưa xem'),
(42, 'HTTT2211007', 'chưa xem'),
(42, 'HTTT2211008', 'chưa xem'),
(42, 'HTTT2211009', 'chưa xem'),
(42, 'HTTT2211010', 'chưa xem'),
(42, 'HTTT2211011', 'chưa xem'),
(42, 'HTTT2211012', 'chưa xem'),
(42, 'HTTT2211013', 'chưa xem'),
(42, 'HTTT2211014', 'chưa xem'),
(42, 'HTTT2211015', 'chưa xem'),
(42, 'HTTT2211016', 'chưa xem'),
(42, 'HTTT2211017', 'chưa xem'),
(42, 'HTTT2211018', 'đã xem'),
(42, 'HTTT2211019', 'chưa xem'),
(42, 'HTTT2211020', 'chưa xem'),
(42, 'HTTT2211021', 'chưa xem'),
(42, 'HTTT2211022', 'chưa xem'),
(42, 'HTTT2211023', 'chưa xem'),
(42, 'HTTT2211024', 'chưa xem'),
(42, 'HTTT2211025', 'chưa xem'),
(42, 'HTTT2211026', 'chưa xem'),
(42, 'HTTT2211027', 'chưa xem'),
(42, 'HTTT2211028', 'chưa xem'),
(42, 'HTTT2211029', 'chưa xem'),
(42, 'HTTT2211030', 'chưa xem'),
(42, 'HTTT2211031', 'chưa xem'),
(42, 'KTPM2211032', 'chưa xem'),
(42, 'KTPM2211033', 'chưa xem'),
(42, 'KTPM2211034', 'chưa xem'),
(42, 'KTPM2211035', 'chưa xem'),
(42, 'KTPM2211036', 'chưa xem'),
(42, 'KTPM2211037', 'chưa xem'),
(42, 'KTPM2211038', 'chưa xem'),
(42, 'KTPM2211039', 'chưa xem'),
(42, 'KTPM2211040', 'chưa xem'),
(42, 'KTPM2211041', 'chưa xem'),
(42, 'KTPM2211042', 'chưa xem'),
(42, 'KTPM2211043', 'chưa xem'),
(42, 'KTPM2211044', 'chưa xem'),
(42, 'KTPM2211045', 'chưa xem'),
(42, 'KTPM2211046', 'chưa xem'),
(43, 'CNTT2211001', 'chưa xem'),
(43, 'CNTT2211002', 'chưa xem'),
(43, 'CNTT2211003', 'chưa xem'),
(43, 'CNTT22110032', 'chưa xem'),
(43, 'CNTT2211004', 'chưa xem'),
(43, 'CNTT2211005', 'chưa xem'),
(43, 'CNTT2211006', 'chưa xem'),
(43, 'CNTT2211007', 'đã xem'),
(43, 'CNTT2211008', 'chưa xem'),
(43, 'CNTT2211009', 'đã xem'),
(43, 'CNTT2211010', 'đã xem'),
(43, 'CNTT2211011', 'chưa xem'),
(43, 'CNTT2211012', 'chưa xem'),
(43, 'CNTT2211013', 'chưa xem'),
(43, 'CNTT2211014', 'chưa xem'),
(43, 'CNTT2211015', 'chưa xem'),
(43, 'CNTT2211016', 'chưa xem'),
(43, 'CNTT2211017', 'đã xem'),
(43, 'CNTT2211018', 'chưa xem'),
(43, 'CNTT2211019', 'chưa xem'),
(43, 'CNTT2211020', 'chưa xem'),
(43, 'CNTT2211021', 'chưa xem'),
(43, 'CNTT2211022', 'chưa xem'),
(43, 'CNTT2211023', 'đã xem'),
(43, 'CNTT2211024', 'chưa xem'),
(43, 'CNTT2211025', 'chưa xem'),
(43, 'CNTT2211026', 'chưa xem'),
(43, 'CNTT2211027', 'chưa xem'),
(43, 'CNTT2211028', 'chưa xem'),
(43, 'CNTT2211029', 'chưa xem'),
(43, 'CNTT2211030', 'đã xem'),
(43, 'CNTT2211031', 'chưa xem'),
(43, 'CNTT2211035', 'chưa xem'),
(43, 'CNTT2211036', 'chưa xem'),
(43, 'CNTT2211037', 'chưa xem'),
(43, 'CNTT2211040', 'chưa xem'),
(43, 'CNTT2211045', 'chưa xem'),
(43, 'CNTT2211048', 'chưa xem'),
(43, 'CNTT2211050', 'chưa xem'),
(43, 'HTTT2211001', 'chưa xem'),
(43, 'HTTT2211002', 'chưa xem'),
(43, 'HTTT2211003', 'chưa xem'),
(43, 'HTTT2211004', 'chưa xem'),
(43, 'HTTT2211005', 'chưa xem'),
(43, 'HTTT2211006', 'chưa xem'),
(43, 'HTTT2211007', 'chưa xem'),
(43, 'HTTT2211008', 'chưa xem'),
(43, 'HTTT2211009', 'chưa xem'),
(43, 'HTTT2211010', 'chưa xem'),
(43, 'HTTT2211011', 'chưa xem'),
(43, 'HTTT2211012', 'chưa xem'),
(43, 'HTTT2211013', 'chưa xem'),
(43, 'HTTT2211014', 'chưa xem'),
(43, 'HTTT2211015', 'chưa xem'),
(43, 'HTTT2211016', 'chưa xem'),
(43, 'HTTT2211017', 'chưa xem'),
(43, 'HTTT2211018', 'đã xem'),
(43, 'HTTT2211019', 'chưa xem'),
(43, 'HTTT2211020', 'chưa xem'),
(43, 'HTTT2211021', 'chưa xem'),
(43, 'HTTT2211022', 'chưa xem'),
(43, 'HTTT2211023', 'chưa xem'),
(43, 'HTTT2211024', 'chưa xem'),
(43, 'HTTT2211025', 'chưa xem'),
(43, 'HTTT2211026', 'chưa xem'),
(43, 'HTTT2211027', 'chưa xem'),
(43, 'HTTT2211028', 'chưa xem'),
(43, 'HTTT2211029', 'chưa xem'),
(43, 'HTTT2211030', 'chưa xem'),
(43, 'HTTT2211031', 'chưa xem'),
(43, 'KTPM2211032', 'chưa xem'),
(43, 'KTPM2211033', 'chưa xem'),
(43, 'KTPM2211034', 'chưa xem'),
(43, 'KTPM2211035', 'chưa xem'),
(43, 'KTPM2211036', 'chưa xem'),
(43, 'KTPM2211037', 'chưa xem'),
(43, 'KTPM2211038', 'chưa xem'),
(43, 'KTPM2211039', 'chưa xem'),
(43, 'KTPM2211040', 'chưa xem'),
(43, 'KTPM2211041', 'chưa xem'),
(43, 'KTPM2211042', 'chưa xem'),
(43, 'KTPM2211043', 'chưa xem'),
(43, 'KTPM2211044', 'chưa xem'),
(43, 'KTPM2211045', 'chưa xem'),
(43, 'KTPM2211046', 'chưa xem'),
(44, 'CNTT2211001', 'chưa xem'),
(44, 'CNTT2211002', 'chưa xem'),
(44, 'CNTT2211003', 'chưa xem'),
(44, 'CNTT22110032', 'chưa xem'),
(44, 'CNTT2211004', 'chưa xem'),
(44, 'CNTT2211005', 'chưa xem'),
(44, 'CNTT2211006', 'chưa xem'),
(44, 'CNTT2211007', 'đã xem'),
(44, 'CNTT2211008', 'chưa xem'),
(44, 'CNTT2211009', 'đã xem'),
(44, 'CNTT2211010', 'đã xem'),
(44, 'CNTT2211011', 'chưa xem'),
(44, 'CNTT2211012', 'chưa xem'),
(44, 'CNTT2211013', 'chưa xem'),
(44, 'CNTT2211014', 'chưa xem'),
(44, 'CNTT2211015', 'chưa xem'),
(44, 'CNTT2211016', 'chưa xem'),
(44, 'CNTT2211017', 'đã xem'),
(44, 'CNTT2211018', 'chưa xem'),
(44, 'CNTT2211019', 'chưa xem'),
(44, 'CNTT2211020', 'chưa xem'),
(44, 'CNTT2211021', 'chưa xem'),
(44, 'CNTT2211022', 'chưa xem'),
(44, 'CNTT2211023', 'đã xem'),
(44, 'CNTT2211024', 'chưa xem'),
(44, 'CNTT2211025', 'chưa xem'),
(44, 'CNTT2211026', 'chưa xem'),
(44, 'CNTT2211027', 'chưa xem'),
(44, 'CNTT2211028', 'chưa xem'),
(44, 'CNTT2211029', 'chưa xem'),
(44, 'CNTT2211030', 'đã xem'),
(44, 'CNTT2211031', 'chưa xem'),
(44, 'CNTT2211035', 'chưa xem'),
(44, 'CNTT2211036', 'chưa xem'),
(44, 'CNTT2211037', 'chưa xem'),
(44, 'CNTT2211040', 'chưa xem'),
(44, 'CNTT2211045', 'chưa xem'),
(44, 'CNTT2211048', 'chưa xem'),
(44, 'CNTT2211050', 'chưa xem'),
(44, 'HTTT2211001', 'chưa xem'),
(44, 'HTTT2211002', 'chưa xem'),
(44, 'HTTT2211003', 'chưa xem'),
(44, 'HTTT2211004', 'chưa xem'),
(44, 'HTTT2211005', 'chưa xem'),
(44, 'HTTT2211006', 'chưa xem'),
(44, 'HTTT2211007', 'chưa xem'),
(44, 'HTTT2211008', 'chưa xem'),
(44, 'HTTT2211009', 'chưa xem'),
(44, 'HTTT2211010', 'chưa xem'),
(44, 'HTTT2211011', 'chưa xem'),
(44, 'HTTT2211012', 'chưa xem'),
(44, 'HTTT2211013', 'chưa xem'),
(44, 'HTTT2211014', 'chưa xem'),
(44, 'HTTT2211015', 'chưa xem'),
(44, 'HTTT2211016', 'chưa xem'),
(44, 'HTTT2211017', 'chưa xem'),
(44, 'HTTT2211018', 'đã xem'),
(44, 'HTTT2211019', 'chưa xem'),
(44, 'HTTT2211020', 'chưa xem'),
(44, 'HTTT2211021', 'chưa xem'),
(44, 'HTTT2211022', 'chưa xem'),
(44, 'HTTT2211023', 'chưa xem'),
(44, 'HTTT2211024', 'chưa xem'),
(44, 'HTTT2211025', 'chưa xem'),
(44, 'HTTT2211026', 'chưa xem'),
(44, 'HTTT2211027', 'chưa xem'),
(44, 'HTTT2211028', 'chưa xem'),
(44, 'HTTT2211029', 'chưa xem'),
(44, 'HTTT2211030', 'chưa xem'),
(44, 'HTTT2211031', 'chưa xem'),
(44, 'KTPM2211032', 'chưa xem'),
(44, 'KTPM2211033', 'chưa xem'),
(44, 'KTPM2211034', 'chưa xem'),
(44, 'KTPM2211035', 'chưa xem'),
(44, 'KTPM2211036', 'chưa xem'),
(44, 'KTPM2211037', 'chưa xem'),
(44, 'KTPM2211038', 'chưa xem'),
(44, 'KTPM2211039', 'chưa xem'),
(44, 'KTPM2211040', 'chưa xem'),
(44, 'KTPM2211041', 'chưa xem'),
(44, 'KTPM2211042', 'chưa xem'),
(44, 'KTPM2211043', 'chưa xem'),
(44, 'KTPM2211044', 'chưa xem'),
(44, 'KTPM2211045', 'chưa xem'),
(44, 'KTPM2211046', 'chưa xem'),
(45, 'CNTT2211001', 'chưa xem'),
(45, 'CNTT2211002', 'chưa xem'),
(45, 'CNTT2211003', 'chưa xem'),
(45, 'CNTT22110032', 'chưa xem'),
(45, 'CNTT2211004', 'chưa xem'),
(45, 'CNTT2211005', 'chưa xem'),
(45, 'CNTT2211006', 'chưa xem'),
(45, 'CNTT2211007', 'đã xem'),
(45, 'CNTT2211008', 'chưa xem'),
(45, 'CNTT2211009', 'đã xem'),
(45, 'CNTT2211010', 'đã xem'),
(45, 'CNTT2211011', 'chưa xem'),
(45, 'CNTT2211012', 'chưa xem'),
(45, 'CNTT2211013', 'chưa xem'),
(45, 'CNTT2211014', 'chưa xem'),
(45, 'CNTT2211015', 'chưa xem'),
(45, 'CNTT2211016', 'chưa xem'),
(45, 'CNTT2211017', 'đã xem'),
(45, 'CNTT2211018', 'chưa xem'),
(45, 'CNTT2211019', 'chưa xem'),
(45, 'CNTT2211020', 'chưa xem'),
(45, 'CNTT2211021', 'chưa xem'),
(45, 'CNTT2211022', 'chưa xem'),
(45, 'CNTT2211023', 'đã xem'),
(45, 'CNTT2211024', 'chưa xem'),
(45, 'CNTT2211025', 'chưa xem'),
(45, 'CNTT2211026', 'chưa xem'),
(45, 'CNTT2211027', 'chưa xem'),
(45, 'CNTT2211028', 'chưa xem'),
(45, 'CNTT2211029', 'chưa xem'),
(45, 'CNTT2211030', 'đã xem'),
(45, 'CNTT2211031', 'chưa xem'),
(45, 'CNTT2211035', 'chưa xem'),
(45, 'CNTT2211036', 'chưa xem'),
(45, 'CNTT2211037', 'chưa xem'),
(45, 'CNTT2211040', 'chưa xem'),
(45, 'CNTT2211045', 'chưa xem'),
(45, 'CNTT2211048', 'chưa xem'),
(45, 'CNTT2211050', 'chưa xem'),
(45, 'HTTT2211001', 'chưa xem'),
(45, 'HTTT2211002', 'chưa xem'),
(45, 'HTTT2211003', 'chưa xem'),
(45, 'HTTT2211004', 'chưa xem'),
(45, 'HTTT2211005', 'chưa xem'),
(45, 'HTTT2211006', 'chưa xem'),
(45, 'HTTT2211007', 'chưa xem'),
(45, 'HTTT2211008', 'chưa xem'),
(45, 'HTTT2211009', 'chưa xem'),
(45, 'HTTT2211010', 'chưa xem'),
(45, 'HTTT2211011', 'chưa xem'),
(45, 'HTTT2211012', 'chưa xem'),
(45, 'HTTT2211013', 'chưa xem'),
(45, 'HTTT2211014', 'chưa xem'),
(45, 'HTTT2211015', 'chưa xem'),
(45, 'HTTT2211016', 'chưa xem'),
(45, 'HTTT2211017', 'chưa xem'),
(45, 'HTTT2211018', 'đã xem'),
(45, 'HTTT2211019', 'chưa xem'),
(45, 'HTTT2211020', 'chưa xem'),
(45, 'HTTT2211021', 'chưa xem'),
(45, 'HTTT2211022', 'chưa xem'),
(45, 'HTTT2211023', 'chưa xem'),
(45, 'HTTT2211024', 'chưa xem'),
(45, 'HTTT2211025', 'chưa xem'),
(45, 'HTTT2211026', 'chưa xem'),
(45, 'HTTT2211027', 'chưa xem'),
(45, 'HTTT2211028', 'chưa xem'),
(45, 'HTTT2211029', 'chưa xem'),
(45, 'HTTT2211030', 'chưa xem'),
(45, 'HTTT2211031', 'chưa xem'),
(45, 'KTPM2211032', 'chưa xem'),
(45, 'KTPM2211033', 'chưa xem'),
(45, 'KTPM2211034', 'chưa xem'),
(45, 'KTPM2211035', 'chưa xem'),
(45, 'KTPM2211036', 'chưa xem'),
(45, 'KTPM2211037', 'chưa xem'),
(45, 'KTPM2211038', 'chưa xem'),
(45, 'KTPM2211039', 'chưa xem'),
(45, 'KTPM2211040', 'chưa xem'),
(45, 'KTPM2211041', 'chưa xem'),
(45, 'KTPM2211042', 'chưa xem'),
(45, 'KTPM2211043', 'chưa xem'),
(45, 'KTPM2211044', 'chưa xem'),
(45, 'KTPM2211045', 'chưa xem'),
(45, 'KTPM2211046', 'chưa xem'),
(46, 'CNTT2211001', 'chưa xem'),
(46, 'CNTT2211002', 'chưa xem'),
(46, 'CNTT2211003', 'chưa xem'),
(46, 'CNTT22110032', 'chưa xem'),
(46, 'CNTT2211004', 'chưa xem'),
(46, 'CNTT2211005', 'chưa xem'),
(46, 'CNTT2211006', 'chưa xem'),
(46, 'CNTT2211007', 'đã xem'),
(46, 'CNTT2211008', 'chưa xem'),
(46, 'CNTT2211009', 'đã xem'),
(46, 'CNTT2211010', 'đã xem'),
(46, 'CNTT2211011', 'chưa xem'),
(46, 'CNTT2211012', 'chưa xem'),
(46, 'CNTT2211013', 'chưa xem'),
(46, 'CNTT2211014', 'chưa xem'),
(46, 'CNTT2211015', 'chưa xem'),
(46, 'CNTT2211016', 'chưa xem'),
(46, 'CNTT2211017', 'đã xem'),
(46, 'CNTT2211018', 'chưa xem'),
(46, 'CNTT2211019', 'chưa xem'),
(46, 'CNTT2211020', 'chưa xem'),
(46, 'CNTT2211021', 'chưa xem'),
(46, 'CNTT2211022', 'chưa xem'),
(46, 'CNTT2211023', 'đã xem'),
(46, 'CNTT2211024', 'chưa xem'),
(46, 'CNTT2211025', 'chưa xem'),
(46, 'CNTT2211026', 'chưa xem'),
(46, 'CNTT2211027', 'chưa xem'),
(46, 'CNTT2211028', 'chưa xem'),
(46, 'CNTT2211029', 'chưa xem'),
(46, 'CNTT2211030', 'đã xem'),
(46, 'CNTT2211031', 'chưa xem'),
(46, 'CNTT2211035', 'chưa xem'),
(46, 'CNTT2211036', 'chưa xem'),
(46, 'CNTT2211037', 'chưa xem'),
(46, 'CNTT2211040', 'chưa xem'),
(46, 'CNTT2211045', 'chưa xem'),
(46, 'CNTT2211048', 'chưa xem'),
(46, 'CNTT2211050', 'chưa xem'),
(46, 'HTTT2211001', 'chưa xem'),
(46, 'HTTT2211002', 'chưa xem'),
(46, 'HTTT2211003', 'chưa xem'),
(46, 'HTTT2211004', 'chưa xem'),
(46, 'HTTT2211005', 'chưa xem'),
(46, 'HTTT2211006', 'chưa xem'),
(46, 'HTTT2211007', 'chưa xem'),
(46, 'HTTT2211008', 'chưa xem'),
(46, 'HTTT2211009', 'chưa xem'),
(46, 'HTTT2211010', 'chưa xem'),
(46, 'HTTT2211011', 'chưa xem'),
(46, 'HTTT2211012', 'chưa xem'),
(46, 'HTTT2211013', 'chưa xem'),
(46, 'HTTT2211014', 'chưa xem'),
(46, 'HTTT2211015', 'chưa xem'),
(46, 'HTTT2211016', 'chưa xem'),
(46, 'HTTT2211017', 'chưa xem'),
(46, 'HTTT2211018', 'đã xem'),
(46, 'HTTT2211019', 'chưa xem'),
(46, 'HTTT2211020', 'chưa xem'),
(46, 'HTTT2211021', 'chưa xem'),
(46, 'HTTT2211022', 'chưa xem'),
(46, 'HTTT2211023', 'chưa xem'),
(46, 'HTTT2211024', 'chưa xem'),
(46, 'HTTT2211025', 'chưa xem'),
(46, 'HTTT2211026', 'chưa xem'),
(46, 'HTTT2211027', 'chưa xem'),
(46, 'HTTT2211028', 'chưa xem'),
(46, 'HTTT2211029', 'chưa xem'),
(46, 'HTTT2211030', 'chưa xem'),
(46, 'HTTT2211031', 'chưa xem'),
(46, 'KTPM2211032', 'chưa xem'),
(46, 'KTPM2211033', 'chưa xem'),
(46, 'KTPM2211034', 'chưa xem'),
(46, 'KTPM2211035', 'chưa xem'),
(46, 'KTPM2211036', 'chưa xem'),
(46, 'KTPM2211037', 'chưa xem'),
(46, 'KTPM2211038', 'chưa xem'),
(46, 'KTPM2211039', 'chưa xem'),
(46, 'KTPM2211040', 'chưa xem'),
(46, 'KTPM2211041', 'chưa xem'),
(46, 'KTPM2211042', 'chưa xem'),
(46, 'KTPM2211043', 'chưa xem'),
(46, 'KTPM2211044', 'chưa xem'),
(46, 'KTPM2211045', 'chưa xem'),
(46, 'KTPM2211046', 'chưa xem'),
(47, 'CNTT2211001', 'chưa xem'),
(47, 'CNTT2211002', 'chưa xem'),
(47, 'CNTT2211003', 'chưa xem'),
(47, 'CNTT22110032', 'chưa xem'),
(47, 'CNTT2211004', 'chưa xem'),
(47, 'CNTT2211005', 'chưa xem'),
(47, 'CNTT2211006', 'chưa xem'),
(47, 'CNTT2211007', 'đã xem'),
(47, 'CNTT2211008', 'chưa xem'),
(47, 'CNTT2211009', 'đã xem'),
(47, 'CNTT2211010', 'đã xem'),
(47, 'CNTT2211011', 'chưa xem'),
(47, 'CNTT2211012', 'chưa xem'),
(47, 'CNTT2211013', 'chưa xem'),
(47, 'CNTT2211014', 'chưa xem'),
(47, 'CNTT2211015', 'chưa xem'),
(47, 'CNTT2211016', 'chưa xem'),
(47, 'CNTT2211017', 'đã xem'),
(47, 'CNTT2211018', 'chưa xem'),
(47, 'CNTT2211019', 'chưa xem'),
(47, 'CNTT2211020', 'chưa xem'),
(47, 'CNTT2211021', 'chưa xem'),
(47, 'CNTT2211022', 'chưa xem'),
(47, 'CNTT2211023', 'đã xem'),
(47, 'CNTT2211024', 'chưa xem'),
(47, 'CNTT2211025', 'chưa xem'),
(47, 'CNTT2211026', 'chưa xem'),
(47, 'CNTT2211027', 'chưa xem'),
(47, 'CNTT2211028', 'chưa xem'),
(47, 'CNTT2211029', 'chưa xem'),
(47, 'CNTT2211030', 'đã xem'),
(47, 'CNTT2211031', 'chưa xem'),
(47, 'CNTT2211035', 'chưa xem'),
(47, 'CNTT2211036', 'chưa xem'),
(47, 'CNTT2211037', 'chưa xem'),
(47, 'CNTT2211040', 'chưa xem'),
(47, 'CNTT2211045', 'chưa xem'),
(47, 'CNTT2211048', 'chưa xem'),
(47, 'CNTT2211050', 'chưa xem'),
(47, 'HTTT2211001', 'chưa xem'),
(47, 'HTTT2211002', 'chưa xem'),
(47, 'HTTT2211003', 'chưa xem'),
(47, 'HTTT2211004', 'chưa xem'),
(47, 'HTTT2211005', 'chưa xem'),
(47, 'HTTT2211006', 'chưa xem'),
(47, 'HTTT2211007', 'chưa xem'),
(47, 'HTTT2211008', 'chưa xem'),
(47, 'HTTT2211009', 'chưa xem'),
(47, 'HTTT2211010', 'chưa xem'),
(47, 'HTTT2211011', 'chưa xem'),
(47, 'HTTT2211012', 'chưa xem'),
(47, 'HTTT2211013', 'chưa xem'),
(47, 'HTTT2211014', 'chưa xem'),
(47, 'HTTT2211015', 'chưa xem'),
(47, 'HTTT2211016', 'chưa xem'),
(47, 'HTTT2211017', 'chưa xem'),
(47, 'HTTT2211018', 'đã xem'),
(47, 'HTTT2211019', 'chưa xem'),
(47, 'HTTT2211020', 'chưa xem'),
(47, 'HTTT2211021', 'chưa xem'),
(47, 'HTTT2211022', 'chưa xem'),
(47, 'HTTT2211023', 'chưa xem'),
(47, 'HTTT2211024', 'chưa xem'),
(47, 'HTTT2211025', 'chưa xem'),
(47, 'HTTT2211026', 'chưa xem'),
(47, 'HTTT2211027', 'chưa xem'),
(47, 'HTTT2211028', 'chưa xem'),
(47, 'HTTT2211029', 'chưa xem'),
(47, 'HTTT2211030', 'chưa xem'),
(47, 'HTTT2211031', 'chưa xem'),
(47, 'KTPM2211001', 'chưa xem'),
(47, 'KTPM2211002', 'đã xem'),
(47, 'KTPM2211003', 'chưa xem'),
(47, 'KTPM2211004', 'chưa xem'),
(47, 'KTPM2211005', 'chưa xem'),
(47, 'KTPM2211006', 'chưa xem'),
(47, 'KTPM2211007', 'chưa xem'),
(47, 'KTPM2211008', 'chưa xem'),
(47, 'KTPM2211009', 'chưa xem'),
(47, 'KTPM2211010', 'chưa xem'),
(47, 'KTPM2211011', 'chưa xem'),
(47, 'KTPM2211012', 'chưa xem'),
(47, 'KTPM2211013', 'chưa xem'),
(47, 'KTPM2211014', 'đã xem'),
(47, 'KTPM2211015', 'chưa xem'),
(47, 'KTPM2211016', 'chưa xem'),
(47, 'KTPM2211017', 'đã xem'),
(47, 'KTPM2211018', 'chưa xem'),
(47, 'KTPM2211019', 'chưa xem'),
(47, 'KTPM2211020', 'đã xem'),
(47, 'KTPM2211021', 'chưa xem'),
(47, 'KTPM2211022', 'đã xem'),
(47, 'KTPM2211023', 'chưa xem'),
(47, 'KTPM2211024', 'chưa xem'),
(47, 'KTPM2211025', 'chưa xem'),
(47, 'KTPM2211026', 'chưa xem'),
(47, 'KTPM2211027', 'chưa xem'),
(47, 'KTPM2211028', 'chưa xem'),
(47, 'KTPM2211029', 'chưa xem'),
(47, 'KTPM2211030', 'đã xem'),
(47, 'KTPM2211031', 'chưa xem'),
(47, 'KTPM2211032', 'chưa xem'),
(47, 'KTPM2211033', 'chưa xem'),
(47, 'KTPM2211034', 'chưa xem'),
(47, 'KTPM2211035', 'chưa xem'),
(47, 'KTPM2211036', 'chưa xem'),
(47, 'KTPM2211037', 'chưa xem'),
(47, 'KTPM2211038', 'chưa xem'),
(47, 'KTPM2211039', 'chưa xem'),
(47, 'KTPM2211040', 'chưa xem'),
(47, 'KTPM2211041', 'chưa xem'),
(47, 'KTPM2211042', 'chưa xem'),
(47, 'KTPM2211043', 'chưa xem'),
(47, 'KTPM2211044', 'chưa xem'),
(47, 'KTPM2211045', 'chưa xem'),
(47, 'KTPM2211046', 'chưa xem'),
(48, 'CNTT2211001', 'chưa xem'),
(48, 'CNTT2211002', 'chưa xem'),
(48, 'CNTT2211003', 'chưa xem'),
(48, 'CNTT22110032', 'chưa xem'),
(48, 'CNTT2211004', 'chưa xem'),
(48, 'CNTT2211005', 'chưa xem'),
(48, 'CNTT2211006', 'chưa xem'),
(48, 'CNTT2211007', 'đã xem'),
(48, 'CNTT2211008', 'chưa xem'),
(48, 'CNTT2211009', 'đã xem'),
(48, 'CNTT2211010', 'đã xem'),
(48, 'CNTT2211011', 'chưa xem'),
(48, 'CNTT2211012', 'chưa xem'),
(48, 'CNTT2211013', 'chưa xem'),
(48, 'CNTT2211014', 'chưa xem'),
(48, 'CNTT2211015', 'chưa xem'),
(48, 'CNTT2211016', 'chưa xem'),
(48, 'CNTT2211017', 'đã xem'),
(48, 'CNTT2211018', 'chưa xem'),
(48, 'CNTT2211019', 'chưa xem'),
(48, 'CNTT2211020', 'chưa xem'),
(48, 'CNTT2211021', 'chưa xem'),
(48, 'CNTT2211022', 'chưa xem'),
(48, 'CNTT2211023', 'đã xem'),
(48, 'CNTT2211024', 'chưa xem'),
(48, 'CNTT2211025', 'chưa xem'),
(48, 'CNTT2211026', 'chưa xem'),
(48, 'CNTT2211027', 'chưa xem'),
(48, 'CNTT2211028', 'chưa xem'),
(48, 'CNTT2211029', 'chưa xem'),
(48, 'CNTT2211030', 'đã xem'),
(48, 'CNTT2211031', 'chưa xem'),
(48, 'CNTT2211035', 'chưa xem'),
(48, 'CNTT2211036', 'chưa xem'),
(48, 'CNTT2211037', 'chưa xem'),
(48, 'CNTT2211040', 'chưa xem'),
(48, 'CNTT2211045', 'chưa xem'),
(48, 'CNTT2211048', 'chưa xem'),
(48, 'CNTT2211050', 'chưa xem'),
(48, 'HTTT2211001', 'chưa xem'),
(48, 'HTTT2211002', 'chưa xem'),
(48, 'HTTT2211003', 'chưa xem'),
(48, 'HTTT2211004', 'chưa xem'),
(48, 'HTTT2211005', 'chưa xem'),
(48, 'HTTT2211006', 'chưa xem'),
(48, 'HTTT2211007', 'chưa xem'),
(48, 'HTTT2211008', 'chưa xem'),
(48, 'HTTT2211009', 'chưa xem'),
(48, 'HTTT2211010', 'chưa xem'),
(48, 'HTTT2211011', 'chưa xem'),
(48, 'HTTT2211012', 'chưa xem'),
(48, 'HTTT2211013', 'chưa xem'),
(48, 'HTTT2211014', 'chưa xem'),
(48, 'HTTT2211015', 'chưa xem'),
(48, 'HTTT2211016', 'chưa xem'),
(48, 'HTTT2211017', 'chưa xem'),
(48, 'HTTT2211018', 'đã xem'),
(48, 'HTTT2211019', 'chưa xem'),
(48, 'HTTT2211020', 'chưa xem'),
(48, 'HTTT2211021', 'chưa xem'),
(48, 'HTTT2211022', 'chưa xem'),
(48, 'HTTT2211023', 'chưa xem'),
(48, 'HTTT2211024', 'chưa xem'),
(48, 'HTTT2211025', 'chưa xem'),
(48, 'HTTT2211026', 'chưa xem'),
(48, 'HTTT2211027', 'chưa xem'),
(48, 'HTTT2211028', 'chưa xem'),
(48, 'HTTT2211029', 'chưa xem'),
(48, 'HTTT2211030', 'chưa xem'),
(48, 'HTTT2211031', 'chưa xem'),
(48, 'KTPM2211001', 'chưa xem'),
(48, 'KTPM2211002', 'đã xem'),
(48, 'KTPM2211003', 'chưa xem'),
(48, 'KTPM2211004', 'chưa xem'),
(48, 'KTPM2211005', 'chưa xem'),
(48, 'KTPM2211006', 'chưa xem'),
(48, 'KTPM2211007', 'chưa xem'),
(48, 'KTPM2211008', 'chưa xem'),
(48, 'KTPM2211009', 'chưa xem'),
(48, 'KTPM2211010', 'chưa xem'),
(48, 'KTPM2211011', 'chưa xem'),
(48, 'KTPM2211012', 'chưa xem'),
(48, 'KTPM2211013', 'chưa xem'),
(48, 'KTPM2211014', 'đã xem'),
(48, 'KTPM2211015', 'chưa xem'),
(48, 'KTPM2211016', 'chưa xem'),
(48, 'KTPM2211017', 'đã xem'),
(48, 'KTPM2211018', 'chưa xem'),
(48, 'KTPM2211019', 'chưa xem'),
(48, 'KTPM2211020', 'đã xem'),
(48, 'KTPM2211021', 'chưa xem'),
(48, 'KTPM2211022', 'đã xem'),
(48, 'KTPM2211023', 'chưa xem'),
(48, 'KTPM2211024', 'chưa xem'),
(48, 'KTPM2211025', 'chưa xem'),
(48, 'KTPM2211026', 'chưa xem'),
(48, 'KTPM2211027', 'chưa xem'),
(48, 'KTPM2211028', 'chưa xem'),
(48, 'KTPM2211029', 'chưa xem'),
(48, 'KTPM2211030', 'đã xem'),
(48, 'KTPM2211031', 'chưa xem'),
(48, 'KTPM2211032', 'chưa xem'),
(48, 'KTPM2211033', 'chưa xem'),
(48, 'KTPM2211034', 'chưa xem'),
(48, 'KTPM2211035', 'chưa xem'),
(48, 'KTPM2211036', 'chưa xem'),
(48, 'KTPM2211037', 'chưa xem'),
(48, 'KTPM2211038', 'chưa xem'),
(48, 'KTPM2211039', 'chưa xem'),
(48, 'KTPM2211040', 'chưa xem'),
(48, 'KTPM2211041', 'chưa xem'),
(48, 'KTPM2211042', 'chưa xem'),
(48, 'KTPM2211043', 'chưa xem'),
(48, 'KTPM2211044', 'chưa xem'),
(48, 'KTPM2211045', 'chưa xem'),
(48, 'KTPM2211046', 'chưa xem'),
(49, 'CNTT2211001', 'chưa xem'),
(49, 'CNTT2211002', 'chưa xem'),
(49, 'CNTT2211003', 'chưa xem'),
(49, 'CNTT22110032', 'chưa xem'),
(49, 'CNTT2211004', 'chưa xem'),
(49, 'CNTT2211005', 'chưa xem'),
(49, 'CNTT2211006', 'chưa xem'),
(49, 'CNTT2211007', 'đã xem'),
(49, 'CNTT2211008', 'chưa xem'),
(49, 'CNTT2211009', 'đã xem'),
(49, 'CNTT2211010', 'đã xem'),
(49, 'CNTT2211011', 'chưa xem'),
(49, 'CNTT2211012', 'chưa xem'),
(49, 'CNTT2211013', 'chưa xem'),
(49, 'CNTT2211014', 'chưa xem'),
(49, 'CNTT2211015', 'chưa xem'),
(49, 'CNTT2211016', 'chưa xem'),
(49, 'CNTT2211017', 'đã xem'),
(49, 'CNTT2211018', 'chưa xem'),
(49, 'CNTT2211019', 'chưa xem'),
(49, 'CNTT2211020', 'chưa xem'),
(49, 'CNTT2211021', 'chưa xem'),
(49, 'CNTT2211022', 'chưa xem'),
(49, 'CNTT2211023', 'đã xem'),
(49, 'CNTT2211024', 'chưa xem'),
(49, 'CNTT2211025', 'chưa xem'),
(49, 'CNTT2211026', 'chưa xem'),
(49, 'CNTT2211027', 'chưa xem'),
(49, 'CNTT2211028', 'chưa xem'),
(49, 'CNTT2211029', 'chưa xem'),
(49, 'CNTT2211030', 'đã xem'),
(49, 'CNTT2211031', 'chưa xem'),
(49, 'CNTT2211035', 'chưa xem'),
(49, 'CNTT2211036', 'chưa xem'),
(49, 'CNTT2211037', 'chưa xem'),
(49, 'CNTT2211040', 'chưa xem'),
(49, 'CNTT2211045', 'chưa xem'),
(49, 'CNTT2211048', 'chưa xem'),
(49, 'CNTT2211050', 'chưa xem');
INSERT INTO `trangthaithongbao` (`matb`, `manguoidung`, `trangthai`) VALUES
(49, 'HTTT2211001', 'chưa xem'),
(49, 'HTTT2211002', 'chưa xem'),
(49, 'HTTT2211003', 'chưa xem'),
(49, 'HTTT2211004', 'chưa xem'),
(49, 'HTTT2211005', 'chưa xem'),
(49, 'HTTT2211006', 'chưa xem'),
(49, 'HTTT2211007', 'chưa xem'),
(49, 'HTTT2211008', 'chưa xem'),
(49, 'HTTT2211009', 'chưa xem'),
(49, 'HTTT2211010', 'chưa xem'),
(49, 'HTTT2211011', 'chưa xem'),
(49, 'HTTT2211012', 'chưa xem'),
(49, 'HTTT2211013', 'chưa xem'),
(49, 'HTTT2211014', 'chưa xem'),
(49, 'HTTT2211015', 'chưa xem'),
(49, 'HTTT2211016', 'chưa xem'),
(49, 'HTTT2211017', 'chưa xem'),
(49, 'HTTT2211018', 'đã xem'),
(49, 'HTTT2211019', 'chưa xem'),
(49, 'HTTT2211020', 'chưa xem'),
(49, 'HTTT2211021', 'chưa xem'),
(49, 'HTTT2211022', 'chưa xem'),
(49, 'HTTT2211023', 'chưa xem'),
(49, 'HTTT2211024', 'chưa xem'),
(49, 'HTTT2211025', 'chưa xem'),
(49, 'HTTT2211026', 'chưa xem'),
(49, 'HTTT2211027', 'chưa xem'),
(49, 'HTTT2211028', 'chưa xem'),
(49, 'HTTT2211029', 'chưa xem'),
(49, 'HTTT2211030', 'chưa xem'),
(49, 'HTTT2211031', 'chưa xem'),
(49, 'KTPM2211001', 'chưa xem'),
(49, 'KTPM2211002', 'đã xem'),
(49, 'KTPM2211003', 'chưa xem'),
(49, 'KTPM2211004', 'chưa xem'),
(49, 'KTPM2211005', 'chưa xem'),
(49, 'KTPM2211006', 'chưa xem'),
(49, 'KTPM2211007', 'chưa xem'),
(49, 'KTPM2211008', 'chưa xem'),
(49, 'KTPM2211009', 'chưa xem'),
(49, 'KTPM2211010', 'chưa xem'),
(49, 'KTPM2211011', 'chưa xem'),
(49, 'KTPM2211012', 'chưa xem'),
(49, 'KTPM2211013', 'chưa xem'),
(49, 'KTPM2211014', 'đã xem'),
(49, 'KTPM2211015', 'chưa xem'),
(49, 'KTPM2211016', 'chưa xem'),
(49, 'KTPM2211017', 'đã xem'),
(49, 'KTPM2211018', 'chưa xem'),
(49, 'KTPM2211019', 'chưa xem'),
(49, 'KTPM2211020', 'đã xem'),
(49, 'KTPM2211021', 'chưa xem'),
(49, 'KTPM2211022', 'đã xem'),
(49, 'KTPM2211023', 'chưa xem'),
(49, 'KTPM2211024', 'chưa xem'),
(49, 'KTPM2211025', 'chưa xem'),
(49, 'KTPM2211026', 'chưa xem'),
(49, 'KTPM2211027', 'chưa xem'),
(49, 'KTPM2211028', 'chưa xem'),
(49, 'KTPM2211029', 'chưa xem'),
(49, 'KTPM2211030', 'đã xem'),
(49, 'KTPM2211031', 'chưa xem'),
(49, 'KTPM2211032', 'chưa xem'),
(49, 'KTPM2211033', 'chưa xem'),
(49, 'KTPM2211034', 'chưa xem'),
(49, 'KTPM2211035', 'chưa xem'),
(49, 'KTPM2211036', 'chưa xem'),
(49, 'KTPM2211037', 'chưa xem'),
(49, 'KTPM2211038', 'chưa xem'),
(49, 'KTPM2211039', 'chưa xem'),
(49, 'KTPM2211040', 'chưa xem'),
(49, 'KTPM2211041', 'chưa xem'),
(49, 'KTPM2211042', 'chưa xem'),
(49, 'KTPM2211043', 'chưa xem'),
(49, 'KTPM2211044', 'chưa xem'),
(49, 'KTPM2211045', 'chưa xem'),
(49, 'KTPM2211046', 'chưa xem'),
(50, 'CNTT2211001', 'chưa xem'),
(50, 'CNTT2211002', 'chưa xem'),
(50, 'CNTT2211003', 'chưa xem'),
(50, 'CNTT22110032', 'chưa xem'),
(50, 'CNTT2211005', 'chưa xem'),
(50, 'CNTT2211006', 'chưa xem'),
(50, 'CNTT2211007', 'đã xem'),
(50, 'CNTT2211008', 'chưa xem'),
(50, 'CNTT2211009', 'đã xem'),
(50, 'CNTT2211010', 'đã xem'),
(50, 'CNTT2211011', 'chưa xem'),
(50, 'CNTT2211012', 'chưa xem'),
(50, 'CNTT2211013', 'chưa xem'),
(50, 'CNTT2211014', 'chưa xem'),
(50, 'CNTT2211015', 'chưa xem'),
(50, 'CNTT2211016', 'chưa xem'),
(50, 'CNTT2211017', 'đã xem'),
(50, 'CNTT2211018', 'chưa xem'),
(50, 'CNTT2211019', 'chưa xem'),
(50, 'CNTT2211020', 'chưa xem'),
(50, 'CNTT2211021', 'chưa xem'),
(50, 'CNTT2211022', 'chưa xem'),
(50, 'CNTT2211023', 'đã xem'),
(50, 'CNTT2211024', 'chưa xem'),
(50, 'CNTT2211025', 'chưa xem'),
(50, 'CNTT2211026', 'chưa xem'),
(50, 'CNTT2211027', 'chưa xem'),
(50, 'CNTT2211028', 'chưa xem'),
(50, 'CNTT2211029', 'chưa xem'),
(50, 'CNTT2211030', 'đã xem'),
(50, 'CNTT2211031', 'chưa xem'),
(50, 'CNTT2211050', 'chưa xem'),
(51, 'CNTT2211001', 'chưa xem'),
(51, 'CNTT2211002', 'chưa xem'),
(51, 'CNTT2211003', 'chưa xem'),
(51, 'CNTT22110032', 'chưa xem'),
(51, 'CNTT2211004', 'chưa xem'),
(51, 'CNTT2211005', 'chưa xem'),
(51, 'CNTT2211006', 'chưa xem'),
(51, 'CNTT2211007', 'đã xem'),
(51, 'CNTT2211008', 'chưa xem'),
(51, 'CNTT2211009', 'đã xem'),
(51, 'CNTT2211010', 'đã xem'),
(51, 'CNTT2211011', 'chưa xem'),
(51, 'CNTT2211012', 'chưa xem'),
(51, 'CNTT2211013', 'chưa xem'),
(51, 'CNTT2211014', 'chưa xem'),
(51, 'CNTT2211015', 'chưa xem'),
(51, 'CNTT2211016', 'chưa xem'),
(51, 'CNTT2211017', 'đã xem'),
(51, 'CNTT2211018', 'chưa xem'),
(51, 'CNTT2211019', 'chưa xem'),
(51, 'CNTT2211020', 'chưa xem'),
(51, 'CNTT2211021', 'chưa xem'),
(51, 'CNTT2211022', 'chưa xem'),
(51, 'CNTT2211023', 'đã xem'),
(51, 'CNTT2211024', 'chưa xem'),
(51, 'CNTT2211025', 'chưa xem'),
(51, 'CNTT2211026', 'chưa xem'),
(51, 'CNTT2211027', 'chưa xem'),
(51, 'CNTT2211028', 'chưa xem'),
(51, 'CNTT2211029', 'chưa xem'),
(51, 'CNTT2211030', 'đã xem'),
(51, 'CNTT2211031', 'chưa xem'),
(51, 'CNTT2211035', 'chưa xem'),
(51, 'CNTT2211036', 'chưa xem'),
(51, 'CNTT2211037', 'chưa xem'),
(51, 'CNTT2211040', 'chưa xem'),
(51, 'CNTT2211045', 'chưa xem'),
(51, 'CNTT2211048', 'chưa xem'),
(51, 'CNTT2211050', 'chưa xem'),
(51, 'HTTT2211001', 'chưa xem'),
(51, 'HTTT2211002', 'chưa xem'),
(51, 'HTTT2211003', 'chưa xem'),
(51, 'HTTT2211004', 'chưa xem'),
(51, 'HTTT2211005', 'chưa xem'),
(51, 'HTTT2211006', 'chưa xem'),
(51, 'HTTT2211007', 'chưa xem'),
(51, 'HTTT2211008', 'chưa xem'),
(51, 'HTTT2211009', 'chưa xem'),
(51, 'HTTT2211010', 'chưa xem'),
(51, 'HTTT2211011', 'chưa xem'),
(51, 'HTTT2211012', 'chưa xem'),
(51, 'HTTT2211013', 'chưa xem'),
(51, 'HTTT2211014', 'chưa xem'),
(51, 'HTTT2211015', 'chưa xem'),
(51, 'HTTT2211016', 'chưa xem'),
(51, 'HTTT2211017', 'chưa xem'),
(51, 'HTTT2211018', 'đã xem'),
(51, 'HTTT2211019', 'chưa xem'),
(51, 'HTTT2211020', 'chưa xem'),
(51, 'HTTT2211021', 'chưa xem'),
(51, 'HTTT2211022', 'chưa xem'),
(51, 'HTTT2211023', 'chưa xem'),
(51, 'HTTT2211024', 'chưa xem'),
(51, 'HTTT2211025', 'chưa xem'),
(51, 'HTTT2211026', 'chưa xem'),
(51, 'HTTT2211027', 'chưa xem'),
(51, 'HTTT2211028', 'chưa xem'),
(51, 'HTTT2211029', 'chưa xem'),
(51, 'HTTT2211030', 'chưa xem'),
(51, 'HTTT2211031', 'chưa xem'),
(51, 'KTPM2211001', 'chưa xem'),
(51, 'KTPM2211002', 'đã xem'),
(51, 'KTPM2211003', 'chưa xem'),
(51, 'KTPM2211004', 'chưa xem'),
(51, 'KTPM2211005', 'chưa xem'),
(51, 'KTPM2211006', 'chưa xem'),
(51, 'KTPM2211007', 'chưa xem'),
(51, 'KTPM2211008', 'chưa xem'),
(51, 'KTPM2211009', 'chưa xem'),
(51, 'KTPM2211010', 'chưa xem'),
(51, 'KTPM2211011', 'chưa xem'),
(51, 'KTPM2211012', 'chưa xem'),
(51, 'KTPM2211013', 'chưa xem'),
(51, 'KTPM2211014', 'đã xem'),
(51, 'KTPM2211015', 'chưa xem'),
(51, 'KTPM2211016', 'chưa xem'),
(51, 'KTPM2211017', 'đã xem'),
(51, 'KTPM2211018', 'chưa xem'),
(51, 'KTPM2211019', 'chưa xem'),
(51, 'KTPM2211020', 'đã xem'),
(51, 'KTPM2211021', 'chưa xem'),
(51, 'KTPM2211022', 'đã xem'),
(51, 'KTPM2211023', 'chưa xem'),
(51, 'KTPM2211024', 'chưa xem'),
(51, 'KTPM2211025', 'chưa xem'),
(51, 'KTPM2211026', 'chưa xem'),
(51, 'KTPM2211027', 'chưa xem'),
(51, 'KTPM2211028', 'chưa xem'),
(51, 'KTPM2211029', 'chưa xem'),
(51, 'KTPM2211030', 'đã xem'),
(51, 'KTPM2211031', 'chưa xem'),
(51, 'KTPM2211032', 'chưa xem'),
(51, 'KTPM2211033', 'chưa xem'),
(51, 'KTPM2211034', 'chưa xem'),
(51, 'KTPM2211035', 'chưa xem'),
(51, 'KTPM2211036', 'chưa xem'),
(51, 'KTPM2211037', 'chưa xem'),
(51, 'KTPM2211038', 'chưa xem'),
(51, 'KTPM2211039', 'chưa xem'),
(51, 'KTPM2211040', 'chưa xem'),
(51, 'KTPM2211041', 'chưa xem'),
(51, 'KTPM2211042', 'chưa xem'),
(51, 'KTPM2211043', 'chưa xem'),
(51, 'KTPM2211044', 'chưa xem'),
(51, 'KTPM2211045', 'chưa xem'),
(51, 'KTPM2211046', 'chưa xem'),
(52, 'CNTT2211001', 'chưa xem'),
(52, 'CNTT2211002', 'chưa xem'),
(52, 'CNTT2211003', 'chưa xem'),
(52, 'CNTT22110032', 'chưa xem'),
(52, 'CNTT2211004', 'chưa xem'),
(52, 'CNTT2211005', 'chưa xem'),
(52, 'CNTT2211006', 'chưa xem'),
(52, 'CNTT2211007', 'đã xem'),
(52, 'CNTT2211008', 'chưa xem'),
(52, 'CNTT2211009', 'đã xem'),
(52, 'CNTT2211010', 'đã xem'),
(52, 'CNTT2211011', 'chưa xem'),
(52, 'CNTT2211012', 'chưa xem'),
(52, 'CNTT2211013', 'chưa xem'),
(52, 'CNTT2211014', 'chưa xem'),
(52, 'CNTT2211015', 'chưa xem'),
(52, 'CNTT2211016', 'chưa xem'),
(52, 'CNTT2211017', 'đã xem'),
(52, 'CNTT2211018', 'chưa xem'),
(52, 'CNTT2211019', 'chưa xem'),
(52, 'CNTT2211020', 'chưa xem'),
(52, 'CNTT2211021', 'chưa xem'),
(52, 'CNTT2211022', 'chưa xem'),
(52, 'CNTT2211023', 'đã xem'),
(52, 'CNTT2211024', 'chưa xem'),
(52, 'CNTT2211025', 'chưa xem'),
(52, 'CNTT2211026', 'chưa xem'),
(52, 'CNTT2211027', 'chưa xem'),
(52, 'CNTT2211028', 'chưa xem'),
(52, 'CNTT2211029', 'chưa xem'),
(52, 'CNTT2211030', 'đã xem'),
(52, 'CNTT2211031', 'chưa xem'),
(52, 'CNTT2211035', 'chưa xem'),
(52, 'CNTT2211036', 'chưa xem'),
(52, 'CNTT2211037', 'chưa xem'),
(52, 'CNTT2211040', 'chưa xem'),
(52, 'CNTT2211045', 'chưa xem'),
(52, 'CNTT2211048', 'chưa xem'),
(52, 'CNTT2211050', 'chưa xem'),
(52, 'HTTT2211001', 'chưa xem'),
(52, 'HTTT2211002', 'chưa xem'),
(52, 'HTTT2211003', 'chưa xem'),
(52, 'HTTT2211004', 'chưa xem'),
(52, 'HTTT2211005', 'chưa xem'),
(52, 'HTTT2211006', 'chưa xem'),
(52, 'HTTT2211007', 'chưa xem'),
(52, 'HTTT2211008', 'chưa xem'),
(52, 'HTTT2211009', 'chưa xem'),
(52, 'HTTT2211010', 'chưa xem'),
(52, 'HTTT2211011', 'chưa xem'),
(52, 'HTTT2211012', 'chưa xem'),
(52, 'HTTT2211013', 'chưa xem'),
(52, 'HTTT2211014', 'chưa xem'),
(52, 'HTTT2211015', 'chưa xem'),
(52, 'HTTT2211016', 'chưa xem'),
(52, 'HTTT2211017', 'chưa xem'),
(52, 'HTTT2211018', 'đã xem'),
(52, 'HTTT2211019', 'chưa xem'),
(52, 'HTTT2211020', 'chưa xem'),
(52, 'HTTT2211021', 'chưa xem'),
(52, 'HTTT2211022', 'chưa xem'),
(52, 'HTTT2211023', 'chưa xem'),
(52, 'HTTT2211024', 'chưa xem'),
(52, 'HTTT2211025', 'chưa xem'),
(52, 'HTTT2211026', 'chưa xem'),
(52, 'HTTT2211027', 'chưa xem'),
(52, 'HTTT2211028', 'chưa xem'),
(52, 'HTTT2211029', 'chưa xem'),
(52, 'HTTT2211030', 'chưa xem'),
(52, 'HTTT2211031', 'chưa xem'),
(52, 'KTPM2211001', 'chưa xem'),
(52, 'KTPM2211002', 'đã xem'),
(52, 'KTPM2211003', 'chưa xem'),
(52, 'KTPM2211004', 'chưa xem'),
(52, 'KTPM2211005', 'chưa xem'),
(52, 'KTPM2211006', 'chưa xem'),
(52, 'KTPM2211007', 'chưa xem'),
(52, 'KTPM2211008', 'chưa xem'),
(52, 'KTPM2211009', 'chưa xem'),
(52, 'KTPM2211010', 'chưa xem'),
(52, 'KTPM2211011', 'chưa xem'),
(52, 'KTPM2211012', 'chưa xem'),
(52, 'KTPM2211013', 'chưa xem'),
(52, 'KTPM2211014', 'đã xem'),
(52, 'KTPM2211015', 'chưa xem'),
(52, 'KTPM2211016', 'chưa xem'),
(52, 'KTPM2211017', 'đã xem'),
(52, 'KTPM2211018', 'chưa xem'),
(52, 'KTPM2211019', 'chưa xem'),
(52, 'KTPM2211020', 'đã xem'),
(52, 'KTPM2211021', 'chưa xem'),
(52, 'KTPM2211022', 'đã xem'),
(52, 'KTPM2211023', 'chưa xem'),
(52, 'KTPM2211024', 'chưa xem'),
(52, 'KTPM2211025', 'chưa xem'),
(52, 'KTPM2211026', 'chưa xem'),
(52, 'KTPM2211027', 'chưa xem'),
(52, 'KTPM2211028', 'chưa xem'),
(52, 'KTPM2211029', 'chưa xem'),
(52, 'KTPM2211030', 'đã xem'),
(52, 'KTPM2211031', 'chưa xem'),
(52, 'KTPM2211032', 'chưa xem'),
(52, 'KTPM2211033', 'chưa xem'),
(52, 'KTPM2211034', 'chưa xem'),
(52, 'KTPM2211035', 'chưa xem'),
(52, 'KTPM2211036', 'chưa xem'),
(52, 'KTPM2211037', 'chưa xem'),
(52, 'KTPM2211038', 'chưa xem'),
(52, 'KTPM2211039', 'chưa xem'),
(52, 'KTPM2211040', 'chưa xem'),
(52, 'KTPM2211041', 'chưa xem'),
(52, 'KTPM2211042', 'chưa xem'),
(52, 'KTPM2211043', 'chưa xem'),
(52, 'KTPM2211044', 'chưa xem'),
(52, 'KTPM2211045', 'chưa xem'),
(52, 'KTPM2211046', 'chưa xem'),
(53, 'CNTT2211001', 'chưa xem'),
(53, 'CNTT2211002', 'chưa xem'),
(53, 'CNTT2211003', 'chưa xem'),
(53, 'CNTT22110032', 'chưa xem'),
(53, 'CNTT2211004', 'chưa xem'),
(53, 'CNTT2211005', 'chưa xem'),
(53, 'CNTT2211006', 'chưa xem'),
(53, 'CNTT2211007', 'đã xem'),
(53, 'CNTT2211008', 'chưa xem'),
(53, 'CNTT2211009', 'đã xem'),
(53, 'CNTT2211010', 'đã xem'),
(53, 'CNTT2211011', 'chưa xem'),
(53, 'CNTT2211012', 'chưa xem'),
(53, 'CNTT2211013', 'chưa xem'),
(53, 'CNTT2211014', 'chưa xem'),
(53, 'CNTT2211015', 'chưa xem'),
(53, 'CNTT2211016', 'chưa xem'),
(53, 'CNTT2211017', 'đã xem'),
(53, 'CNTT2211018', 'chưa xem'),
(53, 'CNTT2211019', 'chưa xem'),
(53, 'CNTT2211020', 'chưa xem'),
(53, 'CNTT2211021', 'chưa xem'),
(53, 'CNTT2211022', 'chưa xem'),
(53, 'CNTT2211023', 'đã xem'),
(53, 'CNTT2211024', 'chưa xem'),
(53, 'CNTT2211025', 'chưa xem'),
(53, 'CNTT2211026', 'chưa xem'),
(53, 'CNTT2211027', 'chưa xem'),
(53, 'CNTT2211028', 'chưa xem'),
(53, 'CNTT2211029', 'chưa xem'),
(53, 'CNTT2211030', 'đã xem'),
(53, 'CNTT2211031', 'chưa xem'),
(53, 'CNTT2211035', 'chưa xem'),
(53, 'CNTT2211036', 'chưa xem'),
(53, 'CNTT2211037', 'chưa xem'),
(53, 'CNTT2211040', 'chưa xem'),
(53, 'CNTT2211045', 'chưa xem'),
(53, 'CNTT2211048', 'chưa xem'),
(53, 'CNTT2211050', 'chưa xem'),
(53, 'HTTT2211001', 'chưa xem'),
(53, 'HTTT2211002', 'chưa xem'),
(53, 'HTTT2211003', 'chưa xem'),
(53, 'HTTT2211004', 'chưa xem'),
(53, 'HTTT2211005', 'chưa xem'),
(53, 'HTTT2211006', 'chưa xem'),
(53, 'HTTT2211007', 'chưa xem'),
(53, 'HTTT2211008', 'chưa xem'),
(53, 'HTTT2211009', 'chưa xem'),
(53, 'HTTT2211010', 'chưa xem'),
(53, 'HTTT2211011', 'chưa xem'),
(53, 'HTTT2211012', 'chưa xem'),
(53, 'HTTT2211013', 'chưa xem'),
(53, 'HTTT2211014', 'chưa xem'),
(53, 'HTTT2211015', 'chưa xem'),
(53, 'HTTT2211016', 'chưa xem'),
(53, 'HTTT2211017', 'chưa xem'),
(53, 'HTTT2211018', 'đã xem'),
(53, 'HTTT2211019', 'chưa xem'),
(53, 'HTTT2211020', 'chưa xem'),
(53, 'HTTT2211021', 'chưa xem'),
(53, 'HTTT2211022', 'chưa xem'),
(53, 'HTTT2211023', 'chưa xem'),
(53, 'HTTT2211024', 'chưa xem'),
(53, 'HTTT2211025', 'chưa xem'),
(53, 'HTTT2211026', 'chưa xem'),
(53, 'HTTT2211027', 'chưa xem'),
(53, 'HTTT2211028', 'chưa xem'),
(53, 'HTTT2211029', 'chưa xem'),
(53, 'HTTT2211030', 'chưa xem'),
(53, 'HTTT2211031', 'chưa xem'),
(53, 'KTPM2211001', 'chưa xem'),
(53, 'KTPM2211002', 'đã xem'),
(53, 'KTPM2211003', 'chưa xem'),
(53, 'KTPM2211004', 'chưa xem'),
(53, 'KTPM2211005', 'chưa xem'),
(53, 'KTPM2211006', 'chưa xem'),
(53, 'KTPM2211007', 'chưa xem'),
(53, 'KTPM2211008', 'chưa xem'),
(53, 'KTPM2211009', 'chưa xem'),
(53, 'KTPM2211010', 'chưa xem'),
(53, 'KTPM2211011', 'chưa xem'),
(53, 'KTPM2211012', 'chưa xem'),
(53, 'KTPM2211013', 'chưa xem'),
(53, 'KTPM2211014', 'đã xem'),
(53, 'KTPM2211015', 'chưa xem'),
(53, 'KTPM2211016', 'chưa xem'),
(53, 'KTPM2211017', 'đã xem'),
(53, 'KTPM2211018', 'chưa xem'),
(53, 'KTPM2211019', 'chưa xem'),
(53, 'KTPM2211020', 'đã xem'),
(53, 'KTPM2211021', 'chưa xem'),
(53, 'KTPM2211022', 'đã xem'),
(53, 'KTPM2211023', 'chưa xem'),
(53, 'KTPM2211024', 'chưa xem'),
(53, 'KTPM2211025', 'chưa xem'),
(53, 'KTPM2211026', 'chưa xem'),
(53, 'KTPM2211027', 'chưa xem'),
(53, 'KTPM2211028', 'chưa xem'),
(53, 'KTPM2211029', 'chưa xem'),
(53, 'KTPM2211030', 'đã xem'),
(53, 'KTPM2211031', 'chưa xem'),
(53, 'KTPM2211032', 'chưa xem'),
(53, 'KTPM2211033', 'chưa xem'),
(53, 'KTPM2211034', 'chưa xem'),
(53, 'KTPM2211035', 'chưa xem'),
(53, 'KTPM2211036', 'chưa xem'),
(53, 'KTPM2211037', 'chưa xem'),
(53, 'KTPM2211038', 'chưa xem'),
(53, 'KTPM2211039', 'chưa xem'),
(53, 'KTPM2211040', 'chưa xem'),
(53, 'KTPM2211041', 'chưa xem'),
(53, 'KTPM2211042', 'chưa xem'),
(53, 'KTPM2211043', 'chưa xem'),
(53, 'KTPM2211044', 'chưa xem'),
(53, 'KTPM2211045', 'chưa xem'),
(53, 'KTPM2211046', 'chưa xem'),
(54, 'CNTT2211001', 'chưa xem'),
(54, 'CNTT2211002', 'chưa xem'),
(54, 'CNTT2211003', 'chưa xem'),
(54, 'CNTT22110032', 'chưa xem'),
(54, 'CNTT2211004', 'chưa xem'),
(54, 'CNTT2211005', 'chưa xem'),
(54, 'CNTT2211006', 'chưa xem'),
(54, 'CNTT2211007', 'đã xem'),
(54, 'CNTT2211008', 'chưa xem'),
(54, 'CNTT2211009', 'đã xem'),
(54, 'CNTT2211010', 'đã xem'),
(54, 'CNTT2211011', 'chưa xem'),
(54, 'CNTT2211012', 'chưa xem'),
(54, 'CNTT2211013', 'chưa xem'),
(54, 'CNTT2211014', 'chưa xem'),
(54, 'CNTT2211015', 'chưa xem'),
(54, 'CNTT2211016', 'chưa xem'),
(54, 'CNTT2211017', 'đã xem'),
(54, 'CNTT2211018', 'chưa xem'),
(54, 'CNTT2211019', 'chưa xem'),
(54, 'CNTT2211020', 'chưa xem'),
(54, 'CNTT2211021', 'chưa xem'),
(54, 'CNTT2211022', 'chưa xem'),
(54, 'CNTT2211023', 'đã xem'),
(54, 'CNTT2211024', 'chưa xem'),
(54, 'CNTT2211025', 'chưa xem'),
(54, 'CNTT2211026', 'chưa xem'),
(54, 'CNTT2211027', 'chưa xem'),
(54, 'CNTT2211028', 'chưa xem'),
(54, 'CNTT2211029', 'chưa xem'),
(54, 'CNTT2211030', 'đã xem'),
(54, 'CNTT2211031', 'chưa xem'),
(54, 'CNTT2211035', 'chưa xem'),
(54, 'CNTT2211036', 'chưa xem'),
(54, 'CNTT2211037', 'chưa xem'),
(54, 'CNTT2211040', 'chưa xem'),
(54, 'CNTT2211045', 'chưa xem'),
(54, 'CNTT2211048', 'chưa xem'),
(54, 'CNTT2211050', 'chưa xem'),
(54, 'HTTT2211001', 'chưa xem'),
(54, 'HTTT2211002', 'chưa xem'),
(54, 'HTTT2211003', 'chưa xem'),
(54, 'HTTT2211004', 'chưa xem'),
(54, 'HTTT2211005', 'chưa xem'),
(54, 'HTTT2211006', 'chưa xem'),
(54, 'HTTT2211007', 'chưa xem'),
(54, 'HTTT2211008', 'chưa xem'),
(54, 'HTTT2211009', 'chưa xem'),
(54, 'HTTT2211010', 'chưa xem'),
(54, 'HTTT2211011', 'chưa xem'),
(54, 'HTTT2211012', 'chưa xem'),
(54, 'HTTT2211013', 'chưa xem'),
(54, 'HTTT2211014', 'chưa xem'),
(54, 'HTTT2211015', 'chưa xem'),
(54, 'HTTT2211016', 'chưa xem'),
(54, 'HTTT2211017', 'chưa xem'),
(54, 'HTTT2211018', 'đã xem'),
(54, 'HTTT2211019', 'chưa xem'),
(54, 'HTTT2211020', 'chưa xem'),
(54, 'HTTT2211021', 'chưa xem'),
(54, 'HTTT2211022', 'chưa xem'),
(54, 'HTTT2211023', 'chưa xem'),
(54, 'HTTT2211024', 'chưa xem'),
(54, 'HTTT2211025', 'chưa xem'),
(54, 'HTTT2211026', 'chưa xem'),
(54, 'HTTT2211027', 'chưa xem'),
(54, 'HTTT2211028', 'chưa xem'),
(54, 'HTTT2211029', 'chưa xem'),
(54, 'HTTT2211030', 'chưa xem'),
(54, 'HTTT2211031', 'chưa xem'),
(54, 'KTPM2211001', 'chưa xem'),
(54, 'KTPM2211002', 'đã xem'),
(54, 'KTPM2211003', 'chưa xem'),
(54, 'KTPM2211004', 'chưa xem'),
(54, 'KTPM2211005', 'chưa xem'),
(54, 'KTPM2211006', 'chưa xem'),
(54, 'KTPM2211007', 'chưa xem'),
(54, 'KTPM2211008', 'chưa xem'),
(54, 'KTPM2211009', 'chưa xem'),
(54, 'KTPM2211010', 'chưa xem'),
(54, 'KTPM2211011', 'chưa xem'),
(54, 'KTPM2211012', 'chưa xem'),
(54, 'KTPM2211013', 'chưa xem'),
(54, 'KTPM2211014', 'đã xem'),
(54, 'KTPM2211015', 'chưa xem'),
(54, 'KTPM2211016', 'chưa xem'),
(54, 'KTPM2211017', 'đã xem'),
(54, 'KTPM2211018', 'chưa xem'),
(54, 'KTPM2211019', 'chưa xem'),
(54, 'KTPM2211020', 'đã xem'),
(54, 'KTPM2211021', 'chưa xem'),
(54, 'KTPM2211022', 'đã xem'),
(54, 'KTPM2211023', 'chưa xem'),
(54, 'KTPM2211024', 'chưa xem'),
(54, 'KTPM2211025', 'chưa xem'),
(54, 'KTPM2211026', 'chưa xem'),
(54, 'KTPM2211027', 'chưa xem'),
(54, 'KTPM2211028', 'chưa xem'),
(54, 'KTPM2211029', 'chưa xem'),
(54, 'KTPM2211030', 'đã xem'),
(54, 'KTPM2211031', 'chưa xem'),
(54, 'KTPM2211032', 'chưa xem'),
(54, 'KTPM2211033', 'chưa xem'),
(54, 'KTPM2211034', 'chưa xem'),
(54, 'KTPM2211035', 'chưa xem'),
(54, 'KTPM2211036', 'chưa xem'),
(54, 'KTPM2211037', 'chưa xem'),
(54, 'KTPM2211038', 'chưa xem'),
(54, 'KTPM2211039', 'chưa xem'),
(54, 'KTPM2211040', 'chưa xem'),
(54, 'KTPM2211041', 'chưa xem'),
(54, 'KTPM2211042', 'chưa xem'),
(54, 'KTPM2211043', 'chưa xem'),
(54, 'KTPM2211044', 'chưa xem'),
(54, 'KTPM2211045', 'chưa xem'),
(54, 'KTPM2211046', 'chưa xem'),
(55, 'CNTT2211001', 'chưa xem'),
(55, 'CNTT2211002', 'chưa xem'),
(55, 'CNTT2211003', 'chưa xem'),
(55, 'CNTT22110032', 'chưa xem'),
(55, 'CNTT2211004', 'chưa xem'),
(55, 'CNTT2211005', 'chưa xem'),
(55, 'CNTT2211006', 'chưa xem'),
(55, 'CNTT2211007', 'đã xem'),
(55, 'CNTT2211008', 'chưa xem'),
(55, 'CNTT2211009', 'đã xem'),
(55, 'CNTT2211010', 'đã xem'),
(55, 'CNTT2211011', 'chưa xem'),
(55, 'CNTT2211012', 'chưa xem'),
(55, 'CNTT2211013', 'chưa xem'),
(55, 'CNTT2211014', 'chưa xem'),
(55, 'CNTT2211015', 'chưa xem'),
(55, 'CNTT2211016', 'chưa xem'),
(55, 'CNTT2211017', 'đã xem'),
(55, 'CNTT2211018', 'chưa xem'),
(55, 'CNTT2211019', 'chưa xem'),
(55, 'CNTT2211020', 'chưa xem'),
(55, 'CNTT2211021', 'chưa xem'),
(55, 'CNTT2211022', 'chưa xem'),
(55, 'CNTT2211023', 'đã xem'),
(55, 'CNTT2211024', 'chưa xem'),
(55, 'CNTT2211025', 'chưa xem'),
(55, 'CNTT2211026', 'chưa xem'),
(55, 'CNTT2211027', 'chưa xem'),
(55, 'CNTT2211028', 'chưa xem'),
(55, 'CNTT2211029', 'chưa xem'),
(55, 'CNTT2211030', 'đã xem'),
(55, 'CNTT2211031', 'chưa xem'),
(55, 'CNTT2211035', 'chưa xem'),
(55, 'CNTT2211036', 'chưa xem'),
(55, 'CNTT2211037', 'chưa xem'),
(55, 'CNTT2211040', 'chưa xem'),
(55, 'CNTT2211045', 'chưa xem'),
(55, 'CNTT2211048', 'chưa xem'),
(55, 'CNTT2211050', 'chưa xem'),
(55, 'HTTT2211001', 'chưa xem'),
(55, 'HTTT2211002', 'chưa xem'),
(55, 'HTTT2211003', 'chưa xem'),
(55, 'HTTT2211004', 'chưa xem'),
(55, 'HTTT2211005', 'chưa xem'),
(55, 'HTTT2211006', 'chưa xem'),
(55, 'HTTT2211007', 'chưa xem'),
(55, 'HTTT2211008', 'chưa xem'),
(55, 'HTTT2211009', 'chưa xem'),
(55, 'HTTT2211010', 'chưa xem'),
(55, 'HTTT2211011', 'chưa xem'),
(55, 'HTTT2211012', 'chưa xem'),
(55, 'HTTT2211013', 'chưa xem'),
(55, 'HTTT2211014', 'chưa xem'),
(55, 'HTTT2211015', 'chưa xem'),
(55, 'HTTT2211016', 'chưa xem'),
(55, 'HTTT2211017', 'chưa xem'),
(55, 'HTTT2211018', 'đã xem'),
(55, 'HTTT2211019', 'chưa xem'),
(55, 'HTTT2211020', 'chưa xem'),
(55, 'HTTT2211021', 'chưa xem'),
(55, 'HTTT2211022', 'chưa xem'),
(55, 'HTTT2211023', 'chưa xem'),
(55, 'HTTT2211024', 'chưa xem'),
(55, 'HTTT2211025', 'chưa xem'),
(55, 'HTTT2211026', 'chưa xem'),
(55, 'HTTT2211027', 'chưa xem'),
(55, 'HTTT2211028', 'chưa xem'),
(55, 'HTTT2211029', 'chưa xem'),
(55, 'HTTT2211030', 'chưa xem'),
(55, 'HTTT2211031', 'chưa xem'),
(55, 'KTPM2211001', 'chưa xem'),
(55, 'KTPM2211002', 'đã xem'),
(55, 'KTPM2211003', 'chưa xem'),
(55, 'KTPM2211004', 'chưa xem'),
(55, 'KTPM2211005', 'chưa xem'),
(55, 'KTPM2211006', 'chưa xem'),
(55, 'KTPM2211007', 'chưa xem'),
(55, 'KTPM2211008', 'chưa xem'),
(55, 'KTPM2211009', 'chưa xem'),
(55, 'KTPM2211010', 'chưa xem'),
(55, 'KTPM2211011', 'chưa xem'),
(55, 'KTPM2211012', 'chưa xem'),
(55, 'KTPM2211013', 'chưa xem'),
(55, 'KTPM2211014', 'đã xem'),
(55, 'KTPM2211015', 'chưa xem'),
(55, 'KTPM2211016', 'chưa xem'),
(55, 'KTPM2211017', 'đã xem'),
(55, 'KTPM2211018', 'chưa xem'),
(55, 'KTPM2211019', 'chưa xem'),
(55, 'KTPM2211020', 'đã xem'),
(55, 'KTPM2211021', 'chưa xem'),
(55, 'KTPM2211022', 'đã xem'),
(55, 'KTPM2211023', 'chưa xem'),
(55, 'KTPM2211024', 'chưa xem'),
(55, 'KTPM2211025', 'chưa xem'),
(55, 'KTPM2211026', 'chưa xem'),
(55, 'KTPM2211027', 'chưa xem'),
(55, 'KTPM2211028', 'chưa xem'),
(55, 'KTPM2211029', 'chưa xem'),
(55, 'KTPM2211030', 'đã xem'),
(55, 'KTPM2211031', 'chưa xem'),
(55, 'KTPM2211032', 'chưa xem'),
(55, 'KTPM2211033', 'chưa xem'),
(55, 'KTPM2211034', 'chưa xem'),
(55, 'KTPM2211035', 'chưa xem'),
(55, 'KTPM2211036', 'chưa xem'),
(55, 'KTPM2211037', 'chưa xem'),
(55, 'KTPM2211038', 'chưa xem'),
(55, 'KTPM2211039', 'chưa xem'),
(55, 'KTPM2211040', 'chưa xem'),
(55, 'KTPM2211041', 'chưa xem'),
(55, 'KTPM2211042', 'chưa xem'),
(55, 'KTPM2211043', 'chưa xem'),
(55, 'KTPM2211044', 'chưa xem'),
(55, 'KTPM2211045', 'chưa xem'),
(55, 'KTPM2211046', 'chưa xem'),
(56, 'CNTT2211001', 'chưa xem'),
(56, 'CNTT2211002', 'chưa xem'),
(56, 'CNTT2211003', 'chưa xem'),
(56, 'CNTT22110032', 'chưa xem'),
(56, 'CNTT2211004', 'chưa xem'),
(56, 'CNTT2211005', 'chưa xem'),
(56, 'CNTT2211006', 'chưa xem'),
(56, 'CNTT2211007', 'đã xem'),
(56, 'CNTT2211008', 'chưa xem'),
(56, 'CNTT2211009', 'đã xem'),
(56, 'CNTT2211010', 'đã xem'),
(56, 'CNTT2211011', 'chưa xem'),
(56, 'CNTT2211012', 'chưa xem'),
(56, 'CNTT2211013', 'chưa xem'),
(56, 'CNTT2211014', 'chưa xem'),
(56, 'CNTT2211015', 'chưa xem'),
(56, 'CNTT2211016', 'chưa xem'),
(56, 'CNTT2211017', 'đã xem'),
(56, 'CNTT2211018', 'chưa xem'),
(56, 'CNTT2211019', 'chưa xem'),
(56, 'CNTT2211020', 'chưa xem'),
(56, 'CNTT2211021', 'chưa xem'),
(56, 'CNTT2211022', 'chưa xem'),
(56, 'CNTT2211023', 'đã xem'),
(56, 'CNTT2211024', 'chưa xem'),
(56, 'CNTT2211025', 'chưa xem'),
(56, 'CNTT2211026', 'chưa xem'),
(56, 'CNTT2211027', 'chưa xem'),
(56, 'CNTT2211028', 'chưa xem'),
(56, 'CNTT2211029', 'chưa xem'),
(56, 'CNTT2211030', 'đã xem'),
(56, 'CNTT2211031', 'chưa xem'),
(56, 'CNTT2211035', 'chưa xem'),
(56, 'CNTT2211036', 'chưa xem'),
(56, 'CNTT2211037', 'chưa xem'),
(56, 'CNTT2211040', 'chưa xem'),
(56, 'CNTT2211045', 'chưa xem'),
(56, 'CNTT2211048', 'chưa xem'),
(56, 'CNTT2211050', 'chưa xem'),
(56, 'HTTT2211001', 'chưa xem'),
(56, 'HTTT2211002', 'chưa xem'),
(56, 'HTTT2211003', 'chưa xem'),
(56, 'HTTT2211004', 'chưa xem'),
(56, 'HTTT2211005', 'chưa xem'),
(56, 'HTTT2211006', 'chưa xem'),
(56, 'HTTT2211007', 'chưa xem'),
(56, 'HTTT2211008', 'chưa xem'),
(56, 'HTTT2211009', 'chưa xem'),
(56, 'HTTT2211010', 'chưa xem'),
(56, 'HTTT2211011', 'chưa xem'),
(56, 'HTTT2211012', 'chưa xem'),
(56, 'HTTT2211013', 'chưa xem'),
(56, 'HTTT2211014', 'chưa xem'),
(56, 'HTTT2211015', 'chưa xem'),
(56, 'HTTT2211016', 'chưa xem'),
(56, 'HTTT2211017', 'chưa xem'),
(56, 'HTTT2211018', 'đã xem'),
(56, 'HTTT2211019', 'chưa xem'),
(56, 'HTTT2211020', 'chưa xem'),
(56, 'HTTT2211021', 'chưa xem'),
(56, 'HTTT2211022', 'chưa xem'),
(56, 'HTTT2211023', 'chưa xem'),
(56, 'HTTT2211024', 'chưa xem'),
(56, 'HTTT2211025', 'chưa xem'),
(56, 'HTTT2211026', 'chưa xem'),
(56, 'HTTT2211027', 'chưa xem'),
(56, 'HTTT2211028', 'chưa xem'),
(56, 'HTTT2211029', 'chưa xem'),
(56, 'HTTT2211030', 'chưa xem'),
(56, 'HTTT2211031', 'chưa xem'),
(56, 'KTPM2211001', 'chưa xem'),
(56, 'KTPM2211002', 'đã xem'),
(56, 'KTPM2211003', 'chưa xem'),
(56, 'KTPM2211004', 'chưa xem'),
(56, 'KTPM2211005', 'chưa xem'),
(56, 'KTPM2211006', 'chưa xem'),
(56, 'KTPM2211007', 'chưa xem'),
(56, 'KTPM2211008', 'chưa xem'),
(56, 'KTPM2211009', 'chưa xem'),
(56, 'KTPM2211010', 'chưa xem'),
(56, 'KTPM2211011', 'chưa xem'),
(56, 'KTPM2211012', 'chưa xem'),
(56, 'KTPM2211013', 'chưa xem'),
(56, 'KTPM2211014', 'đã xem'),
(56, 'KTPM2211015', 'chưa xem'),
(56, 'KTPM2211016', 'chưa xem'),
(56, 'KTPM2211017', 'đã xem'),
(56, 'KTPM2211018', 'chưa xem'),
(56, 'KTPM2211019', 'chưa xem'),
(56, 'KTPM2211020', 'đã xem'),
(56, 'KTPM2211021', 'chưa xem'),
(56, 'KTPM2211022', 'đã xem'),
(56, 'KTPM2211023', 'chưa xem'),
(56, 'KTPM2211024', 'chưa xem'),
(56, 'KTPM2211025', 'chưa xem'),
(56, 'KTPM2211026', 'chưa xem'),
(56, 'KTPM2211027', 'chưa xem'),
(56, 'KTPM2211028', 'chưa xem'),
(56, 'KTPM2211029', 'chưa xem'),
(56, 'KTPM2211030', 'đã xem'),
(56, 'KTPM2211031', 'chưa xem'),
(56, 'KTPM2211032', 'chưa xem'),
(56, 'KTPM2211033', 'chưa xem'),
(56, 'KTPM2211034', 'chưa xem'),
(56, 'KTPM2211035', 'chưa xem'),
(56, 'KTPM2211036', 'chưa xem'),
(56, 'KTPM2211037', 'chưa xem'),
(56, 'KTPM2211038', 'chưa xem'),
(56, 'KTPM2211039', 'chưa xem'),
(56, 'KTPM2211040', 'chưa xem'),
(56, 'KTPM2211041', 'chưa xem'),
(56, 'KTPM2211042', 'chưa xem'),
(56, 'KTPM2211043', 'chưa xem'),
(56, 'KTPM2211044', 'chưa xem'),
(56, 'KTPM2211045', 'chưa xem'),
(56, 'KTPM2211046', 'chưa xem'),
(57, 'CNTT2211001', 'chưa xem'),
(57, 'CNTT2211002', 'chưa xem'),
(57, 'CNTT2211003', 'chưa xem'),
(57, 'CNTT22110032', 'chưa xem'),
(57, 'CNTT2211004', 'chưa xem'),
(57, 'CNTT2211005', 'chưa xem'),
(57, 'CNTT2211006', 'chưa xem'),
(57, 'CNTT2211007', 'đã xem'),
(57, 'CNTT2211008', 'chưa xem'),
(57, 'CNTT2211009', 'đã xem'),
(57, 'CNTT2211010', 'đã xem'),
(57, 'CNTT2211011', 'chưa xem'),
(57, 'CNTT2211012', 'chưa xem'),
(57, 'CNTT2211013', 'chưa xem'),
(57, 'CNTT2211014', 'chưa xem'),
(57, 'CNTT2211015', 'chưa xem'),
(57, 'CNTT2211016', 'chưa xem'),
(57, 'CNTT2211017', 'đã xem'),
(57, 'CNTT2211018', 'chưa xem'),
(57, 'CNTT2211019', 'chưa xem'),
(57, 'CNTT2211020', 'chưa xem'),
(57, 'CNTT2211021', 'chưa xem'),
(57, 'CNTT2211022', 'chưa xem'),
(57, 'CNTT2211023', 'đã xem'),
(57, 'CNTT2211024', 'chưa xem'),
(57, 'CNTT2211025', 'chưa xem'),
(57, 'CNTT2211026', 'chưa xem'),
(57, 'CNTT2211027', 'chưa xem'),
(57, 'CNTT2211028', 'chưa xem'),
(57, 'CNTT2211029', 'chưa xem'),
(57, 'CNTT2211030', 'đã xem'),
(57, 'CNTT2211031', 'chưa xem'),
(57, 'CNTT2211035', 'chưa xem'),
(57, 'CNTT2211036', 'chưa xem'),
(57, 'CNTT2211037', 'chưa xem'),
(57, 'CNTT2211040', 'chưa xem'),
(57, 'CNTT2211045', 'chưa xem'),
(57, 'CNTT2211048', 'chưa xem'),
(57, 'CNTT2211050', 'chưa xem'),
(57, 'HTTT2211001', 'chưa xem'),
(57, 'HTTT2211002', 'chưa xem'),
(57, 'HTTT2211003', 'chưa xem'),
(57, 'HTTT2211004', 'chưa xem'),
(57, 'HTTT2211005', 'chưa xem'),
(57, 'HTTT2211006', 'chưa xem'),
(57, 'HTTT2211007', 'chưa xem'),
(57, 'HTTT2211008', 'chưa xem'),
(57, 'HTTT2211009', 'chưa xem'),
(57, 'HTTT2211010', 'chưa xem'),
(57, 'HTTT2211011', 'chưa xem'),
(57, 'HTTT2211012', 'chưa xem'),
(57, 'HTTT2211013', 'chưa xem'),
(57, 'HTTT2211014', 'chưa xem'),
(57, 'HTTT2211015', 'chưa xem'),
(57, 'HTTT2211016', 'chưa xem'),
(57, 'HTTT2211017', 'chưa xem'),
(57, 'HTTT2211018', 'đã xem'),
(57, 'HTTT2211019', 'chưa xem'),
(57, 'HTTT2211020', 'chưa xem'),
(57, 'HTTT2211021', 'chưa xem'),
(57, 'HTTT2211022', 'chưa xem'),
(57, 'HTTT2211023', 'chưa xem'),
(57, 'HTTT2211024', 'chưa xem'),
(57, 'HTTT2211025', 'chưa xem'),
(57, 'HTTT2211026', 'chưa xem'),
(57, 'HTTT2211027', 'chưa xem'),
(57, 'HTTT2211028', 'chưa xem'),
(57, 'HTTT2211029', 'chưa xem'),
(57, 'HTTT2211030', 'chưa xem'),
(57, 'HTTT2211031', 'chưa xem'),
(57, 'KTPM2211001', 'chưa xem'),
(57, 'KTPM2211002', 'đã xem'),
(57, 'KTPM2211003', 'chưa xem'),
(57, 'KTPM2211004', 'chưa xem'),
(57, 'KTPM2211005', 'chưa xem'),
(57, 'KTPM2211006', 'chưa xem'),
(57, 'KTPM2211007', 'chưa xem'),
(57, 'KTPM2211008', 'chưa xem'),
(57, 'KTPM2211009', 'chưa xem'),
(57, 'KTPM2211010', 'chưa xem'),
(57, 'KTPM2211011', 'chưa xem'),
(57, 'KTPM2211012', 'chưa xem'),
(57, 'KTPM2211013', 'chưa xem'),
(57, 'KTPM2211014', 'đã xem'),
(57, 'KTPM2211015', 'chưa xem'),
(57, 'KTPM2211016', 'chưa xem'),
(57, 'KTPM2211017', 'đã xem'),
(57, 'KTPM2211018', 'chưa xem'),
(57, 'KTPM2211019', 'chưa xem'),
(57, 'KTPM2211020', 'đã xem'),
(57, 'KTPM2211021', 'chưa xem'),
(57, 'KTPM2211022', 'đã xem'),
(57, 'KTPM2211023', 'chưa xem'),
(57, 'KTPM2211024', 'chưa xem'),
(57, 'KTPM2211025', 'chưa xem'),
(57, 'KTPM2211026', 'chưa xem'),
(57, 'KTPM2211027', 'chưa xem'),
(57, 'KTPM2211028', 'chưa xem'),
(57, 'KTPM2211029', 'chưa xem'),
(57, 'KTPM2211030', 'đã xem'),
(57, 'KTPM2211031', 'chưa xem'),
(57, 'KTPM2211032', 'chưa xem'),
(57, 'KTPM2211033', 'chưa xem'),
(57, 'KTPM2211034', 'chưa xem'),
(57, 'KTPM2211035', 'chưa xem'),
(57, 'KTPM2211036', 'chưa xem'),
(57, 'KTPM2211037', 'chưa xem'),
(57, 'KTPM2211038', 'chưa xem'),
(57, 'KTPM2211039', 'chưa xem'),
(57, 'KTPM2211040', 'chưa xem'),
(57, 'KTPM2211041', 'chưa xem'),
(57, 'KTPM2211042', 'chưa xem'),
(57, 'KTPM2211043', 'chưa xem'),
(57, 'KTPM2211044', 'chưa xem'),
(57, 'KTPM2211045', 'chưa xem'),
(57, 'KTPM2211046', 'chưa xem'),
(58, 'CNTT2211001', 'chưa xem'),
(58, 'CNTT2211002', 'chưa xem'),
(58, 'CNTT2211003', 'chưa xem'),
(58, 'CNTT22110032', 'chưa xem'),
(58, 'CNTT2211004', 'chưa xem'),
(58, 'CNTT2211005', 'chưa xem'),
(58, 'CNTT2211006', 'chưa xem'),
(58, 'CNTT2211007', 'đã xem'),
(58, 'CNTT2211008', 'chưa xem'),
(58, 'CNTT2211009', 'đã xem'),
(58, 'CNTT2211010', 'đã xem'),
(58, 'CNTT2211011', 'chưa xem'),
(58, 'CNTT2211012', 'chưa xem'),
(58, 'CNTT2211013', 'chưa xem'),
(58, 'CNTT2211014', 'chưa xem'),
(58, 'CNTT2211015', 'chưa xem'),
(58, 'CNTT2211016', 'chưa xem'),
(58, 'CNTT2211017', 'đã xem'),
(58, 'CNTT2211018', 'chưa xem'),
(58, 'CNTT2211019', 'chưa xem'),
(58, 'CNTT2211020', 'chưa xem'),
(58, 'CNTT2211021', 'chưa xem'),
(58, 'CNTT2211022', 'chưa xem'),
(58, 'CNTT2211023', 'đã xem'),
(58, 'CNTT2211024', 'chưa xem'),
(58, 'CNTT2211025', 'chưa xem'),
(58, 'CNTT2211026', 'chưa xem'),
(58, 'CNTT2211027', 'chưa xem'),
(58, 'CNTT2211028', 'chưa xem'),
(58, 'CNTT2211029', 'chưa xem'),
(58, 'CNTT2211030', 'đã xem'),
(58, 'CNTT2211031', 'chưa xem'),
(58, 'CNTT2211035', 'chưa xem'),
(58, 'CNTT2211036', 'chưa xem'),
(58, 'CNTT2211037', 'chưa xem'),
(58, 'CNTT2211040', 'chưa xem'),
(58, 'CNTT2211045', 'chưa xem'),
(58, 'CNTT2211048', 'chưa xem'),
(58, 'CNTT2211050', 'chưa xem'),
(58, 'HTTT2211001', 'chưa xem'),
(58, 'HTTT2211002', 'chưa xem'),
(58, 'HTTT2211003', 'chưa xem'),
(58, 'HTTT2211004', 'chưa xem'),
(58, 'HTTT2211005', 'chưa xem'),
(58, 'HTTT2211006', 'chưa xem'),
(58, 'HTTT2211007', 'chưa xem'),
(58, 'HTTT2211008', 'chưa xem'),
(58, 'HTTT2211009', 'chưa xem'),
(58, 'HTTT2211010', 'chưa xem'),
(58, 'HTTT2211011', 'chưa xem'),
(58, 'HTTT2211012', 'chưa xem'),
(58, 'HTTT2211013', 'chưa xem'),
(58, 'HTTT2211014', 'chưa xem'),
(58, 'HTTT2211015', 'chưa xem'),
(58, 'HTTT2211016', 'chưa xem'),
(58, 'HTTT2211017', 'chưa xem'),
(58, 'HTTT2211018', 'đã xem'),
(58, 'HTTT2211019', 'chưa xem'),
(58, 'HTTT2211020', 'chưa xem'),
(58, 'HTTT2211021', 'chưa xem'),
(58, 'HTTT2211022', 'chưa xem'),
(58, 'HTTT2211023', 'chưa xem'),
(58, 'HTTT2211024', 'chưa xem'),
(58, 'HTTT2211025', 'chưa xem'),
(58, 'HTTT2211026', 'chưa xem'),
(58, 'HTTT2211027', 'chưa xem'),
(58, 'HTTT2211028', 'chưa xem'),
(58, 'HTTT2211029', 'chưa xem'),
(58, 'HTTT2211030', 'chưa xem'),
(58, 'HTTT2211031', 'chưa xem'),
(58, 'KTPM2211001', 'chưa xem'),
(58, 'KTPM2211002', 'đã xem'),
(58, 'KTPM2211003', 'chưa xem'),
(58, 'KTPM2211004', 'chưa xem'),
(58, 'KTPM2211005', 'chưa xem'),
(58, 'KTPM2211006', 'chưa xem'),
(58, 'KTPM2211007', 'chưa xem'),
(58, 'KTPM2211008', 'chưa xem'),
(58, 'KTPM2211009', 'chưa xem'),
(58, 'KTPM2211010', 'chưa xem'),
(58, 'KTPM2211011', 'chưa xem'),
(58, 'KTPM2211012', 'chưa xem'),
(58, 'KTPM2211013', 'chưa xem'),
(58, 'KTPM2211014', 'đã xem'),
(58, 'KTPM2211015', 'chưa xem'),
(58, 'KTPM2211016', 'chưa xem'),
(58, 'KTPM2211017', 'đã xem'),
(58, 'KTPM2211018', 'chưa xem'),
(58, 'KTPM2211019', 'chưa xem'),
(58, 'KTPM2211020', 'đã xem'),
(58, 'KTPM2211021', 'chưa xem'),
(58, 'KTPM2211022', 'đã xem'),
(58, 'KTPM2211023', 'chưa xem'),
(58, 'KTPM2211024', 'chưa xem'),
(58, 'KTPM2211025', 'chưa xem'),
(58, 'KTPM2211026', 'chưa xem'),
(58, 'KTPM2211027', 'chưa xem'),
(58, 'KTPM2211028', 'chưa xem'),
(58, 'KTPM2211029', 'chưa xem'),
(58, 'KTPM2211030', 'đã xem'),
(58, 'KTPM2211031', 'chưa xem'),
(58, 'KTPM2211032', 'chưa xem'),
(58, 'KTPM2211033', 'chưa xem'),
(58, 'KTPM2211034', 'chưa xem'),
(58, 'KTPM2211035', 'chưa xem'),
(58, 'KTPM2211036', 'chưa xem'),
(58, 'KTPM2211037', 'chưa xem'),
(58, 'KTPM2211038', 'chưa xem'),
(58, 'KTPM2211039', 'chưa xem'),
(58, 'KTPM2211040', 'chưa xem'),
(58, 'KTPM2211041', 'chưa xem'),
(58, 'KTPM2211042', 'chưa xem'),
(58, 'KTPM2211043', 'chưa xem'),
(58, 'KTPM2211044', 'chưa xem'),
(58, 'KTPM2211045', 'chưa xem'),
(58, 'KTPM2211046', 'chưa xem'),
(59, 'CNTT2211001', 'chưa xem'),
(59, 'CNTT2211002', 'chưa xem'),
(59, 'CNTT2211003', 'chưa xem'),
(59, 'CNTT22110032', 'chưa xem'),
(59, 'CNTT2211004', 'chưa xem'),
(59, 'CNTT2211005', 'chưa xem'),
(59, 'CNTT2211006', 'chưa xem'),
(59, 'CNTT2211007', 'đã xem'),
(59, 'CNTT2211008', 'chưa xem'),
(59, 'CNTT2211009', 'đã xem'),
(59, 'CNTT2211010', 'đã xem'),
(59, 'CNTT2211011', 'chưa xem'),
(59, 'CNTT2211012', 'chưa xem'),
(59, 'CNTT2211013', 'chưa xem'),
(59, 'CNTT2211014', 'chưa xem'),
(59, 'CNTT2211015', 'chưa xem'),
(59, 'CNTT2211016', 'chưa xem'),
(59, 'CNTT2211017', 'đã xem'),
(59, 'CNTT2211018', 'chưa xem'),
(59, 'CNTT2211019', 'chưa xem'),
(59, 'CNTT2211020', 'chưa xem'),
(59, 'CNTT2211021', 'chưa xem'),
(59, 'CNTT2211022', 'chưa xem'),
(59, 'CNTT2211023', 'đã xem'),
(59, 'CNTT2211024', 'chưa xem'),
(59, 'CNTT2211025', 'chưa xem'),
(59, 'CNTT2211026', 'chưa xem'),
(59, 'CNTT2211027', 'chưa xem'),
(59, 'CNTT2211028', 'chưa xem'),
(59, 'CNTT2211029', 'chưa xem'),
(59, 'CNTT2211030', 'đã xem'),
(59, 'CNTT2211031', 'chưa xem'),
(59, 'CNTT2211035', 'chưa xem'),
(59, 'CNTT2211036', 'chưa xem'),
(59, 'CNTT2211037', 'chưa xem'),
(59, 'CNTT2211040', 'chưa xem'),
(59, 'CNTT2211045', 'chưa xem'),
(59, 'CNTT2211048', 'chưa xem'),
(59, 'CNTT2211050', 'chưa xem'),
(59, 'HTTT2211001', 'chưa xem'),
(59, 'HTTT2211002', 'chưa xem'),
(59, 'HTTT2211003', 'chưa xem'),
(59, 'HTTT2211004', 'chưa xem'),
(59, 'HTTT2211005', 'chưa xem'),
(59, 'HTTT2211006', 'chưa xem'),
(59, 'HTTT2211007', 'chưa xem'),
(59, 'HTTT2211008', 'chưa xem'),
(59, 'HTTT2211009', 'chưa xem'),
(59, 'HTTT2211010', 'chưa xem'),
(59, 'HTTT2211011', 'chưa xem'),
(59, 'HTTT2211012', 'chưa xem'),
(59, 'HTTT2211013', 'chưa xem'),
(59, 'HTTT2211014', 'chưa xem'),
(59, 'HTTT2211015', 'chưa xem'),
(59, 'HTTT2211016', 'chưa xem'),
(59, 'HTTT2211017', 'chưa xem'),
(59, 'HTTT2211018', 'đã xem'),
(59, 'HTTT2211019', 'chưa xem'),
(59, 'HTTT2211020', 'chưa xem'),
(59, 'HTTT2211021', 'chưa xem'),
(59, 'HTTT2211022', 'chưa xem'),
(59, 'HTTT2211023', 'chưa xem'),
(59, 'HTTT2211024', 'chưa xem'),
(59, 'HTTT2211025', 'chưa xem'),
(59, 'HTTT2211026', 'chưa xem'),
(59, 'HTTT2211027', 'chưa xem'),
(59, 'HTTT2211028', 'chưa xem'),
(59, 'HTTT2211029', 'chưa xem'),
(59, 'HTTT2211030', 'chưa xem'),
(59, 'HTTT2211031', 'chưa xem'),
(59, 'KTPM2211001', 'chưa xem'),
(59, 'KTPM2211002', 'đã xem'),
(59, 'KTPM2211003', 'chưa xem'),
(59, 'KTPM2211004', 'chưa xem'),
(59, 'KTPM2211005', 'chưa xem'),
(59, 'KTPM2211006', 'chưa xem'),
(59, 'KTPM2211007', 'chưa xem'),
(59, 'KTPM2211008', 'chưa xem'),
(59, 'KTPM2211009', 'chưa xem'),
(59, 'KTPM2211010', 'chưa xem'),
(59, 'KTPM2211011', 'chưa xem'),
(59, 'KTPM2211012', 'chưa xem'),
(59, 'KTPM2211013', 'chưa xem'),
(59, 'KTPM2211014', 'đã xem'),
(59, 'KTPM2211015', 'chưa xem'),
(59, 'KTPM2211016', 'chưa xem'),
(59, 'KTPM2211017', 'đã xem'),
(59, 'KTPM2211018', 'chưa xem'),
(59, 'KTPM2211019', 'chưa xem'),
(59, 'KTPM2211020', 'đã xem'),
(59, 'KTPM2211021', 'chưa xem'),
(59, 'KTPM2211022', 'đã xem'),
(59, 'KTPM2211023', 'chưa xem'),
(59, 'KTPM2211024', 'chưa xem'),
(59, 'KTPM2211025', 'chưa xem'),
(59, 'KTPM2211026', 'chưa xem'),
(59, 'KTPM2211027', 'chưa xem'),
(59, 'KTPM2211028', 'chưa xem'),
(59, 'KTPM2211029', 'chưa xem'),
(59, 'KTPM2211030', 'đã xem'),
(59, 'KTPM2211031', 'chưa xem'),
(59, 'KTPM2211032', 'chưa xem'),
(59, 'KTPM2211033', 'chưa xem'),
(59, 'KTPM2211034', 'chưa xem'),
(59, 'KTPM2211035', 'chưa xem'),
(59, 'KTPM2211036', 'chưa xem'),
(59, 'KTPM2211037', 'chưa xem'),
(59, 'KTPM2211038', 'chưa xem'),
(59, 'KTPM2211039', 'chưa xem'),
(59, 'KTPM2211040', 'chưa xem'),
(59, 'KTPM2211041', 'chưa xem'),
(59, 'KTPM2211042', 'chưa xem'),
(59, 'KTPM2211043', 'chưa xem'),
(59, 'KTPM2211044', 'chưa xem'),
(59, 'KTPM2211045', 'chưa xem'),
(59, 'KTPM2211046', 'chưa xem'),
(60, 'CNTT2211001', 'chưa xem'),
(60, 'CNTT2211002', 'chưa xem'),
(60, 'CNTT2211003', 'chưa xem'),
(60, 'CNTT22110032', 'chưa xem'),
(60, 'CNTT2211004', 'chưa xem'),
(60, 'CNTT2211005', 'chưa xem'),
(60, 'CNTT2211006', 'chưa xem'),
(60, 'CNTT2211007', 'đã xem'),
(60, 'CNTT2211008', 'chưa xem'),
(60, 'CNTT2211009', 'đã xem'),
(60, 'CNTT2211010', 'đã xem'),
(60, 'CNTT2211011', 'chưa xem'),
(60, 'CNTT2211012', 'chưa xem'),
(60, 'CNTT2211013', 'chưa xem'),
(60, 'CNTT2211014', 'chưa xem'),
(60, 'CNTT2211015', 'chưa xem'),
(60, 'CNTT2211016', 'chưa xem'),
(60, 'CNTT2211017', 'đã xem'),
(60, 'CNTT2211018', 'chưa xem'),
(60, 'CNTT2211019', 'chưa xem'),
(60, 'CNTT2211020', 'chưa xem'),
(60, 'CNTT2211021', 'chưa xem'),
(60, 'CNTT2211022', 'chưa xem'),
(60, 'CNTT2211023', 'đã xem'),
(60, 'CNTT2211024', 'chưa xem'),
(60, 'CNTT2211025', 'chưa xem'),
(60, 'CNTT2211026', 'chưa xem'),
(60, 'CNTT2211027', 'chưa xem'),
(60, 'CNTT2211028', 'chưa xem'),
(60, 'CNTT2211029', 'chưa xem'),
(60, 'CNTT2211030', 'đã xem'),
(60, 'CNTT2211031', 'chưa xem'),
(60, 'CNTT2211035', 'chưa xem'),
(60, 'CNTT2211036', 'chưa xem'),
(60, 'CNTT2211037', 'chưa xem'),
(60, 'CNTT2211040', 'chưa xem'),
(60, 'CNTT2211045', 'chưa xem'),
(60, 'CNTT2211048', 'chưa xem'),
(60, 'CNTT2211050', 'chưa xem'),
(60, 'HTTT2211001', 'chưa xem'),
(60, 'HTTT2211002', 'chưa xem'),
(60, 'HTTT2211003', 'chưa xem'),
(60, 'HTTT2211004', 'chưa xem'),
(60, 'HTTT2211005', 'chưa xem'),
(60, 'HTTT2211006', 'chưa xem'),
(60, 'HTTT2211007', 'chưa xem'),
(60, 'HTTT2211008', 'chưa xem'),
(60, 'HTTT2211009', 'chưa xem'),
(60, 'HTTT2211010', 'chưa xem'),
(60, 'HTTT2211011', 'chưa xem'),
(60, 'HTTT2211012', 'chưa xem'),
(60, 'HTTT2211013', 'chưa xem'),
(60, 'HTTT2211014', 'chưa xem'),
(60, 'HTTT2211015', 'chưa xem'),
(60, 'HTTT2211016', 'chưa xem'),
(60, 'HTTT2211017', 'chưa xem'),
(60, 'HTTT2211018', 'đã xem'),
(60, 'HTTT2211019', 'chưa xem'),
(60, 'HTTT2211020', 'chưa xem'),
(60, 'HTTT2211021', 'chưa xem'),
(60, 'HTTT2211022', 'chưa xem'),
(60, 'HTTT2211023', 'chưa xem'),
(60, 'HTTT2211024', 'chưa xem'),
(60, 'HTTT2211025', 'chưa xem'),
(60, 'HTTT2211026', 'chưa xem'),
(60, 'HTTT2211027', 'chưa xem'),
(60, 'HTTT2211028', 'chưa xem'),
(60, 'HTTT2211029', 'chưa xem'),
(60, 'HTTT2211030', 'chưa xem'),
(60, 'HTTT2211031', 'chưa xem'),
(60, 'KTPM2211001', 'chưa xem'),
(60, 'KTPM2211002', 'đã xem'),
(60, 'KTPM2211003', 'chưa xem'),
(60, 'KTPM2211004', 'chưa xem'),
(60, 'KTPM2211005', 'chưa xem'),
(60, 'KTPM2211006', 'chưa xem'),
(60, 'KTPM2211007', 'chưa xem'),
(60, 'KTPM2211008', 'chưa xem'),
(60, 'KTPM2211009', 'chưa xem'),
(60, 'KTPM2211010', 'chưa xem'),
(60, 'KTPM2211011', 'chưa xem'),
(60, 'KTPM2211012', 'chưa xem'),
(60, 'KTPM2211013', 'chưa xem'),
(60, 'KTPM2211014', 'đã xem'),
(60, 'KTPM2211015', 'chưa xem'),
(60, 'KTPM2211016', 'chưa xem'),
(60, 'KTPM2211017', 'đã xem'),
(60, 'KTPM2211018', 'chưa xem'),
(60, 'KTPM2211019', 'chưa xem'),
(60, 'KTPM2211020', 'đã xem'),
(60, 'KTPM2211021', 'chưa xem'),
(60, 'KTPM2211022', 'đã xem'),
(60, 'KTPM2211023', 'chưa xem'),
(60, 'KTPM2211024', 'chưa xem'),
(60, 'KTPM2211025', 'chưa xem'),
(60, 'KTPM2211026', 'chưa xem'),
(60, 'KTPM2211027', 'chưa xem'),
(60, 'KTPM2211028', 'chưa xem'),
(60, 'KTPM2211029', 'chưa xem'),
(60, 'KTPM2211030', 'đã xem'),
(60, 'KTPM2211031', 'chưa xem'),
(60, 'KTPM2211032', 'chưa xem'),
(60, 'KTPM2211033', 'chưa xem'),
(60, 'KTPM2211034', 'chưa xem'),
(60, 'KTPM2211035', 'chưa xem'),
(60, 'KTPM2211036', 'chưa xem'),
(60, 'KTPM2211037', 'chưa xem'),
(60, 'KTPM2211038', 'chưa xem'),
(60, 'KTPM2211039', 'chưa xem'),
(60, 'KTPM2211040', 'chưa xem'),
(60, 'KTPM2211041', 'chưa xem'),
(60, 'KTPM2211042', 'chưa xem'),
(60, 'KTPM2211043', 'chưa xem'),
(60, 'KTPM2211044', 'chưa xem'),
(60, 'KTPM2211045', 'chưa xem'),
(60, 'KTPM2211046', 'chưa xem'),
(61, 'CNTT2211001', 'chưa xem'),
(61, 'CNTT2211002', 'chưa xem'),
(61, 'CNTT2211003', 'chưa xem'),
(61, 'CNTT22110032', 'chưa xem'),
(61, 'CNTT2211004', 'chưa xem'),
(61, 'CNTT2211005', 'chưa xem'),
(61, 'CNTT2211006', 'chưa xem'),
(61, 'CNTT2211007', 'đã xem'),
(61, 'CNTT2211008', 'chưa xem'),
(61, 'CNTT2211009', 'đã xem'),
(61, 'CNTT2211010', 'đã xem'),
(61, 'CNTT2211011', 'chưa xem'),
(61, 'CNTT2211012', 'chưa xem'),
(61, 'CNTT2211013', 'chưa xem'),
(61, 'CNTT2211014', 'chưa xem'),
(61, 'CNTT2211015', 'chưa xem'),
(61, 'CNTT2211016', 'chưa xem'),
(61, 'CNTT2211017', 'đã xem'),
(61, 'CNTT2211018', 'chưa xem'),
(61, 'CNTT2211019', 'chưa xem'),
(61, 'CNTT2211020', 'chưa xem'),
(61, 'CNTT2211021', 'chưa xem'),
(61, 'CNTT2211022', 'chưa xem'),
(61, 'CNTT2211023', 'đã xem'),
(61, 'CNTT2211024', 'chưa xem'),
(61, 'CNTT2211025', 'chưa xem'),
(61, 'CNTT2211026', 'chưa xem'),
(61, 'CNTT2211027', 'chưa xem'),
(61, 'CNTT2211028', 'chưa xem'),
(61, 'CNTT2211029', 'chưa xem'),
(61, 'CNTT2211030', 'đã xem'),
(61, 'CNTT2211031', 'chưa xem'),
(61, 'CNTT2211035', 'chưa xem'),
(61, 'CNTT2211036', 'chưa xem'),
(61, 'CNTT2211037', 'chưa xem'),
(61, 'CNTT2211040', 'chưa xem'),
(61, 'CNTT2211045', 'chưa xem'),
(61, 'CNTT2211048', 'chưa xem'),
(61, 'CNTT2211050', 'chưa xem'),
(61, 'HTTT2211001', 'chưa xem'),
(61, 'HTTT2211002', 'chưa xem'),
(61, 'HTTT2211003', 'chưa xem'),
(61, 'HTTT2211004', 'chưa xem'),
(61, 'HTTT2211005', 'chưa xem'),
(61, 'HTTT2211006', 'chưa xem'),
(61, 'HTTT2211007', 'chưa xem'),
(61, 'HTTT2211008', 'chưa xem'),
(61, 'HTTT2211009', 'chưa xem'),
(61, 'HTTT2211010', 'chưa xem'),
(61, 'HTTT2211011', 'chưa xem'),
(61, 'HTTT2211012', 'chưa xem'),
(61, 'HTTT2211013', 'chưa xem'),
(61, 'HTTT2211014', 'chưa xem'),
(61, 'HTTT2211015', 'chưa xem'),
(61, 'HTTT2211016', 'chưa xem'),
(61, 'HTTT2211017', 'chưa xem'),
(61, 'HTTT2211018', 'đã xem'),
(61, 'HTTT2211019', 'chưa xem'),
(61, 'HTTT2211020', 'chưa xem'),
(61, 'HTTT2211021', 'chưa xem'),
(61, 'HTTT2211022', 'chưa xem'),
(61, 'HTTT2211023', 'chưa xem'),
(61, 'HTTT2211024', 'chưa xem'),
(61, 'HTTT2211025', 'chưa xem'),
(61, 'HTTT2211026', 'chưa xem'),
(61, 'HTTT2211027', 'chưa xem'),
(61, 'HTTT2211028', 'chưa xem'),
(61, 'HTTT2211029', 'chưa xem'),
(61, 'HTTT2211030', 'chưa xem'),
(61, 'HTTT2211031', 'chưa xem'),
(61, 'KTPM2211001', 'chưa xem'),
(61, 'KTPM2211002', 'đã xem'),
(61, 'KTPM2211003', 'chưa xem'),
(61, 'KTPM2211004', 'chưa xem'),
(61, 'KTPM2211005', 'chưa xem'),
(61, 'KTPM2211006', 'chưa xem'),
(61, 'KTPM2211007', 'chưa xem'),
(61, 'KTPM2211008', 'chưa xem'),
(61, 'KTPM2211009', 'chưa xem'),
(61, 'KTPM2211010', 'chưa xem'),
(61, 'KTPM2211011', 'chưa xem'),
(61, 'KTPM2211012', 'chưa xem'),
(61, 'KTPM2211013', 'chưa xem'),
(61, 'KTPM2211014', 'đã xem'),
(61, 'KTPM2211015', 'chưa xem'),
(61, 'KTPM2211016', 'chưa xem'),
(61, 'KTPM2211017', 'đã xem'),
(61, 'KTPM2211018', 'chưa xem'),
(61, 'KTPM2211019', 'chưa xem'),
(61, 'KTPM2211020', 'đã xem'),
(61, 'KTPM2211021', 'chưa xem'),
(61, 'KTPM2211022', 'đã xem'),
(61, 'KTPM2211023', 'chưa xem'),
(61, 'KTPM2211024', 'chưa xem'),
(61, 'KTPM2211025', 'chưa xem'),
(61, 'KTPM2211026', 'chưa xem'),
(61, 'KTPM2211027', 'chưa xem'),
(61, 'KTPM2211028', 'chưa xem'),
(61, 'KTPM2211029', 'chưa xem'),
(61, 'KTPM2211030', 'đã xem'),
(61, 'KTPM2211031', 'chưa xem'),
(61, 'KTPM2211032', 'chưa xem'),
(61, 'KTPM2211033', 'chưa xem'),
(61, 'KTPM2211034', 'chưa xem'),
(61, 'KTPM2211035', 'chưa xem'),
(61, 'KTPM2211036', 'chưa xem'),
(61, 'KTPM2211037', 'chưa xem'),
(61, 'KTPM2211038', 'chưa xem'),
(61, 'KTPM2211039', 'chưa xem'),
(61, 'KTPM2211040', 'chưa xem'),
(61, 'KTPM2211041', 'chưa xem'),
(61, 'KTPM2211042', 'chưa xem'),
(61, 'KTPM2211043', 'chưa xem'),
(61, 'KTPM2211044', 'chưa xem'),
(61, 'KTPM2211045', 'chưa xem'),
(61, 'KTPM2211046', 'chưa xem'),
(62, 'CNTT2211001', 'chưa xem'),
(62, 'CNTT2211002', 'chưa xem'),
(62, 'CNTT2211003', 'chưa xem'),
(62, 'CNTT22110032', 'chưa xem'),
(62, 'CNTT2211004', 'chưa xem'),
(62, 'CNTT2211005', 'chưa xem'),
(62, 'CNTT2211006', 'chưa xem'),
(62, 'CNTT2211007', 'đã xem'),
(62, 'CNTT2211008', 'chưa xem'),
(62, 'CNTT2211009', 'đã xem'),
(62, 'CNTT2211010', 'đã xem'),
(62, 'CNTT2211011', 'chưa xem'),
(62, 'CNTT2211012', 'chưa xem'),
(62, 'CNTT2211013', 'chưa xem'),
(62, 'CNTT2211014', 'chưa xem'),
(62, 'CNTT2211015', 'chưa xem'),
(62, 'CNTT2211016', 'chưa xem'),
(62, 'CNTT2211017', 'đã xem'),
(62, 'CNTT2211018', 'chưa xem'),
(62, 'CNTT2211019', 'chưa xem'),
(62, 'CNTT2211020', 'chưa xem'),
(62, 'CNTT2211021', 'chưa xem'),
(62, 'CNTT2211022', 'chưa xem'),
(62, 'CNTT2211023', 'đã xem'),
(62, 'CNTT2211024', 'chưa xem'),
(62, 'CNTT2211025', 'chưa xem'),
(62, 'CNTT2211026', 'chưa xem'),
(62, 'CNTT2211027', 'chưa xem'),
(62, 'CNTT2211028', 'chưa xem'),
(62, 'CNTT2211029', 'chưa xem'),
(62, 'CNTT2211030', 'đã xem'),
(62, 'CNTT2211031', 'chưa xem'),
(62, 'CNTT2211035', 'chưa xem'),
(62, 'CNTT2211036', 'chưa xem'),
(62, 'CNTT2211037', 'chưa xem'),
(62, 'CNTT2211040', 'chưa xem'),
(62, 'CNTT2211045', 'chưa xem'),
(62, 'CNTT2211048', 'chưa xem'),
(62, 'CNTT2211050', 'chưa xem'),
(62, 'HTTT2211001', 'chưa xem'),
(62, 'HTTT2211002', 'chưa xem'),
(62, 'HTTT2211003', 'chưa xem'),
(62, 'HTTT2211004', 'chưa xem'),
(62, 'HTTT2211005', 'chưa xem'),
(62, 'HTTT2211006', 'chưa xem'),
(62, 'HTTT2211007', 'chưa xem'),
(62, 'HTTT2211008', 'chưa xem'),
(62, 'HTTT2211009', 'chưa xem'),
(62, 'HTTT2211010', 'chưa xem'),
(62, 'HTTT2211011', 'chưa xem'),
(62, 'HTTT2211012', 'chưa xem'),
(62, 'HTTT2211013', 'chưa xem'),
(62, 'HTTT2211014', 'chưa xem'),
(62, 'HTTT2211015', 'chưa xem'),
(62, 'HTTT2211016', 'chưa xem'),
(62, 'HTTT2211017', 'chưa xem'),
(62, 'HTTT2211018', 'đã xem'),
(62, 'HTTT2211019', 'chưa xem'),
(62, 'HTTT2211020', 'chưa xem'),
(62, 'HTTT2211021', 'chưa xem'),
(62, 'HTTT2211022', 'chưa xem'),
(62, 'HTTT2211023', 'chưa xem'),
(62, 'HTTT2211024', 'chưa xem'),
(62, 'HTTT2211025', 'chưa xem'),
(62, 'HTTT2211026', 'chưa xem'),
(62, 'HTTT2211027', 'chưa xem'),
(62, 'HTTT2211028', 'chưa xem'),
(62, 'HTTT2211029', 'chưa xem'),
(62, 'HTTT2211030', 'chưa xem'),
(62, 'HTTT2211031', 'chưa xem'),
(62, 'KTPM2211001', 'chưa xem'),
(62, 'KTPM2211002', 'đã xem'),
(62, 'KTPM2211003', 'chưa xem'),
(62, 'KTPM2211004', 'chưa xem'),
(62, 'KTPM2211005', 'chưa xem'),
(62, 'KTPM2211006', 'chưa xem'),
(62, 'KTPM2211007', 'chưa xem'),
(62, 'KTPM2211008', 'chưa xem'),
(62, 'KTPM2211009', 'chưa xem'),
(62, 'KTPM2211010', 'chưa xem'),
(62, 'KTPM2211011', 'chưa xem'),
(62, 'KTPM2211012', 'chưa xem'),
(62, 'KTPM2211013', 'chưa xem'),
(62, 'KTPM2211014', 'đã xem'),
(62, 'KTPM2211015', 'chưa xem'),
(62, 'KTPM2211016', 'chưa xem'),
(62, 'KTPM2211017', 'đã xem'),
(62, 'KTPM2211018', 'chưa xem'),
(62, 'KTPM2211019', 'chưa xem'),
(62, 'KTPM2211020', 'đã xem'),
(62, 'KTPM2211021', 'chưa xem'),
(62, 'KTPM2211022', 'đã xem'),
(62, 'KTPM2211023', 'chưa xem'),
(62, 'KTPM2211024', 'chưa xem'),
(62, 'KTPM2211025', 'chưa xem'),
(62, 'KTPM2211026', 'chưa xem'),
(62, 'KTPM2211027', 'chưa xem'),
(62, 'KTPM2211028', 'chưa xem'),
(62, 'KTPM2211029', 'chưa xem'),
(62, 'KTPM2211030', 'đã xem'),
(62, 'KTPM2211031', 'chưa xem'),
(62, 'KTPM2211032', 'chưa xem'),
(62, 'KTPM2211033', 'chưa xem'),
(62, 'KTPM2211034', 'chưa xem'),
(62, 'KTPM2211035', 'chưa xem'),
(62, 'KTPM2211036', 'chưa xem'),
(62, 'KTPM2211037', 'chưa xem'),
(62, 'KTPM2211038', 'chưa xem'),
(62, 'KTPM2211039', 'chưa xem'),
(62, 'KTPM2211040', 'chưa xem'),
(62, 'KTPM2211041', 'chưa xem'),
(62, 'KTPM2211042', 'chưa xem'),
(62, 'KTPM2211043', 'chưa xem'),
(62, 'KTPM2211044', 'chưa xem'),
(62, 'KTPM2211045', 'chưa xem'),
(62, 'KTPM2211046', 'chưa xem'),
(63, 'CNTT2211001', 'chưa xem'),
(63, 'CNTT2211002', 'chưa xem'),
(63, 'CNTT2211003', 'chưa xem'),
(63, 'CNTT22110032', 'chưa xem'),
(63, 'CNTT2211004', 'chưa xem'),
(63, 'CNTT2211005', 'chưa xem'),
(63, 'CNTT2211006', 'chưa xem'),
(63, 'CNTT2211007', 'đã xem'),
(63, 'CNTT2211008', 'chưa xem'),
(63, 'CNTT2211009', 'chưa xem'),
(63, 'CNTT2211010', 'đã xem'),
(63, 'CNTT2211011', 'chưa xem'),
(63, 'CNTT2211012', 'chưa xem'),
(63, 'CNTT2211013', 'chưa xem'),
(63, 'CNTT2211014', 'chưa xem'),
(63, 'CNTT2211015', 'chưa xem'),
(63, 'CNTT2211016', 'chưa xem'),
(63, 'CNTT2211017', 'đã xem'),
(63, 'CNTT2211018', 'chưa xem'),
(63, 'CNTT2211019', 'chưa xem'),
(63, 'CNTT2211020', 'chưa xem'),
(63, 'CNTT2211021', 'chưa xem'),
(63, 'CNTT2211022', 'chưa xem'),
(63, 'CNTT2211023', 'đã xem'),
(63, 'CNTT2211024', 'chưa xem'),
(63, 'CNTT2211025', 'chưa xem'),
(63, 'CNTT2211026', 'chưa xem'),
(63, 'CNTT2211027', 'chưa xem'),
(63, 'CNTT2211028', 'chưa xem'),
(63, 'CNTT2211029', 'chưa xem'),
(63, 'CNTT2211030', 'đã xem'),
(63, 'CNTT2211031', 'chưa xem'),
(63, 'CNTT2211035', 'chưa xem'),
(63, 'CNTT2211036', 'chưa xem'),
(63, 'CNTT2211037', 'chưa xem'),
(63, 'CNTT2211040', 'chưa xem'),
(63, 'CNTT2211045', 'chưa xem'),
(63, 'CNTT2211048', 'chưa xem'),
(63, 'CNTT2211050', 'chưa xem'),
(63, 'HTTT2211001', 'chưa xem'),
(63, 'HTTT2211002', 'chưa xem'),
(63, 'HTTT2211003', 'chưa xem'),
(63, 'HTTT2211004', 'chưa xem'),
(63, 'HTTT2211005', 'chưa xem'),
(63, 'HTTT2211006', 'chưa xem'),
(63, 'HTTT2211007', 'chưa xem'),
(63, 'HTTT2211008', 'chưa xem'),
(63, 'HTTT2211009', 'chưa xem'),
(63, 'HTTT2211010', 'chưa xem'),
(63, 'HTTT2211011', 'chưa xem'),
(63, 'HTTT2211012', 'chưa xem'),
(63, 'HTTT2211013', 'chưa xem'),
(63, 'HTTT2211014', 'chưa xem'),
(63, 'HTTT2211015', 'chưa xem'),
(63, 'HTTT2211016', 'chưa xem'),
(63, 'HTTT2211017', 'chưa xem'),
(63, 'HTTT2211018', 'đã xem'),
(63, 'HTTT2211019', 'chưa xem'),
(63, 'HTTT2211020', 'chưa xem'),
(63, 'HTTT2211021', 'chưa xem'),
(63, 'HTTT2211022', 'chưa xem'),
(63, 'HTTT2211023', 'chưa xem'),
(63, 'HTTT2211024', 'chưa xem'),
(63, 'HTTT2211025', 'chưa xem'),
(63, 'HTTT2211026', 'chưa xem'),
(63, 'HTTT2211027', 'chưa xem'),
(63, 'HTTT2211028', 'chưa xem'),
(63, 'HTTT2211029', 'chưa xem'),
(63, 'HTTT2211030', 'chưa xem'),
(63, 'HTTT2211031', 'chưa xem'),
(63, 'KTPM2211001', 'chưa xem'),
(63, 'KTPM2211002', 'đã xem'),
(63, 'KTPM2211003', 'chưa xem'),
(63, 'KTPM2211004', 'chưa xem'),
(63, 'KTPM2211005', 'chưa xem'),
(63, 'KTPM2211006', 'chưa xem'),
(63, 'KTPM2211007', 'chưa xem'),
(63, 'KTPM2211008', 'chưa xem'),
(63, 'KTPM2211009', 'chưa xem'),
(63, 'KTPM2211010', 'chưa xem'),
(63, 'KTPM2211011', 'chưa xem'),
(63, 'KTPM2211012', 'chưa xem'),
(63, 'KTPM2211013', 'chưa xem'),
(63, 'KTPM2211014', 'đã xem'),
(63, 'KTPM2211015', 'chưa xem'),
(63, 'KTPM2211016', 'chưa xem'),
(63, 'KTPM2211017', 'đã xem'),
(63, 'KTPM2211018', 'chưa xem'),
(63, 'KTPM2211019', 'chưa xem'),
(63, 'KTPM2211020', 'đã xem'),
(63, 'KTPM2211021', 'chưa xem'),
(63, 'KTPM2211022', 'đã xem'),
(63, 'KTPM2211023', 'chưa xem'),
(63, 'KTPM2211024', 'chưa xem'),
(63, 'KTPM2211025', 'chưa xem'),
(63, 'KTPM2211026', 'chưa xem'),
(63, 'KTPM2211027', 'chưa xem'),
(63, 'KTPM2211028', 'chưa xem'),
(63, 'KTPM2211029', 'chưa xem'),
(63, 'KTPM2211030', 'đã xem'),
(63, 'KTPM2211031', 'chưa xem'),
(63, 'KTPM2211032', 'chưa xem'),
(63, 'KTPM2211033', 'chưa xem'),
(63, 'KTPM2211034', 'chưa xem'),
(63, 'KTPM2211035', 'chưa xem'),
(63, 'KTPM2211036', 'chưa xem'),
(63, 'KTPM2211037', 'chưa xem'),
(63, 'KTPM2211038', 'chưa xem'),
(63, 'KTPM2211039', 'chưa xem'),
(63, 'KTPM2211040', 'chưa xem'),
(63, 'KTPM2211041', 'chưa xem'),
(63, 'KTPM2211042', 'chưa xem'),
(63, 'KTPM2211043', 'chưa xem'),
(63, 'KTPM2211044', 'chưa xem'),
(63, 'KTPM2211045', 'chưa xem'),
(63, 'KTPM2211046', 'chưa xem'),
(64, 'CNTT2211001', 'chưa xem'),
(64, 'CNTT2211002', 'chưa xem'),
(64, 'CNTT2211003', 'chưa xem'),
(64, 'CNTT22110032', 'chưa xem');
INSERT INTO `trangthaithongbao` (`matb`, `manguoidung`, `trangthai`) VALUES
(64, 'CNTT2211004', 'chưa xem'),
(64, 'CNTT2211005', 'chưa xem'),
(64, 'CNTT2211006', 'chưa xem'),
(64, 'CNTT2211007', 'đã xem'),
(64, 'CNTT2211008', 'chưa xem'),
(64, 'CNTT2211009', 'chưa xem'),
(64, 'CNTT2211010', 'đã xem'),
(64, 'CNTT2211011', 'chưa xem'),
(64, 'CNTT2211012', 'chưa xem'),
(64, 'CNTT2211013', 'chưa xem'),
(64, 'CNTT2211014', 'chưa xem'),
(64, 'CNTT2211015', 'chưa xem'),
(64, 'CNTT2211016', 'chưa xem'),
(64, 'CNTT2211017', 'đã xem'),
(64, 'CNTT2211018', 'chưa xem'),
(64, 'CNTT2211019', 'chưa xem'),
(64, 'CNTT2211020', 'chưa xem'),
(64, 'CNTT2211021', 'chưa xem'),
(64, 'CNTT2211022', 'chưa xem'),
(64, 'CNTT2211023', 'đã xem'),
(64, 'CNTT2211024', 'chưa xem'),
(64, 'CNTT2211025', 'chưa xem'),
(64, 'CNTT2211026', 'chưa xem'),
(64, 'CNTT2211027', 'chưa xem'),
(64, 'CNTT2211028', 'chưa xem'),
(64, 'CNTT2211029', 'chưa xem'),
(64, 'CNTT2211030', 'đã xem'),
(64, 'CNTT2211031', 'chưa xem'),
(64, 'CNTT2211035', 'chưa xem'),
(64, 'CNTT2211036', 'chưa xem'),
(64, 'CNTT2211037', 'chưa xem'),
(64, 'CNTT2211040', 'chưa xem'),
(64, 'CNTT2211045', 'chưa xem'),
(64, 'CNTT2211048', 'chưa xem'),
(64, 'CNTT2211050', 'chưa xem'),
(64, 'HTTT2211001', 'chưa xem'),
(64, 'HTTT2211002', 'chưa xem'),
(64, 'HTTT2211003', 'chưa xem'),
(64, 'HTTT2211004', 'chưa xem'),
(64, 'HTTT2211005', 'chưa xem'),
(64, 'HTTT2211006', 'chưa xem'),
(64, 'HTTT2211007', 'chưa xem'),
(64, 'HTTT2211008', 'chưa xem'),
(64, 'HTTT2211009', 'chưa xem'),
(64, 'HTTT2211010', 'chưa xem'),
(64, 'HTTT2211011', 'chưa xem'),
(64, 'HTTT2211012', 'chưa xem'),
(64, 'HTTT2211013', 'chưa xem'),
(64, 'HTTT2211014', 'chưa xem'),
(64, 'HTTT2211015', 'chưa xem'),
(64, 'HTTT2211016', 'chưa xem'),
(64, 'HTTT2211017', 'chưa xem'),
(64, 'HTTT2211018', 'đã xem'),
(64, 'HTTT2211019', 'chưa xem'),
(64, 'HTTT2211020', 'chưa xem'),
(64, 'HTTT2211021', 'chưa xem'),
(64, 'HTTT2211022', 'chưa xem'),
(64, 'HTTT2211023', 'chưa xem'),
(64, 'HTTT2211024', 'chưa xem'),
(64, 'HTTT2211025', 'chưa xem'),
(64, 'HTTT2211026', 'chưa xem'),
(64, 'HTTT2211027', 'chưa xem'),
(64, 'HTTT2211028', 'chưa xem'),
(64, 'HTTT2211029', 'chưa xem'),
(64, 'HTTT2211030', 'chưa xem'),
(64, 'HTTT2211031', 'chưa xem'),
(64, 'KTPM2211001', 'chưa xem'),
(64, 'KTPM2211002', 'đã xem'),
(64, 'KTPM2211003', 'chưa xem'),
(64, 'KTPM2211004', 'chưa xem'),
(64, 'KTPM2211005', 'chưa xem'),
(64, 'KTPM2211006', 'chưa xem'),
(64, 'KTPM2211007', 'chưa xem'),
(64, 'KTPM2211008', 'chưa xem'),
(64, 'KTPM2211009', 'chưa xem'),
(64, 'KTPM2211010', 'chưa xem'),
(64, 'KTPM2211011', 'chưa xem'),
(64, 'KTPM2211012', 'chưa xem'),
(64, 'KTPM2211013', 'chưa xem'),
(64, 'KTPM2211014', 'đã xem'),
(64, 'KTPM2211015', 'chưa xem'),
(64, 'KTPM2211016', 'chưa xem'),
(64, 'KTPM2211017', 'đã xem'),
(64, 'KTPM2211018', 'chưa xem'),
(64, 'KTPM2211019', 'chưa xem'),
(64, 'KTPM2211020', 'đã xem'),
(64, 'KTPM2211021', 'chưa xem'),
(64, 'KTPM2211022', 'đã xem'),
(64, 'KTPM2211023', 'chưa xem'),
(64, 'KTPM2211024', 'chưa xem'),
(64, 'KTPM2211025', 'chưa xem'),
(64, 'KTPM2211026', 'chưa xem'),
(64, 'KTPM2211027', 'chưa xem'),
(64, 'KTPM2211028', 'chưa xem'),
(64, 'KTPM2211029', 'chưa xem'),
(64, 'KTPM2211030', 'đã xem'),
(64, 'KTPM2211031', 'chưa xem'),
(64, 'KTPM2211032', 'chưa xem'),
(64, 'KTPM2211033', 'chưa xem'),
(64, 'KTPM2211034', 'chưa xem'),
(64, 'KTPM2211035', 'chưa xem'),
(64, 'KTPM2211036', 'chưa xem'),
(64, 'KTPM2211037', 'chưa xem'),
(64, 'KTPM2211038', 'chưa xem'),
(64, 'KTPM2211039', 'chưa xem'),
(64, 'KTPM2211040', 'chưa xem'),
(64, 'KTPM2211041', 'chưa xem'),
(64, 'KTPM2211042', 'chưa xem'),
(64, 'KTPM2211043', 'chưa xem'),
(64, 'KTPM2211044', 'chưa xem'),
(64, 'KTPM2211045', 'chưa xem'),
(64, 'KTPM2211046', 'chưa xem'),
(65, 'CNTT2211001', 'chưa xem'),
(65, 'CNTT2211002', 'chưa xem'),
(65, 'CNTT2211003', 'chưa xem'),
(65, 'CNTT22110032', 'chưa xem'),
(65, 'CNTT2211004', 'chưa xem'),
(65, 'CNTT2211005', 'chưa xem'),
(65, 'CNTT2211006', 'chưa xem'),
(65, 'CNTT2211007', 'đã xem'),
(65, 'CNTT2211008', 'chưa xem'),
(65, 'CNTT2211009', 'chưa xem'),
(65, 'CNTT2211010', 'đã xem'),
(65, 'CNTT2211011', 'chưa xem'),
(65, 'CNTT2211012', 'chưa xem'),
(65, 'CNTT2211013', 'chưa xem'),
(65, 'CNTT2211014', 'chưa xem'),
(65, 'CNTT2211015', 'chưa xem'),
(65, 'CNTT2211016', 'chưa xem'),
(65, 'CNTT2211017', 'chưa xem'),
(65, 'CNTT2211018', 'chưa xem'),
(65, 'CNTT2211019', 'chưa xem'),
(65, 'CNTT2211020', 'chưa xem'),
(65, 'CNTT2211021', 'chưa xem'),
(65, 'CNTT2211022', 'chưa xem'),
(65, 'CNTT2211023', 'đã xem'),
(65, 'CNTT2211024', 'chưa xem'),
(65, 'CNTT2211025', 'chưa xem'),
(65, 'CNTT2211026', 'chưa xem'),
(65, 'CNTT2211027', 'chưa xem'),
(65, 'CNTT2211028', 'chưa xem'),
(65, 'CNTT2211029', 'chưa xem'),
(65, 'CNTT2211030', 'đã xem'),
(65, 'CNTT2211031', 'chưa xem'),
(65, 'CNTT2211035', 'chưa xem'),
(65, 'CNTT2211036', 'chưa xem'),
(65, 'CNTT2211037', 'chưa xem'),
(65, 'CNTT2211040', 'chưa xem'),
(65, 'CNTT2211045', 'chưa xem'),
(65, 'CNTT2211048', 'chưa xem'),
(65, 'CNTT2211050', 'chưa xem'),
(65, 'HTTT2211001', 'chưa xem'),
(65, 'HTTT2211002', 'chưa xem'),
(65, 'HTTT2211003', 'chưa xem'),
(65, 'HTTT2211004', 'chưa xem'),
(65, 'HTTT2211005', 'chưa xem'),
(65, 'HTTT2211006', 'chưa xem'),
(65, 'HTTT2211007', 'chưa xem'),
(65, 'HTTT2211008', 'chưa xem'),
(65, 'HTTT2211009', 'chưa xem'),
(65, 'HTTT2211010', 'chưa xem'),
(65, 'HTTT2211011', 'chưa xem'),
(65, 'HTTT2211012', 'chưa xem'),
(65, 'HTTT2211013', 'chưa xem'),
(65, 'HTTT2211014', 'chưa xem'),
(65, 'HTTT2211015', 'chưa xem'),
(65, 'HTTT2211016', 'chưa xem'),
(65, 'HTTT2211017', 'chưa xem'),
(65, 'HTTT2211018', 'chưa xem'),
(65, 'HTTT2211019', 'chưa xem'),
(65, 'HTTT2211020', 'chưa xem'),
(65, 'HTTT2211021', 'chưa xem'),
(65, 'HTTT2211022', 'chưa xem'),
(65, 'HTTT2211023', 'chưa xem'),
(65, 'HTTT2211024', 'chưa xem'),
(65, 'HTTT2211025', 'chưa xem'),
(65, 'HTTT2211026', 'chưa xem'),
(65, 'HTTT2211027', 'chưa xem'),
(65, 'HTTT2211028', 'chưa xem'),
(65, 'HTTT2211029', 'chưa xem'),
(65, 'HTTT2211030', 'chưa xem'),
(65, 'HTTT2211031', 'chưa xem'),
(65, 'KTPM2211001', 'chưa xem'),
(65, 'KTPM2211002', 'đã xem'),
(65, 'KTPM2211003', 'chưa xem'),
(65, 'KTPM2211004', 'chưa xem'),
(65, 'KTPM2211005', 'chưa xem'),
(65, 'KTPM2211006', 'chưa xem'),
(65, 'KTPM2211007', 'chưa xem'),
(65, 'KTPM2211008', 'chưa xem'),
(65, 'KTPM2211009', 'chưa xem'),
(65, 'KTPM2211010', 'chưa xem'),
(65, 'KTPM2211011', 'chưa xem'),
(65, 'KTPM2211012', 'chưa xem'),
(65, 'KTPM2211013', 'chưa xem'),
(65, 'KTPM2211014', 'chưa xem'),
(65, 'KTPM2211015', 'chưa xem'),
(65, 'KTPM2211016', 'chưa xem'),
(65, 'KTPM2211017', 'chưa xem'),
(65, 'KTPM2211018', 'chưa xem'),
(65, 'KTPM2211019', 'chưa xem'),
(65, 'KTPM2211020', 'chưa xem'),
(65, 'KTPM2211021', 'chưa xem'),
(65, 'KTPM2211022', 'đã xem'),
(65, 'KTPM2211023', 'chưa xem'),
(65, 'KTPM2211024', 'chưa xem'),
(65, 'KTPM2211025', 'chưa xem'),
(65, 'KTPM2211026', 'chưa xem'),
(65, 'KTPM2211027', 'chưa xem'),
(65, 'KTPM2211028', 'chưa xem'),
(65, 'KTPM2211029', 'chưa xem'),
(65, 'KTPM2211030', 'chưa xem'),
(65, 'KTPM2211031', 'chưa xem'),
(65, 'KTPM2211032', 'chưa xem'),
(65, 'KTPM2211033', 'chưa xem'),
(65, 'KTPM2211034', 'chưa xem'),
(65, 'KTPM2211035', 'chưa xem'),
(65, 'KTPM2211036', 'chưa xem'),
(65, 'KTPM2211037', 'chưa xem'),
(65, 'KTPM2211038', 'chưa xem'),
(65, 'KTPM2211039', 'chưa xem'),
(65, 'KTPM2211040', 'chưa xem'),
(65, 'KTPM2211041', 'chưa xem'),
(65, 'KTPM2211042', 'chưa xem'),
(65, 'KTPM2211043', 'chưa xem'),
(65, 'KTPM2211044', 'chưa xem'),
(65, 'KTPM2211045', 'chưa xem'),
(65, 'KTPM2211046', 'chưa xem'),
(66, 'CNTT2211001', 'chưa xem'),
(66, 'CNTT2211002', 'chưa xem'),
(66, 'CNTT2211003', 'chưa xem'),
(66, 'CNTT22110032', 'chưa xem'),
(66, 'CNTT2211004', 'chưa xem'),
(66, 'CNTT2211005', 'chưa xem'),
(66, 'CNTT2211006', 'chưa xem'),
(66, 'CNTT2211007', 'đã xem'),
(66, 'CNTT2211008', 'chưa xem'),
(66, 'CNTT2211009', 'chưa xem'),
(66, 'CNTT2211010', 'đã xem'),
(66, 'CNTT2211011', 'chưa xem'),
(66, 'CNTT2211012', 'chưa xem'),
(66, 'CNTT2211013', 'chưa xem'),
(66, 'CNTT2211014', 'chưa xem'),
(66, 'CNTT2211015', 'chưa xem'),
(66, 'CNTT2211016', 'chưa xem'),
(66, 'CNTT2211017', 'chưa xem'),
(66, 'CNTT2211018', 'chưa xem'),
(66, 'CNTT2211019', 'chưa xem'),
(66, 'CNTT2211020', 'chưa xem'),
(66, 'CNTT2211021', 'chưa xem'),
(66, 'CNTT2211022', 'chưa xem'),
(66, 'CNTT2211023', 'chưa xem'),
(66, 'CNTT2211024', 'chưa xem'),
(66, 'CNTT2211025', 'chưa xem'),
(66, 'CNTT2211026', 'chưa xem'),
(66, 'CNTT2211027', 'chưa xem'),
(66, 'CNTT2211028', 'chưa xem'),
(66, 'CNTT2211029', 'chưa xem'),
(66, 'CNTT2211030', 'đã xem'),
(66, 'CNTT2211031', 'chưa xem'),
(66, 'CNTT2211035', 'chưa xem'),
(66, 'CNTT2211036', 'chưa xem'),
(66, 'CNTT2211037', 'chưa xem'),
(66, 'CNTT2211040', 'chưa xem'),
(66, 'CNTT2211045', 'chưa xem'),
(66, 'CNTT2211048', 'chưa xem'),
(66, 'CNTT2211050', 'chưa xem'),
(66, 'HTTT2211001', 'chưa xem'),
(66, 'HTTT2211002', 'chưa xem'),
(66, 'HTTT2211003', 'chưa xem'),
(66, 'HTTT2211004', 'chưa xem'),
(66, 'HTTT2211005', 'chưa xem'),
(66, 'HTTT2211006', 'chưa xem'),
(66, 'HTTT2211007', 'chưa xem'),
(66, 'HTTT2211008', 'chưa xem'),
(66, 'HTTT2211009', 'chưa xem'),
(66, 'HTTT2211010', 'chưa xem'),
(66, 'HTTT2211011', 'chưa xem'),
(66, 'HTTT2211012', 'chưa xem'),
(66, 'HTTT2211013', 'chưa xem'),
(66, 'HTTT2211014', 'chưa xem'),
(66, 'HTTT2211015', 'chưa xem'),
(66, 'HTTT2211016', 'chưa xem'),
(66, 'HTTT2211017', 'chưa xem'),
(66, 'HTTT2211018', 'chưa xem'),
(66, 'HTTT2211019', 'chưa xem'),
(66, 'HTTT2211020', 'chưa xem'),
(66, 'HTTT2211021', 'chưa xem'),
(66, 'HTTT2211022', 'chưa xem'),
(66, 'HTTT2211023', 'chưa xem'),
(66, 'HTTT2211024', 'chưa xem'),
(66, 'HTTT2211025', 'chưa xem'),
(66, 'HTTT2211026', 'chưa xem'),
(66, 'HTTT2211027', 'chưa xem'),
(66, 'HTTT2211028', 'chưa xem'),
(66, 'HTTT2211029', 'chưa xem'),
(66, 'HTTT2211030', 'chưa xem'),
(66, 'HTTT2211031', 'chưa xem'),
(66, 'KTPM2211001', 'chưa xem'),
(66, 'KTPM2211002', 'đã xem'),
(66, 'KTPM2211003', 'chưa xem'),
(66, 'KTPM2211004', 'chưa xem'),
(66, 'KTPM2211005', 'chưa xem'),
(66, 'KTPM2211006', 'chưa xem'),
(66, 'KTPM2211007', 'chưa xem'),
(66, 'KTPM2211008', 'chưa xem'),
(66, 'KTPM2211009', 'chưa xem'),
(66, 'KTPM2211010', 'chưa xem'),
(66, 'KTPM2211011', 'chưa xem'),
(66, 'KTPM2211012', 'chưa xem'),
(66, 'KTPM2211013', 'chưa xem'),
(66, 'KTPM2211014', 'chưa xem'),
(66, 'KTPM2211015', 'chưa xem'),
(66, 'KTPM2211016', 'chưa xem'),
(66, 'KTPM2211017', 'chưa xem'),
(66, 'KTPM2211018', 'chưa xem'),
(66, 'KTPM2211019', 'chưa xem'),
(66, 'KTPM2211020', 'chưa xem'),
(66, 'KTPM2211021', 'chưa xem'),
(66, 'KTPM2211022', 'chưa xem'),
(66, 'KTPM2211023', 'chưa xem'),
(66, 'KTPM2211024', 'chưa xem'),
(66, 'KTPM2211025', 'chưa xem'),
(66, 'KTPM2211026', 'chưa xem'),
(66, 'KTPM2211027', 'chưa xem'),
(66, 'KTPM2211028', 'chưa xem'),
(66, 'KTPM2211029', 'chưa xem'),
(66, 'KTPM2211030', 'chưa xem'),
(66, 'KTPM2211031', 'chưa xem'),
(66, 'KTPM2211032', 'chưa xem'),
(66, 'KTPM2211033', 'chưa xem'),
(66, 'KTPM2211034', 'chưa xem'),
(66, 'KTPM2211035', 'chưa xem'),
(66, 'KTPM2211036', 'chưa xem'),
(66, 'KTPM2211037', 'chưa xem'),
(66, 'KTPM2211038', 'chưa xem'),
(66, 'KTPM2211039', 'chưa xem'),
(66, 'KTPM2211040', 'chưa xem'),
(66, 'KTPM2211041', 'chưa xem'),
(66, 'KTPM2211042', 'chưa xem'),
(66, 'KTPM2211043', 'chưa xem'),
(66, 'KTPM2211044', 'chưa xem'),
(66, 'KTPM2211045', 'chưa xem'),
(66, 'KTPM2211046', 'chưa xem'),
(67, 'CNTT2211001', 'chưa xem'),
(67, 'CNTT2211002', 'chưa xem'),
(67, 'CNTT2211003', 'chưa xem'),
(67, 'CNTT22110032', 'chưa xem'),
(67, 'CNTT2211004', 'chưa xem'),
(67, 'CNTT2211005', 'chưa xem'),
(67, 'CNTT2211006', 'chưa xem'),
(67, 'CNTT2211007', 'chưa xem'),
(67, 'CNTT2211008', 'chưa xem'),
(67, 'CNTT2211009', 'chưa xem'),
(67, 'CNTT2211010', 'chưa xem'),
(67, 'CNTT2211011', 'chưa xem'),
(67, 'CNTT2211012', 'chưa xem'),
(67, 'CNTT2211013', 'chưa xem'),
(67, 'CNTT2211014', 'chưa xem'),
(67, 'CNTT2211015', 'chưa xem'),
(67, 'CNTT2211016', 'chưa xem'),
(67, 'CNTT2211017', 'chưa xem'),
(67, 'CNTT2211018', 'chưa xem'),
(67, 'CNTT2211019', 'chưa xem'),
(67, 'CNTT2211020', 'chưa xem'),
(67, 'CNTT2211021', 'chưa xem'),
(67, 'CNTT2211022', 'chưa xem'),
(67, 'CNTT2211023', 'chưa xem'),
(67, 'CNTT2211024', 'chưa xem'),
(67, 'CNTT2211025', 'chưa xem'),
(67, 'CNTT2211026', 'chưa xem'),
(67, 'CNTT2211027', 'chưa xem'),
(67, 'CNTT2211028', 'chưa xem'),
(67, 'CNTT2211029', 'chưa xem'),
(67, 'CNTT2211030', 'đã xem'),
(67, 'CNTT2211031', 'chưa xem'),
(67, 'CNTT2211035', 'chưa xem'),
(67, 'CNTT2211036', 'chưa xem'),
(67, 'CNTT2211037', 'chưa xem'),
(67, 'CNTT2211040', 'chưa xem'),
(67, 'CNTT2211045', 'chưa xem'),
(67, 'CNTT2211048', 'chưa xem'),
(67, 'CNTT2211050', 'chưa xem'),
(67, 'HTTT2211001', 'chưa xem'),
(67, 'HTTT2211002', 'chưa xem'),
(67, 'HTTT2211003', 'chưa xem'),
(67, 'HTTT2211004', 'chưa xem'),
(67, 'HTTT2211005', 'chưa xem'),
(67, 'HTTT2211006', 'chưa xem'),
(67, 'HTTT2211007', 'chưa xem'),
(67, 'HTTT2211008', 'chưa xem'),
(67, 'HTTT2211009', 'chưa xem'),
(67, 'HTTT2211010', 'chưa xem'),
(67, 'HTTT2211011', 'chưa xem'),
(67, 'HTTT2211012', 'chưa xem'),
(67, 'HTTT2211013', 'chưa xem'),
(67, 'HTTT2211014', 'chưa xem'),
(67, 'HTTT2211015', 'chưa xem'),
(67, 'HTTT2211016', 'chưa xem'),
(67, 'HTTT2211017', 'chưa xem'),
(67, 'HTTT2211018', 'chưa xem'),
(67, 'HTTT2211019', 'chưa xem'),
(67, 'HTTT2211020', 'chưa xem'),
(67, 'HTTT2211021', 'chưa xem'),
(67, 'HTTT2211022', 'chưa xem'),
(67, 'HTTT2211023', 'chưa xem'),
(67, 'HTTT2211024', 'chưa xem'),
(67, 'HTTT2211025', 'chưa xem'),
(67, 'HTTT2211026', 'chưa xem'),
(67, 'HTTT2211027', 'chưa xem'),
(67, 'HTTT2211028', 'chưa xem'),
(67, 'HTTT2211029', 'chưa xem'),
(67, 'HTTT2211030', 'chưa xem'),
(67, 'HTTT2211031', 'chưa xem'),
(67, 'KTPM2211001', 'chưa xem'),
(67, 'KTPM2211002', 'đã xem'),
(67, 'KTPM2211003', 'chưa xem'),
(67, 'KTPM2211004', 'chưa xem'),
(67, 'KTPM2211005', 'chưa xem'),
(67, 'KTPM2211006', 'chưa xem'),
(67, 'KTPM2211007', 'chưa xem'),
(67, 'KTPM2211008', 'chưa xem'),
(67, 'KTPM2211009', 'chưa xem'),
(67, 'KTPM2211010', 'chưa xem'),
(67, 'KTPM2211011', 'chưa xem'),
(67, 'KTPM2211012', 'chưa xem'),
(67, 'KTPM2211013', 'chưa xem'),
(67, 'KTPM2211014', 'chưa xem'),
(67, 'KTPM2211015', 'chưa xem'),
(67, 'KTPM2211016', 'chưa xem'),
(67, 'KTPM2211017', 'chưa xem'),
(67, 'KTPM2211018', 'chưa xem'),
(67, 'KTPM2211019', 'chưa xem'),
(67, 'KTPM2211020', 'chưa xem'),
(67, 'KTPM2211021', 'chưa xem'),
(67, 'KTPM2211022', 'chưa xem'),
(67, 'KTPM2211023', 'chưa xem'),
(67, 'KTPM2211024', 'chưa xem'),
(67, 'KTPM2211025', 'chưa xem'),
(67, 'KTPM2211026', 'chưa xem'),
(67, 'KTPM2211027', 'chưa xem'),
(67, 'KTPM2211028', 'chưa xem'),
(67, 'KTPM2211029', 'chưa xem'),
(67, 'KTPM2211030', 'chưa xem'),
(67, 'KTPM2211031', 'chưa xem'),
(67, 'KTPM2211032', 'chưa xem'),
(67, 'KTPM2211033', 'chưa xem'),
(67, 'KTPM2211034', 'chưa xem'),
(67, 'KTPM2211035', 'chưa xem'),
(67, 'KTPM2211036', 'chưa xem'),
(67, 'KTPM2211037', 'chưa xem'),
(67, 'KTPM2211038', 'chưa xem'),
(67, 'KTPM2211039', 'chưa xem'),
(67, 'KTPM2211040', 'chưa xem'),
(67, 'KTPM2211041', 'chưa xem'),
(67, 'KTPM2211042', 'chưa xem'),
(67, 'KTPM2211043', 'chưa xem'),
(67, 'KTPM2211044', 'chưa xem'),
(67, 'KTPM2211045', 'chưa xem'),
(67, 'KTPM2211046', 'chưa xem'),
(68, 'CNTT2211001', 'chưa xem'),
(68, 'CNTT2211002', 'chưa xem'),
(68, 'CNTT2211003', 'chưa xem'),
(68, 'CNTT22110032', 'chưa xem'),
(68, 'CNTT2211004', 'chưa xem'),
(68, 'CNTT2211005', 'chưa xem'),
(68, 'CNTT2211006', 'chưa xem'),
(68, 'CNTT2211007', 'chưa xem'),
(68, 'CNTT2211008', 'chưa xem'),
(68, 'CNTT2211009', 'chưa xem'),
(68, 'CNTT2211010', 'chưa xem'),
(68, 'CNTT2211011', 'chưa xem'),
(68, 'CNTT2211012', 'chưa xem'),
(68, 'CNTT2211013', 'chưa xem'),
(68, 'CNTT2211014', 'chưa xem'),
(68, 'CNTT2211015', 'chưa xem'),
(68, 'CNTT2211016', 'chưa xem'),
(68, 'CNTT2211017', 'chưa xem'),
(68, 'CNTT2211018', 'chưa xem'),
(68, 'CNTT2211019', 'chưa xem'),
(68, 'CNTT2211020', 'chưa xem'),
(68, 'CNTT2211021', 'chưa xem'),
(68, 'CNTT2211022', 'chưa xem'),
(68, 'CNTT2211023', 'chưa xem'),
(68, 'CNTT2211024', 'chưa xem'),
(68, 'CNTT2211025', 'chưa xem'),
(68, 'CNTT2211026', 'chưa xem'),
(68, 'CNTT2211027', 'chưa xem'),
(68, 'CNTT2211028', 'chưa xem'),
(68, 'CNTT2211029', 'chưa xem'),
(68, 'CNTT2211030', 'đã xem'),
(68, 'CNTT2211031', 'chưa xem'),
(68, 'CNTT2211035', 'chưa xem'),
(68, 'CNTT2211036', 'chưa xem'),
(68, 'CNTT2211037', 'chưa xem'),
(68, 'CNTT2211040', 'chưa xem'),
(68, 'CNTT2211045', 'chưa xem'),
(68, 'CNTT2211048', 'chưa xem'),
(68, 'CNTT2211050', 'chưa xem'),
(68, 'HTTT2211001', 'chưa xem'),
(68, 'HTTT2211002', 'chưa xem'),
(68, 'HTTT2211003', 'chưa xem'),
(68, 'HTTT2211004', 'chưa xem'),
(68, 'HTTT2211005', 'chưa xem'),
(68, 'HTTT2211006', 'chưa xem'),
(68, 'HTTT2211007', 'chưa xem'),
(68, 'HTTT2211008', 'chưa xem'),
(68, 'HTTT2211009', 'chưa xem'),
(68, 'HTTT2211010', 'chưa xem'),
(68, 'HTTT2211011', 'chưa xem'),
(68, 'HTTT2211012', 'chưa xem'),
(68, 'HTTT2211013', 'chưa xem'),
(68, 'HTTT2211014', 'chưa xem'),
(68, 'HTTT2211015', 'chưa xem'),
(68, 'HTTT2211016', 'chưa xem'),
(68, 'HTTT2211017', 'chưa xem'),
(68, 'HTTT2211018', 'chưa xem'),
(68, 'HTTT2211019', 'chưa xem'),
(68, 'HTTT2211020', 'chưa xem'),
(68, 'HTTT2211021', 'chưa xem'),
(68, 'HTTT2211022', 'chưa xem'),
(68, 'HTTT2211023', 'chưa xem'),
(68, 'HTTT2211024', 'chưa xem'),
(68, 'HTTT2211025', 'chưa xem'),
(68, 'HTTT2211026', 'chưa xem'),
(68, 'HTTT2211027', 'chưa xem'),
(68, 'HTTT2211028', 'chưa xem'),
(68, 'HTTT2211029', 'chưa xem'),
(68, 'HTTT2211030', 'chưa xem'),
(68, 'HTTT2211031', 'chưa xem'),
(68, 'KTPM2211001', 'chưa xem'),
(68, 'KTPM2211002', 'đã xem'),
(68, 'KTPM2211003', 'chưa xem'),
(68, 'KTPM2211004', 'chưa xem'),
(68, 'KTPM2211005', 'chưa xem'),
(68, 'KTPM2211006', 'chưa xem'),
(68, 'KTPM2211007', 'chưa xem'),
(68, 'KTPM2211008', 'chưa xem'),
(68, 'KTPM2211009', 'chưa xem'),
(68, 'KTPM2211010', 'chưa xem'),
(68, 'KTPM2211011', 'chưa xem'),
(68, 'KTPM2211012', 'chưa xem'),
(68, 'KTPM2211013', 'chưa xem'),
(68, 'KTPM2211014', 'chưa xem'),
(68, 'KTPM2211015', 'chưa xem'),
(68, 'KTPM2211016', 'chưa xem'),
(68, 'KTPM2211017', 'chưa xem'),
(68, 'KTPM2211018', 'chưa xem'),
(68, 'KTPM2211019', 'chưa xem'),
(68, 'KTPM2211020', 'chưa xem'),
(68, 'KTPM2211021', 'chưa xem'),
(68, 'KTPM2211022', 'chưa xem'),
(68, 'KTPM2211023', 'chưa xem'),
(68, 'KTPM2211024', 'chưa xem'),
(68, 'KTPM2211025', 'chưa xem'),
(68, 'KTPM2211026', 'chưa xem'),
(68, 'KTPM2211027', 'chưa xem'),
(68, 'KTPM2211028', 'chưa xem'),
(68, 'KTPM2211029', 'chưa xem'),
(68, 'KTPM2211030', 'chưa xem'),
(68, 'KTPM2211031', 'chưa xem'),
(68, 'KTPM2211032', 'chưa xem'),
(68, 'KTPM2211033', 'chưa xem'),
(68, 'KTPM2211034', 'chưa xem'),
(68, 'KTPM2211035', 'chưa xem'),
(68, 'KTPM2211036', 'chưa xem'),
(68, 'KTPM2211037', 'chưa xem'),
(68, 'KTPM2211038', 'chưa xem'),
(68, 'KTPM2211039', 'chưa xem'),
(68, 'KTPM2211040', 'chưa xem'),
(68, 'KTPM2211041', 'chưa xem'),
(68, 'KTPM2211042', 'chưa xem'),
(68, 'KTPM2211043', 'chưa xem'),
(68, 'KTPM2211044', 'chưa xem'),
(68, 'KTPM2211045', 'chưa xem'),
(68, 'KTPM2211046', 'chưa xem'),
(69, 'CNTT2211001', 'chưa xem'),
(69, 'CNTT2211002', 'chưa xem'),
(69, 'CNTT2211003', 'chưa xem'),
(69, 'CNTT22110032', 'chưa xem'),
(69, 'CNTT2211004', 'chưa xem'),
(69, 'CNTT2211005', 'chưa xem'),
(69, 'CNTT2211006', 'chưa xem'),
(69, 'CNTT2211007', 'chưa xem'),
(69, 'CNTT2211008', 'chưa xem'),
(69, 'CNTT2211009', 'chưa xem'),
(69, 'CNTT2211010', 'chưa xem'),
(69, 'CNTT2211011', 'chưa xem'),
(69, 'CNTT2211012', 'chưa xem'),
(69, 'CNTT2211013', 'chưa xem'),
(69, 'CNTT2211014', 'chưa xem'),
(69, 'CNTT2211015', 'chưa xem'),
(69, 'CNTT2211016', 'chưa xem'),
(69, 'CNTT2211017', 'chưa xem'),
(69, 'CNTT2211018', 'chưa xem'),
(69, 'CNTT2211019', 'chưa xem'),
(69, 'CNTT2211020', 'chưa xem'),
(69, 'CNTT2211021', 'chưa xem'),
(69, 'CNTT2211022', 'chưa xem'),
(69, 'CNTT2211023', 'chưa xem'),
(69, 'CNTT2211024', 'chưa xem'),
(69, 'CNTT2211025', 'chưa xem'),
(69, 'CNTT2211026', 'chưa xem'),
(69, 'CNTT2211027', 'chưa xem'),
(69, 'CNTT2211028', 'chưa xem'),
(69, 'CNTT2211029', 'chưa xem'),
(69, 'CNTT2211030', 'đã xem'),
(69, 'CNTT2211031', 'chưa xem'),
(69, 'CNTT2211035', 'chưa xem'),
(69, 'CNTT2211036', 'chưa xem'),
(69, 'CNTT2211037', 'chưa xem'),
(69, 'CNTT2211040', 'chưa xem'),
(69, 'CNTT2211045', 'chưa xem'),
(69, 'CNTT2211048', 'chưa xem'),
(69, 'CNTT2211050', 'chưa xem'),
(69, 'HTTT2211001', 'chưa xem'),
(69, 'HTTT2211002', 'chưa xem'),
(69, 'HTTT2211003', 'chưa xem'),
(69, 'HTTT2211004', 'chưa xem'),
(69, 'HTTT2211005', 'chưa xem'),
(69, 'HTTT2211006', 'chưa xem'),
(69, 'HTTT2211007', 'chưa xem'),
(69, 'HTTT2211008', 'chưa xem'),
(69, 'HTTT2211009', 'chưa xem'),
(69, 'HTTT2211010', 'chưa xem'),
(69, 'HTTT2211011', 'chưa xem'),
(69, 'HTTT2211012', 'chưa xem'),
(69, 'HTTT2211013', 'chưa xem'),
(69, 'HTTT2211014', 'chưa xem'),
(69, 'HTTT2211015', 'chưa xem'),
(69, 'HTTT2211016', 'chưa xem'),
(69, 'HTTT2211017', 'chưa xem'),
(69, 'HTTT2211018', 'chưa xem'),
(69, 'HTTT2211019', 'chưa xem'),
(69, 'HTTT2211020', 'chưa xem'),
(69, 'HTTT2211021', 'chưa xem'),
(69, 'HTTT2211022', 'chưa xem'),
(69, 'HTTT2211023', 'chưa xem'),
(69, 'HTTT2211024', 'chưa xem'),
(69, 'HTTT2211025', 'chưa xem'),
(69, 'HTTT2211026', 'chưa xem'),
(69, 'HTTT2211027', 'chưa xem'),
(69, 'HTTT2211028', 'chưa xem'),
(69, 'HTTT2211029', 'chưa xem'),
(69, 'HTTT2211030', 'chưa xem'),
(69, 'HTTT2211031', 'chưa xem'),
(69, 'KTPM2211001', 'chưa xem'),
(69, 'KTPM2211002', 'đã xem'),
(69, 'KTPM2211003', 'chưa xem'),
(69, 'KTPM2211004', 'chưa xem'),
(69, 'KTPM2211005', 'chưa xem'),
(69, 'KTPM2211006', 'chưa xem'),
(69, 'KTPM2211007', 'chưa xem'),
(69, 'KTPM2211008', 'chưa xem'),
(69, 'KTPM2211009', 'chưa xem'),
(69, 'KTPM2211010', 'chưa xem'),
(69, 'KTPM2211011', 'chưa xem'),
(69, 'KTPM2211012', 'chưa xem'),
(69, 'KTPM2211013', 'chưa xem'),
(69, 'KTPM2211014', 'chưa xem'),
(69, 'KTPM2211015', 'chưa xem'),
(69, 'KTPM2211016', 'chưa xem'),
(69, 'KTPM2211017', 'chưa xem'),
(69, 'KTPM2211018', 'chưa xem'),
(69, 'KTPM2211019', 'chưa xem'),
(69, 'KTPM2211020', 'chưa xem'),
(69, 'KTPM2211021', 'chưa xem'),
(69, 'KTPM2211022', 'chưa xem'),
(69, 'KTPM2211023', 'chưa xem'),
(69, 'KTPM2211024', 'chưa xem'),
(69, 'KTPM2211025', 'chưa xem'),
(69, 'KTPM2211026', 'chưa xem'),
(69, 'KTPM2211027', 'chưa xem'),
(69, 'KTPM2211028', 'chưa xem'),
(69, 'KTPM2211029', 'chưa xem'),
(69, 'KTPM2211030', 'chưa xem'),
(69, 'KTPM2211031', 'chưa xem'),
(69, 'KTPM2211032', 'chưa xem'),
(69, 'KTPM2211033', 'chưa xem'),
(69, 'KTPM2211034', 'chưa xem'),
(69, 'KTPM2211035', 'chưa xem'),
(69, 'KTPM2211036', 'chưa xem'),
(69, 'KTPM2211037', 'chưa xem'),
(69, 'KTPM2211038', 'chưa xem'),
(69, 'KTPM2211039', 'chưa xem'),
(69, 'KTPM2211040', 'chưa xem'),
(69, 'KTPM2211041', 'chưa xem'),
(69, 'KTPM2211042', 'chưa xem'),
(69, 'KTPM2211043', 'chưa xem'),
(69, 'KTPM2211044', 'chưa xem'),
(69, 'KTPM2211045', 'chưa xem'),
(69, 'KTPM2211046', 'chưa xem'),
(70, 'CNTT2211001', 'chưa xem'),
(70, 'CNTT2211002', 'chưa xem'),
(70, 'CNTT2211003', 'chưa xem'),
(70, 'CNTT22110032', 'chưa xem'),
(70, 'CNTT2211004', 'chưa xem'),
(70, 'CNTT2211005', 'chưa xem'),
(70, 'CNTT2211006', 'chưa xem'),
(70, 'CNTT2211007', 'chưa xem'),
(70, 'CNTT2211008', 'chưa xem'),
(70, 'CNTT2211009', 'chưa xem'),
(70, 'CNTT2211010', 'chưa xem'),
(70, 'CNTT2211011', 'chưa xem'),
(70, 'CNTT2211012', 'chưa xem'),
(70, 'CNTT2211013', 'chưa xem'),
(70, 'CNTT2211014', 'chưa xem'),
(70, 'CNTT2211015', 'chưa xem'),
(70, 'CNTT2211016', 'chưa xem'),
(70, 'CNTT2211017', 'chưa xem'),
(70, 'CNTT2211018', 'chưa xem'),
(70, 'CNTT2211019', 'chưa xem'),
(70, 'CNTT2211020', 'chưa xem'),
(70, 'CNTT2211021', 'chưa xem'),
(70, 'CNTT2211022', 'chưa xem'),
(70, 'CNTT2211023', 'chưa xem'),
(70, 'CNTT2211024', 'chưa xem'),
(70, 'CNTT2211025', 'chưa xem'),
(70, 'CNTT2211026', 'chưa xem'),
(70, 'CNTT2211027', 'chưa xem'),
(70, 'CNTT2211028', 'chưa xem'),
(70, 'CNTT2211029', 'chưa xem'),
(70, 'CNTT2211030', 'đã xem'),
(70, 'CNTT2211031', 'chưa xem'),
(70, 'CNTT2211035', 'chưa xem'),
(70, 'CNTT2211036', 'chưa xem'),
(70, 'CNTT2211037', 'chưa xem'),
(70, 'CNTT2211040', 'chưa xem'),
(70, 'CNTT2211045', 'chưa xem'),
(70, 'CNTT2211048', 'chưa xem'),
(70, 'CNTT2211050', 'chưa xem'),
(70, 'HTTT2211001', 'chưa xem'),
(70, 'HTTT2211002', 'chưa xem'),
(70, 'HTTT2211003', 'chưa xem'),
(70, 'HTTT2211004', 'chưa xem'),
(70, 'HTTT2211005', 'chưa xem'),
(70, 'HTTT2211006', 'chưa xem'),
(70, 'HTTT2211007', 'chưa xem'),
(70, 'HTTT2211008', 'chưa xem'),
(70, 'HTTT2211009', 'chưa xem'),
(70, 'HTTT2211010', 'chưa xem'),
(70, 'HTTT2211011', 'chưa xem'),
(70, 'HTTT2211012', 'chưa xem'),
(70, 'HTTT2211013', 'chưa xem'),
(70, 'HTTT2211014', 'chưa xem'),
(70, 'HTTT2211015', 'chưa xem'),
(70, 'HTTT2211016', 'chưa xem'),
(70, 'HTTT2211017', 'chưa xem'),
(70, 'HTTT2211018', 'chưa xem'),
(70, 'HTTT2211019', 'chưa xem'),
(70, 'HTTT2211020', 'chưa xem'),
(70, 'HTTT2211021', 'chưa xem'),
(70, 'HTTT2211022', 'chưa xem'),
(70, 'HTTT2211023', 'chưa xem'),
(70, 'HTTT2211024', 'chưa xem'),
(70, 'HTTT2211025', 'chưa xem'),
(70, 'HTTT2211026', 'chưa xem'),
(70, 'HTTT2211027', 'chưa xem'),
(70, 'HTTT2211028', 'chưa xem'),
(70, 'HTTT2211029', 'chưa xem'),
(70, 'HTTT2211030', 'chưa xem'),
(70, 'HTTT2211031', 'chưa xem'),
(70, 'KTPM2211001', 'chưa xem'),
(70, 'KTPM2211002', 'đã xem'),
(70, 'KTPM2211003', 'chưa xem'),
(70, 'KTPM2211004', 'chưa xem'),
(70, 'KTPM2211005', 'chưa xem'),
(70, 'KTPM2211006', 'chưa xem'),
(70, 'KTPM2211007', 'chưa xem'),
(70, 'KTPM2211008', 'chưa xem'),
(70, 'KTPM2211009', 'chưa xem'),
(70, 'KTPM2211010', 'chưa xem'),
(70, 'KTPM2211011', 'chưa xem'),
(70, 'KTPM2211012', 'chưa xem'),
(70, 'KTPM2211013', 'chưa xem'),
(70, 'KTPM2211014', 'chưa xem'),
(70, 'KTPM2211015', 'chưa xem'),
(70, 'KTPM2211016', 'chưa xem'),
(70, 'KTPM2211017', 'chưa xem'),
(70, 'KTPM2211018', 'chưa xem'),
(70, 'KTPM2211019', 'chưa xem'),
(70, 'KTPM2211020', 'chưa xem'),
(70, 'KTPM2211021', 'chưa xem'),
(70, 'KTPM2211022', 'chưa xem'),
(70, 'KTPM2211023', 'chưa xem'),
(70, 'KTPM2211024', 'chưa xem'),
(70, 'KTPM2211025', 'chưa xem'),
(70, 'KTPM2211026', 'chưa xem'),
(70, 'KTPM2211027', 'chưa xem'),
(70, 'KTPM2211028', 'chưa xem'),
(70, 'KTPM2211029', 'chưa xem'),
(70, 'KTPM2211030', 'chưa xem'),
(70, 'KTPM2211031', 'chưa xem'),
(70, 'KTPM2211032', 'chưa xem'),
(70, 'KTPM2211033', 'chưa xem'),
(70, 'KTPM2211034', 'chưa xem'),
(70, 'KTPM2211035', 'chưa xem'),
(70, 'KTPM2211036', 'chưa xem'),
(70, 'KTPM2211037', 'chưa xem'),
(70, 'KTPM2211038', 'chưa xem'),
(70, 'KTPM2211039', 'chưa xem'),
(70, 'KTPM2211040', 'chưa xem'),
(70, 'KTPM2211041', 'chưa xem'),
(70, 'KTPM2211042', 'chưa xem'),
(70, 'KTPM2211043', 'chưa xem'),
(70, 'KTPM2211044', 'chưa xem'),
(70, 'KTPM2211045', 'chưa xem'),
(70, 'KTPM2211046', 'chưa xem'),
(71, 'CNTT2211001', 'chưa xem'),
(71, 'CNTT2211002', 'chưa xem'),
(71, 'CNTT2211003', 'chưa xem'),
(71, 'CNTT22110032', 'chưa xem'),
(71, 'CNTT2211004', 'chưa xem'),
(71, 'CNTT2211005', 'chưa xem'),
(71, 'CNTT2211006', 'chưa xem'),
(71, 'CNTT2211007', 'chưa xem'),
(71, 'CNTT2211008', 'chưa xem'),
(71, 'CNTT2211009', 'chưa xem'),
(71, 'CNTT2211010', 'chưa xem'),
(71, 'CNTT2211011', 'chưa xem'),
(71, 'CNTT2211012', 'chưa xem'),
(71, 'CNTT2211013', 'chưa xem'),
(71, 'CNTT2211014', 'chưa xem'),
(71, 'CNTT2211015', 'chưa xem'),
(71, 'CNTT2211016', 'chưa xem'),
(71, 'CNTT2211017', 'chưa xem'),
(71, 'CNTT2211018', 'chưa xem'),
(71, 'CNTT2211019', 'chưa xem'),
(71, 'CNTT2211020', 'chưa xem'),
(71, 'CNTT2211021', 'chưa xem'),
(71, 'CNTT2211022', 'chưa xem'),
(71, 'CNTT2211023', 'chưa xem'),
(71, 'CNTT2211024', 'chưa xem'),
(71, 'CNTT2211025', 'chưa xem'),
(71, 'CNTT2211026', 'chưa xem'),
(71, 'CNTT2211027', 'chưa xem'),
(71, 'CNTT2211028', 'chưa xem'),
(71, 'CNTT2211029', 'chưa xem'),
(71, 'CNTT2211030', 'đã xem'),
(71, 'CNTT2211031', 'chưa xem'),
(71, 'CNTT2211035', 'chưa xem'),
(71, 'CNTT2211036', 'chưa xem'),
(71, 'CNTT2211037', 'chưa xem'),
(71, 'CNTT2211040', 'chưa xem'),
(71, 'CNTT2211045', 'chưa xem'),
(71, 'CNTT2211048', 'chưa xem'),
(71, 'CNTT2211050', 'chưa xem'),
(71, 'HTTT2211001', 'chưa xem'),
(71, 'HTTT2211002', 'chưa xem'),
(71, 'HTTT2211003', 'chưa xem'),
(71, 'HTTT2211004', 'chưa xem'),
(71, 'HTTT2211005', 'chưa xem'),
(71, 'HTTT2211006', 'chưa xem'),
(71, 'HTTT2211007', 'chưa xem'),
(71, 'HTTT2211008', 'chưa xem'),
(71, 'HTTT2211009', 'chưa xem'),
(71, 'HTTT2211010', 'chưa xem'),
(71, 'HTTT2211011', 'chưa xem'),
(71, 'HTTT2211012', 'chưa xem'),
(71, 'HTTT2211013', 'chưa xem'),
(71, 'HTTT2211014', 'chưa xem'),
(71, 'HTTT2211015', 'chưa xem'),
(71, 'HTTT2211016', 'chưa xem'),
(71, 'HTTT2211017', 'chưa xem'),
(71, 'HTTT2211018', 'chưa xem'),
(71, 'HTTT2211019', 'chưa xem'),
(71, 'HTTT2211020', 'chưa xem'),
(71, 'HTTT2211021', 'chưa xem'),
(71, 'HTTT2211022', 'chưa xem'),
(71, 'HTTT2211023', 'chưa xem'),
(71, 'HTTT2211024', 'chưa xem'),
(71, 'HTTT2211025', 'chưa xem'),
(71, 'HTTT2211026', 'chưa xem'),
(71, 'HTTT2211027', 'chưa xem'),
(71, 'HTTT2211028', 'chưa xem'),
(71, 'HTTT2211029', 'chưa xem'),
(71, 'HTTT2211030', 'chưa xem'),
(71, 'HTTT2211031', 'chưa xem'),
(71, 'KTPM2211001', 'chưa xem'),
(71, 'KTPM2211002', 'đã xem'),
(71, 'KTPM2211003', 'chưa xem'),
(71, 'KTPM2211004', 'chưa xem'),
(71, 'KTPM2211005', 'chưa xem'),
(71, 'KTPM2211006', 'chưa xem'),
(71, 'KTPM2211007', 'chưa xem'),
(71, 'KTPM2211008', 'chưa xem'),
(71, 'KTPM2211009', 'chưa xem'),
(71, 'KTPM2211010', 'chưa xem'),
(71, 'KTPM2211011', 'chưa xem'),
(71, 'KTPM2211012', 'chưa xem'),
(71, 'KTPM2211013', 'chưa xem'),
(71, 'KTPM2211014', 'chưa xem'),
(71, 'KTPM2211015', 'chưa xem'),
(71, 'KTPM2211016', 'chưa xem'),
(71, 'KTPM2211017', 'chưa xem'),
(71, 'KTPM2211018', 'chưa xem'),
(71, 'KTPM2211019', 'chưa xem'),
(71, 'KTPM2211020', 'chưa xem'),
(71, 'KTPM2211021', 'chưa xem'),
(71, 'KTPM2211022', 'chưa xem'),
(71, 'KTPM2211023', 'chưa xem'),
(71, 'KTPM2211024', 'chưa xem'),
(71, 'KTPM2211025', 'chưa xem'),
(71, 'KTPM2211026', 'chưa xem'),
(71, 'KTPM2211027', 'chưa xem'),
(71, 'KTPM2211028', 'chưa xem'),
(71, 'KTPM2211029', 'chưa xem'),
(71, 'KTPM2211030', 'chưa xem'),
(71, 'KTPM2211031', 'chưa xem'),
(71, 'KTPM2211032', 'chưa xem'),
(71, 'KTPM2211033', 'chưa xem'),
(71, 'KTPM2211034', 'chưa xem'),
(71, 'KTPM2211035', 'chưa xem'),
(71, 'KTPM2211036', 'chưa xem'),
(71, 'KTPM2211037', 'chưa xem'),
(71, 'KTPM2211038', 'chưa xem'),
(71, 'KTPM2211039', 'chưa xem'),
(71, 'KTPM2211040', 'chưa xem'),
(71, 'KTPM2211041', 'chưa xem'),
(71, 'KTPM2211042', 'chưa xem'),
(71, 'KTPM2211043', 'chưa xem'),
(71, 'KTPM2211044', 'chưa xem'),
(71, 'KTPM2211045', 'chưa xem'),
(71, 'KTPM2211046', 'chưa xem'),
(72, 'CNTT2211001', 'chưa xem'),
(72, 'CNTT2211002', 'chưa xem'),
(72, 'CNTT2211003', 'chưa xem'),
(72, 'CNTT22110032', 'chưa xem'),
(72, 'CNTT2211004', 'chưa xem'),
(72, 'CNTT2211005', 'chưa xem'),
(72, 'CNTT2211006', 'chưa xem'),
(72, 'CNTT2211007', 'chưa xem'),
(72, 'CNTT2211008', 'chưa xem'),
(72, 'CNTT2211009', 'chưa xem'),
(72, 'CNTT2211010', 'chưa xem'),
(72, 'CNTT2211011', 'chưa xem'),
(72, 'CNTT2211012', 'chưa xem'),
(72, 'CNTT2211013', 'chưa xem'),
(72, 'CNTT2211014', 'chưa xem'),
(72, 'CNTT2211015', 'chưa xem'),
(72, 'CNTT2211016', 'chưa xem'),
(72, 'CNTT2211017', 'chưa xem'),
(72, 'CNTT2211018', 'chưa xem'),
(72, 'CNTT2211019', 'chưa xem'),
(72, 'CNTT2211020', 'chưa xem'),
(72, 'CNTT2211021', 'chưa xem'),
(72, 'CNTT2211022', 'chưa xem'),
(72, 'CNTT2211023', 'chưa xem'),
(72, 'CNTT2211024', 'chưa xem'),
(72, 'CNTT2211025', 'chưa xem'),
(72, 'CNTT2211026', 'chưa xem'),
(72, 'CNTT2211027', 'chưa xem'),
(72, 'CNTT2211028', 'chưa xem'),
(72, 'CNTT2211029', 'chưa xem'),
(72, 'CNTT2211030', 'đã xem'),
(72, 'CNTT2211031', 'chưa xem'),
(72, 'CNTT2211035', 'chưa xem'),
(72, 'CNTT2211036', 'chưa xem'),
(72, 'CNTT2211037', 'chưa xem'),
(72, 'CNTT2211040', 'chưa xem'),
(72, 'CNTT2211045', 'chưa xem'),
(72, 'CNTT2211048', 'chưa xem'),
(72, 'CNTT2211050', 'chưa xem'),
(72, 'HTTT2211001', 'chưa xem'),
(72, 'HTTT2211002', 'chưa xem'),
(72, 'HTTT2211003', 'chưa xem'),
(72, 'HTTT2211004', 'chưa xem'),
(72, 'HTTT2211005', 'chưa xem'),
(72, 'HTTT2211006', 'chưa xem'),
(72, 'HTTT2211007', 'chưa xem'),
(72, 'HTTT2211008', 'chưa xem'),
(72, 'HTTT2211009', 'chưa xem'),
(72, 'HTTT2211010', 'chưa xem'),
(72, 'HTTT2211011', 'chưa xem'),
(72, 'HTTT2211012', 'chưa xem'),
(72, 'HTTT2211013', 'chưa xem'),
(72, 'HTTT2211014', 'chưa xem'),
(72, 'HTTT2211015', 'chưa xem'),
(72, 'HTTT2211016', 'chưa xem'),
(72, 'HTTT2211017', 'chưa xem'),
(72, 'HTTT2211018', 'chưa xem'),
(72, 'HTTT2211019', 'chưa xem'),
(72, 'HTTT2211020', 'chưa xem'),
(72, 'HTTT2211021', 'chưa xem'),
(72, 'HTTT2211022', 'chưa xem'),
(72, 'HTTT2211023', 'chưa xem'),
(72, 'HTTT2211024', 'chưa xem'),
(72, 'HTTT2211025', 'chưa xem'),
(72, 'HTTT2211026', 'chưa xem'),
(72, 'HTTT2211027', 'chưa xem'),
(72, 'HTTT2211028', 'chưa xem'),
(72, 'HTTT2211029', 'chưa xem'),
(72, 'HTTT2211030', 'chưa xem'),
(72, 'HTTT2211031', 'chưa xem'),
(72, 'KTPM2211001', 'chưa xem'),
(72, 'KTPM2211002', 'đã xem'),
(72, 'KTPM2211003', 'chưa xem'),
(72, 'KTPM2211004', 'chưa xem'),
(72, 'KTPM2211005', 'chưa xem'),
(72, 'KTPM2211006', 'chưa xem'),
(72, 'KTPM2211007', 'chưa xem'),
(72, 'KTPM2211008', 'chưa xem'),
(72, 'KTPM2211009', 'chưa xem'),
(72, 'KTPM2211010', 'chưa xem'),
(72, 'KTPM2211011', 'chưa xem'),
(72, 'KTPM2211012', 'chưa xem'),
(72, 'KTPM2211013', 'chưa xem'),
(72, 'KTPM2211014', 'chưa xem'),
(72, 'KTPM2211015', 'chưa xem'),
(72, 'KTPM2211016', 'chưa xem'),
(72, 'KTPM2211017', 'chưa xem'),
(72, 'KTPM2211018', 'chưa xem'),
(72, 'KTPM2211019', 'chưa xem'),
(72, 'KTPM2211020', 'chưa xem'),
(72, 'KTPM2211021', 'chưa xem'),
(72, 'KTPM2211022', 'chưa xem'),
(72, 'KTPM2211023', 'chưa xem'),
(72, 'KTPM2211024', 'chưa xem'),
(72, 'KTPM2211025', 'chưa xem'),
(72, 'KTPM2211026', 'chưa xem'),
(72, 'KTPM2211027', 'chưa xem'),
(72, 'KTPM2211028', 'chưa xem'),
(72, 'KTPM2211029', 'chưa xem'),
(72, 'KTPM2211030', 'chưa xem'),
(72, 'KTPM2211031', 'chưa xem'),
(72, 'KTPM2211032', 'chưa xem'),
(72, 'KTPM2211033', 'chưa xem'),
(72, 'KTPM2211034', 'chưa xem'),
(72, 'KTPM2211035', 'chưa xem'),
(72, 'KTPM2211036', 'chưa xem'),
(72, 'KTPM2211037', 'chưa xem'),
(72, 'KTPM2211038', 'chưa xem'),
(72, 'KTPM2211039', 'chưa xem'),
(72, 'KTPM2211040', 'chưa xem'),
(72, 'KTPM2211041', 'chưa xem'),
(72, 'KTPM2211042', 'chưa xem'),
(72, 'KTPM2211043', 'chưa xem'),
(72, 'KTPM2211044', 'chưa xem'),
(72, 'KTPM2211045', 'chưa xem'),
(72, 'KTPM2211046', 'chưa xem'),
(73, 'CNTT2211001', 'chưa xem'),
(73, 'CNTT2211002', 'chưa xem'),
(73, 'CNTT2211003', 'chưa xem'),
(73, 'CNTT22110032', 'chưa xem'),
(73, 'CNTT2211004', 'chưa xem'),
(73, 'CNTT2211005', 'chưa xem'),
(73, 'CNTT2211006', 'chưa xem'),
(73, 'CNTT2211007', 'chưa xem'),
(73, 'CNTT2211008', 'chưa xem'),
(73, 'CNTT2211009', 'chưa xem'),
(73, 'CNTT2211010', 'chưa xem'),
(73, 'CNTT2211011', 'chưa xem'),
(73, 'CNTT2211012', 'chưa xem'),
(73, 'CNTT2211013', 'chưa xem'),
(73, 'CNTT2211014', 'chưa xem'),
(73, 'CNTT2211015', 'chưa xem'),
(73, 'CNTT2211016', 'chưa xem'),
(73, 'CNTT2211017', 'chưa xem'),
(73, 'CNTT2211018', 'chưa xem'),
(73, 'CNTT2211019', 'chưa xem'),
(73, 'CNTT2211020', 'chưa xem'),
(73, 'CNTT2211021', 'chưa xem'),
(73, 'CNTT2211022', 'chưa xem'),
(73, 'CNTT2211023', 'chưa xem'),
(73, 'CNTT2211024', 'chưa xem'),
(73, 'CNTT2211025', 'chưa xem'),
(73, 'CNTT2211026', 'chưa xem'),
(73, 'CNTT2211027', 'chưa xem'),
(73, 'CNTT2211028', 'chưa xem'),
(73, 'CNTT2211029', 'chưa xem'),
(73, 'CNTT2211030', 'đã xem'),
(73, 'CNTT2211031', 'chưa xem'),
(73, 'CNTT2211035', 'chưa xem'),
(73, 'CNTT2211036', 'chưa xem'),
(73, 'CNTT2211037', 'chưa xem'),
(73, 'CNTT2211040', 'chưa xem'),
(73, 'CNTT2211045', 'chưa xem'),
(73, 'CNTT2211048', 'chưa xem'),
(73, 'CNTT2211050', 'chưa xem'),
(73, 'HTTT2211001', 'chưa xem'),
(73, 'HTTT2211002', 'chưa xem'),
(73, 'HTTT2211003', 'chưa xem'),
(73, 'HTTT2211004', 'chưa xem'),
(73, 'HTTT2211005', 'chưa xem'),
(73, 'HTTT2211006', 'chưa xem'),
(73, 'HTTT2211007', 'chưa xem'),
(73, 'HTTT2211008', 'chưa xem'),
(73, 'HTTT2211009', 'chưa xem'),
(73, 'HTTT2211010', 'chưa xem'),
(73, 'HTTT2211011', 'chưa xem'),
(73, 'HTTT2211012', 'chưa xem'),
(73, 'HTTT2211013', 'chưa xem'),
(73, 'HTTT2211014', 'chưa xem'),
(73, 'HTTT2211015', 'chưa xem'),
(73, 'HTTT2211016', 'chưa xem'),
(73, 'HTTT2211017', 'chưa xem'),
(73, 'HTTT2211018', 'chưa xem'),
(73, 'HTTT2211019', 'chưa xem'),
(73, 'HTTT2211020', 'chưa xem'),
(73, 'HTTT2211021', 'chưa xem'),
(73, 'HTTT2211022', 'chưa xem'),
(73, 'HTTT2211023', 'chưa xem'),
(73, 'HTTT2211024', 'chưa xem'),
(73, 'HTTT2211025', 'chưa xem'),
(73, 'HTTT2211026', 'chưa xem'),
(73, 'HTTT2211027', 'chưa xem'),
(73, 'HTTT2211028', 'chưa xem'),
(73, 'HTTT2211029', 'chưa xem'),
(73, 'HTTT2211030', 'chưa xem'),
(73, 'HTTT2211031', 'chưa xem'),
(73, 'KTPM2211001', 'chưa xem'),
(73, 'KTPM2211002', 'đã xem'),
(73, 'KTPM2211003', 'chưa xem'),
(73, 'KTPM2211004', 'chưa xem'),
(73, 'KTPM2211005', 'chưa xem'),
(73, 'KTPM2211006', 'chưa xem'),
(73, 'KTPM2211007', 'chưa xem'),
(73, 'KTPM2211008', 'chưa xem'),
(73, 'KTPM2211009', 'chưa xem'),
(73, 'KTPM2211010', 'chưa xem'),
(73, 'KTPM2211011', 'chưa xem'),
(73, 'KTPM2211012', 'chưa xem'),
(73, 'KTPM2211013', 'chưa xem'),
(73, 'KTPM2211014', 'chưa xem'),
(73, 'KTPM2211015', 'chưa xem'),
(73, 'KTPM2211016', 'chưa xem'),
(73, 'KTPM2211017', 'chưa xem'),
(73, 'KTPM2211018', 'chưa xem'),
(73, 'KTPM2211019', 'chưa xem'),
(73, 'KTPM2211020', 'chưa xem'),
(73, 'KTPM2211021', 'chưa xem'),
(73, 'KTPM2211022', 'chưa xem'),
(73, 'KTPM2211023', 'chưa xem'),
(73, 'KTPM2211024', 'chưa xem'),
(73, 'KTPM2211025', 'chưa xem'),
(73, 'KTPM2211026', 'chưa xem'),
(73, 'KTPM2211027', 'chưa xem'),
(73, 'KTPM2211028', 'chưa xem'),
(73, 'KTPM2211029', 'chưa xem'),
(73, 'KTPM2211030', 'chưa xem'),
(73, 'KTPM2211031', 'chưa xem'),
(73, 'KTPM2211032', 'chưa xem'),
(73, 'KTPM2211033', 'chưa xem'),
(73, 'KTPM2211034', 'chưa xem'),
(73, 'KTPM2211035', 'chưa xem'),
(73, 'KTPM2211036', 'chưa xem'),
(73, 'KTPM2211037', 'chưa xem'),
(73, 'KTPM2211038', 'chưa xem'),
(73, 'KTPM2211039', 'chưa xem'),
(73, 'KTPM2211040', 'chưa xem'),
(73, 'KTPM2211041', 'chưa xem'),
(73, 'KTPM2211042', 'chưa xem'),
(73, 'KTPM2211043', 'chưa xem'),
(73, 'KTPM2211044', 'chưa xem'),
(73, 'KTPM2211045', 'chưa xem'),
(73, 'KTPM2211046', 'chưa xem'),
(74, 'CNTT2211001', 'chưa xem'),
(74, 'CNTT2211002', 'chưa xem'),
(74, 'CNTT2211003', 'chưa xem'),
(74, 'CNTT22110032', 'chưa xem'),
(74, 'CNTT2211004', 'chưa xem'),
(74, 'CNTT2211005', 'chưa xem'),
(74, 'CNTT2211006', 'chưa xem'),
(74, 'CNTT2211007', 'chưa xem'),
(74, 'CNTT2211008', 'chưa xem'),
(74, 'CNTT2211009', 'chưa xem'),
(74, 'CNTT2211010', 'chưa xem'),
(74, 'CNTT2211011', 'chưa xem'),
(74, 'CNTT2211012', 'chưa xem'),
(74, 'CNTT2211013', 'chưa xem'),
(74, 'CNTT2211014', 'chưa xem'),
(74, 'CNTT2211015', 'chưa xem'),
(74, 'CNTT2211016', 'chưa xem'),
(74, 'CNTT2211017', 'chưa xem'),
(74, 'CNTT2211018', 'chưa xem'),
(74, 'CNTT2211019', 'chưa xem'),
(74, 'CNTT2211020', 'chưa xem'),
(74, 'CNTT2211021', 'chưa xem'),
(74, 'CNTT2211022', 'chưa xem'),
(74, 'CNTT2211023', 'chưa xem'),
(74, 'CNTT2211024', 'chưa xem'),
(74, 'CNTT2211025', 'chưa xem'),
(74, 'CNTT2211026', 'chưa xem'),
(74, 'CNTT2211027', 'chưa xem'),
(74, 'CNTT2211028', 'chưa xem'),
(74, 'CNTT2211029', 'chưa xem'),
(74, 'CNTT2211030', 'đã xem'),
(74, 'CNTT2211031', 'chưa xem'),
(74, 'CNTT2211035', 'chưa xem'),
(74, 'CNTT2211036', 'chưa xem'),
(74, 'CNTT2211037', 'chưa xem'),
(74, 'CNTT2211040', 'chưa xem'),
(74, 'CNTT2211045', 'chưa xem'),
(74, 'CNTT2211048', 'chưa xem'),
(74, 'CNTT2211050', 'chưa xem'),
(74, 'HTTT2211001', 'chưa xem'),
(74, 'HTTT2211002', 'chưa xem'),
(74, 'HTTT2211003', 'chưa xem'),
(74, 'HTTT2211004', 'chưa xem'),
(74, 'HTTT2211005', 'chưa xem'),
(74, 'HTTT2211006', 'chưa xem'),
(74, 'HTTT2211007', 'chưa xem'),
(74, 'HTTT2211008', 'chưa xem'),
(74, 'HTTT2211009', 'chưa xem'),
(74, 'HTTT2211010', 'chưa xem'),
(74, 'HTTT2211011', 'chưa xem'),
(74, 'HTTT2211012', 'chưa xem'),
(74, 'HTTT2211013', 'chưa xem'),
(74, 'HTTT2211014', 'chưa xem'),
(74, 'HTTT2211015', 'chưa xem'),
(74, 'HTTT2211016', 'chưa xem'),
(74, 'HTTT2211017', 'chưa xem'),
(74, 'HTTT2211018', 'chưa xem'),
(74, 'HTTT2211019', 'chưa xem'),
(74, 'HTTT2211020', 'chưa xem'),
(74, 'HTTT2211021', 'chưa xem'),
(74, 'HTTT2211022', 'chưa xem'),
(74, 'HTTT2211023', 'chưa xem'),
(74, 'HTTT2211024', 'chưa xem'),
(74, 'HTTT2211025', 'chưa xem'),
(74, 'HTTT2211026', 'chưa xem'),
(74, 'HTTT2211027', 'chưa xem'),
(74, 'HTTT2211028', 'chưa xem'),
(74, 'HTTT2211029', 'chưa xem'),
(74, 'HTTT2211030', 'chưa xem'),
(74, 'HTTT2211031', 'chưa xem'),
(74, 'KTPM2211001', 'chưa xem'),
(74, 'KTPM2211002', 'đã xem'),
(74, 'KTPM2211003', 'chưa xem'),
(74, 'KTPM2211004', 'chưa xem'),
(74, 'KTPM2211005', 'chưa xem'),
(74, 'KTPM2211006', 'chưa xem'),
(74, 'KTPM2211007', 'chưa xem'),
(74, 'KTPM2211008', 'chưa xem'),
(74, 'KTPM2211009', 'chưa xem'),
(74, 'KTPM2211010', 'chưa xem'),
(74, 'KTPM2211011', 'chưa xem'),
(74, 'KTPM2211012', 'chưa xem'),
(74, 'KTPM2211013', 'chưa xem'),
(74, 'KTPM2211014', 'chưa xem'),
(74, 'KTPM2211015', 'chưa xem'),
(74, 'KTPM2211016', 'chưa xem'),
(74, 'KTPM2211017', 'chưa xem'),
(74, 'KTPM2211018', 'chưa xem'),
(74, 'KTPM2211019', 'chưa xem'),
(74, 'KTPM2211020', 'chưa xem'),
(74, 'KTPM2211021', 'chưa xem'),
(74, 'KTPM2211022', 'chưa xem'),
(74, 'KTPM2211023', 'chưa xem'),
(74, 'KTPM2211024', 'chưa xem'),
(74, 'KTPM2211025', 'chưa xem'),
(74, 'KTPM2211026', 'chưa xem'),
(74, 'KTPM2211027', 'chưa xem'),
(74, 'KTPM2211028', 'chưa xem'),
(74, 'KTPM2211029', 'chưa xem'),
(74, 'KTPM2211030', 'chưa xem'),
(74, 'KTPM2211031', 'chưa xem'),
(74, 'KTPM2211032', 'chưa xem'),
(74, 'KTPM2211033', 'chưa xem'),
(74, 'KTPM2211034', 'chưa xem'),
(74, 'KTPM2211035', 'chưa xem'),
(74, 'KTPM2211036', 'chưa xem'),
(74, 'KTPM2211037', 'chưa xem'),
(74, 'KTPM2211038', 'chưa xem'),
(74, 'KTPM2211039', 'chưa xem'),
(74, 'KTPM2211040', 'chưa xem'),
(74, 'KTPM2211041', 'chưa xem'),
(74, 'KTPM2211042', 'chưa xem'),
(74, 'KTPM2211043', 'chưa xem'),
(74, 'KTPM2211044', 'chưa xem'),
(74, 'KTPM2211045', 'chưa xem'),
(74, 'KTPM2211046', 'chưa xem'),
(75, 'CNTT2211001', 'chưa xem'),
(75, 'CNTT2211002', 'chưa xem'),
(75, 'CNTT2211003', 'chưa xem'),
(75, 'CNTT22110032', 'chưa xem'),
(75, 'CNTT2211004', 'chưa xem'),
(75, 'CNTT2211005', 'chưa xem'),
(75, 'CNTT2211006', 'chưa xem'),
(75, 'CNTT2211007', 'chưa xem'),
(75, 'CNTT2211008', 'chưa xem'),
(75, 'CNTT2211009', 'chưa xem'),
(75, 'CNTT2211010', 'chưa xem'),
(75, 'CNTT2211011', 'chưa xem'),
(75, 'CNTT2211012', 'chưa xem'),
(75, 'CNTT2211013', 'chưa xem'),
(75, 'CNTT2211014', 'chưa xem'),
(75, 'CNTT2211015', 'chưa xem'),
(75, 'CNTT2211016', 'chưa xem'),
(75, 'CNTT2211017', 'chưa xem'),
(75, 'CNTT2211018', 'chưa xem'),
(75, 'CNTT2211019', 'chưa xem'),
(75, 'CNTT2211020', 'chưa xem'),
(75, 'CNTT2211021', 'chưa xem'),
(75, 'CNTT2211022', 'chưa xem'),
(75, 'CNTT2211023', 'chưa xem'),
(75, 'CNTT2211024', 'chưa xem'),
(75, 'CNTT2211025', 'chưa xem'),
(75, 'CNTT2211026', 'chưa xem'),
(75, 'CNTT2211027', 'chưa xem'),
(75, 'CNTT2211028', 'chưa xem'),
(75, 'CNTT2211029', 'chưa xem'),
(75, 'CNTT2211030', 'đã xem'),
(75, 'CNTT2211031', 'chưa xem'),
(75, 'CNTT2211035', 'chưa xem'),
(75, 'CNTT2211036', 'chưa xem'),
(75, 'CNTT2211037', 'chưa xem'),
(75, 'CNTT2211040', 'chưa xem'),
(75, 'CNTT2211045', 'chưa xem'),
(75, 'CNTT2211048', 'chưa xem'),
(75, 'CNTT2211050', 'chưa xem'),
(75, 'HTTT2211001', 'chưa xem'),
(75, 'HTTT2211002', 'chưa xem'),
(75, 'HTTT2211003', 'chưa xem'),
(75, 'HTTT2211004', 'chưa xem'),
(75, 'HTTT2211005', 'chưa xem'),
(75, 'HTTT2211006', 'chưa xem'),
(75, 'HTTT2211007', 'chưa xem'),
(75, 'HTTT2211008', 'chưa xem'),
(75, 'HTTT2211009', 'chưa xem'),
(75, 'HTTT2211010', 'chưa xem'),
(75, 'HTTT2211011', 'chưa xem'),
(75, 'HTTT2211012', 'chưa xem'),
(75, 'HTTT2211013', 'chưa xem'),
(75, 'HTTT2211014', 'chưa xem'),
(75, 'HTTT2211015', 'chưa xem'),
(75, 'HTTT2211016', 'chưa xem'),
(75, 'HTTT2211017', 'chưa xem'),
(75, 'HTTT2211018', 'chưa xem'),
(75, 'HTTT2211019', 'chưa xem'),
(75, 'HTTT2211020', 'chưa xem'),
(75, 'HTTT2211021', 'chưa xem'),
(75, 'HTTT2211022', 'chưa xem'),
(75, 'HTTT2211023', 'chưa xem'),
(75, 'HTTT2211024', 'chưa xem'),
(75, 'HTTT2211025', 'chưa xem'),
(75, 'HTTT2211026', 'chưa xem'),
(75, 'HTTT2211027', 'chưa xem'),
(75, 'HTTT2211028', 'chưa xem'),
(75, 'HTTT2211029', 'chưa xem'),
(75, 'HTTT2211030', 'chưa xem'),
(75, 'HTTT2211031', 'chưa xem'),
(75, 'KTPM2211001', 'chưa xem'),
(75, 'KTPM2211002', 'đã xem'),
(75, 'KTPM2211003', 'chưa xem'),
(75, 'KTPM2211004', 'chưa xem'),
(75, 'KTPM2211005', 'chưa xem'),
(75, 'KTPM2211006', 'chưa xem'),
(75, 'KTPM2211007', 'chưa xem'),
(75, 'KTPM2211008', 'chưa xem'),
(75, 'KTPM2211009', 'chưa xem'),
(75, 'KTPM2211010', 'chưa xem'),
(75, 'KTPM2211011', 'chưa xem'),
(75, 'KTPM2211012', 'chưa xem'),
(75, 'KTPM2211013', 'chưa xem'),
(75, 'KTPM2211014', 'chưa xem'),
(75, 'KTPM2211015', 'chưa xem'),
(75, 'KTPM2211016', 'chưa xem'),
(75, 'KTPM2211017', 'chưa xem'),
(75, 'KTPM2211018', 'chưa xem'),
(75, 'KTPM2211019', 'chưa xem'),
(75, 'KTPM2211020', 'chưa xem'),
(75, 'KTPM2211021', 'chưa xem'),
(75, 'KTPM2211022', 'chưa xem'),
(75, 'KTPM2211023', 'chưa xem'),
(75, 'KTPM2211024', 'chưa xem'),
(75, 'KTPM2211025', 'chưa xem'),
(75, 'KTPM2211026', 'chưa xem'),
(75, 'KTPM2211027', 'chưa xem'),
(75, 'KTPM2211028', 'chưa xem'),
(75, 'KTPM2211029', 'chưa xem'),
(75, 'KTPM2211030', 'chưa xem'),
(75, 'KTPM2211031', 'chưa xem'),
(75, 'KTPM2211032', 'chưa xem'),
(75, 'KTPM2211033', 'chưa xem'),
(75, 'KTPM2211034', 'chưa xem'),
(75, 'KTPM2211035', 'chưa xem'),
(75, 'KTPM2211036', 'chưa xem'),
(75, 'KTPM2211037', 'chưa xem'),
(75, 'KTPM2211038', 'chưa xem'),
(75, 'KTPM2211039', 'chưa xem'),
(75, 'KTPM2211040', 'chưa xem'),
(75, 'KTPM2211041', 'chưa xem'),
(75, 'KTPM2211042', 'chưa xem'),
(75, 'KTPM2211043', 'chưa xem'),
(75, 'KTPM2211044', 'chưa xem'),
(75, 'KTPM2211045', 'chưa xem'),
(75, 'KTPM2211046', 'chưa xem'),
(76, 'CNTT2211001', 'chưa xem'),
(76, 'CNTT2211002', 'chưa xem'),
(76, 'CNTT2211003', 'chưa xem'),
(76, 'CNTT22110032', 'chưa xem'),
(76, 'CNTT2211004', 'chưa xem'),
(76, 'CNTT2211005', 'chưa xem'),
(76, 'CNTT2211006', 'chưa xem'),
(76, 'CNTT2211007', 'chưa xem'),
(76, 'CNTT2211008', 'chưa xem'),
(76, 'CNTT2211009', 'chưa xem'),
(76, 'CNTT2211010', 'chưa xem'),
(76, 'CNTT2211011', 'chưa xem'),
(76, 'CNTT2211012', 'chưa xem'),
(76, 'CNTT2211013', 'chưa xem'),
(76, 'CNTT2211014', 'chưa xem'),
(76, 'CNTT2211015', 'chưa xem'),
(76, 'CNTT2211016', 'chưa xem'),
(76, 'CNTT2211017', 'chưa xem'),
(76, 'CNTT2211018', 'chưa xem'),
(76, 'CNTT2211019', 'chưa xem'),
(76, 'CNTT2211020', 'chưa xem'),
(76, 'CNTT2211021', 'chưa xem'),
(76, 'CNTT2211022', 'chưa xem'),
(76, 'CNTT2211023', 'chưa xem'),
(76, 'CNTT2211024', 'chưa xem'),
(76, 'CNTT2211025', 'chưa xem'),
(76, 'CNTT2211026', 'chưa xem'),
(76, 'CNTT2211027', 'chưa xem'),
(76, 'CNTT2211028', 'chưa xem'),
(76, 'CNTT2211029', 'chưa xem'),
(76, 'CNTT2211030', 'đã xem'),
(76, 'CNTT2211031', 'chưa xem'),
(76, 'CNTT2211035', 'chưa xem'),
(76, 'CNTT2211036', 'chưa xem'),
(76, 'CNTT2211037', 'chưa xem'),
(76, 'CNTT2211040', 'chưa xem'),
(76, 'CNTT2211045', 'chưa xem'),
(76, 'CNTT2211048', 'chưa xem'),
(76, 'CNTT2211050', 'chưa xem'),
(76, 'HTTT2211001', 'chưa xem'),
(76, 'HTTT2211002', 'chưa xem'),
(76, 'HTTT2211003', 'chưa xem'),
(76, 'HTTT2211004', 'chưa xem'),
(76, 'HTTT2211005', 'chưa xem'),
(76, 'HTTT2211006', 'chưa xem'),
(76, 'HTTT2211007', 'chưa xem'),
(76, 'HTTT2211008', 'chưa xem'),
(76, 'HTTT2211009', 'chưa xem'),
(76, 'HTTT2211010', 'chưa xem'),
(76, 'HTTT2211011', 'chưa xem'),
(76, 'HTTT2211012', 'chưa xem'),
(76, 'HTTT2211013', 'chưa xem'),
(76, 'HTTT2211014', 'chưa xem'),
(76, 'HTTT2211015', 'chưa xem'),
(76, 'HTTT2211016', 'chưa xem'),
(76, 'HTTT2211017', 'chưa xem'),
(76, 'HTTT2211018', 'chưa xem'),
(76, 'HTTT2211019', 'chưa xem'),
(76, 'HTTT2211020', 'chưa xem'),
(76, 'HTTT2211021', 'chưa xem'),
(76, 'HTTT2211022', 'chưa xem'),
(76, 'HTTT2211023', 'chưa xem'),
(76, 'HTTT2211024', 'chưa xem'),
(76, 'HTTT2211025', 'chưa xem'),
(76, 'HTTT2211026', 'chưa xem'),
(76, 'HTTT2211027', 'chưa xem'),
(76, 'HTTT2211028', 'chưa xem'),
(76, 'HTTT2211029', 'chưa xem'),
(76, 'HTTT2211030', 'chưa xem'),
(76, 'HTTT2211031', 'chưa xem'),
(76, 'KTPM2211001', 'chưa xem'),
(76, 'KTPM2211002', 'đã xem'),
(76, 'KTPM2211003', 'chưa xem'),
(76, 'KTPM2211004', 'chưa xem'),
(76, 'KTPM2211005', 'chưa xem'),
(76, 'KTPM2211006', 'chưa xem'),
(76, 'KTPM2211007', 'chưa xem'),
(76, 'KTPM2211008', 'chưa xem'),
(76, 'KTPM2211009', 'chưa xem'),
(76, 'KTPM2211010', 'chưa xem'),
(76, 'KTPM2211011', 'chưa xem'),
(76, 'KTPM2211012', 'chưa xem'),
(76, 'KTPM2211013', 'chưa xem'),
(76, 'KTPM2211014', 'chưa xem'),
(76, 'KTPM2211015', 'chưa xem'),
(76, 'KTPM2211016', 'chưa xem'),
(76, 'KTPM2211017', 'chưa xem'),
(76, 'KTPM2211018', 'chưa xem'),
(76, 'KTPM2211019', 'chưa xem'),
(76, 'KTPM2211020', 'chưa xem'),
(76, 'KTPM2211021', 'chưa xem'),
(76, 'KTPM2211022', 'chưa xem'),
(76, 'KTPM2211023', 'chưa xem'),
(76, 'KTPM2211024', 'chưa xem'),
(76, 'KTPM2211025', 'chưa xem'),
(76, 'KTPM2211026', 'chưa xem'),
(76, 'KTPM2211027', 'chưa xem'),
(76, 'KTPM2211028', 'chưa xem'),
(76, 'KTPM2211029', 'chưa xem'),
(76, 'KTPM2211030', 'chưa xem'),
(76, 'KTPM2211031', 'chưa xem'),
(76, 'KTPM2211032', 'chưa xem'),
(76, 'KTPM2211033', 'chưa xem'),
(76, 'KTPM2211034', 'chưa xem'),
(76, 'KTPM2211035', 'chưa xem'),
(76, 'KTPM2211036', 'chưa xem'),
(76, 'KTPM2211037', 'chưa xem'),
(76, 'KTPM2211038', 'chưa xem'),
(76, 'KTPM2211039', 'chưa xem'),
(76, 'KTPM2211040', 'chưa xem'),
(76, 'KTPM2211041', 'chưa xem'),
(76, 'KTPM2211042', 'chưa xem'),
(76, 'KTPM2211043', 'chưa xem'),
(76, 'KTPM2211044', 'chưa xem'),
(76, 'KTPM2211045', 'chưa xem'),
(76, 'KTPM2211046', 'chưa xem'),
(77, 'CNTT2211001', 'chưa xem'),
(77, 'CNTT2211002', 'chưa xem'),
(77, 'CNTT2211003', 'chưa xem'),
(77, 'CNTT22110032', 'chưa xem'),
(77, 'CNTT2211004', 'chưa xem'),
(77, 'CNTT2211005', 'chưa xem'),
(77, 'CNTT2211006', 'chưa xem'),
(77, 'CNTT2211007', 'chưa xem'),
(77, 'CNTT2211008', 'chưa xem'),
(77, 'CNTT2211009', 'chưa xem'),
(77, 'CNTT2211010', 'chưa xem'),
(77, 'CNTT2211011', 'chưa xem'),
(77, 'CNTT2211012', 'chưa xem'),
(77, 'CNTT2211013', 'chưa xem'),
(77, 'CNTT2211014', 'chưa xem'),
(77, 'CNTT2211015', 'chưa xem'),
(77, 'CNTT2211016', 'chưa xem'),
(77, 'CNTT2211017', 'chưa xem'),
(77, 'CNTT2211018', 'chưa xem'),
(77, 'CNTT2211019', 'chưa xem'),
(77, 'CNTT2211020', 'chưa xem'),
(77, 'CNTT2211021', 'chưa xem'),
(77, 'CNTT2211022', 'chưa xem'),
(77, 'CNTT2211023', 'chưa xem'),
(77, 'CNTT2211024', 'chưa xem'),
(77, 'CNTT2211025', 'chưa xem'),
(77, 'CNTT2211026', 'chưa xem'),
(77, 'CNTT2211027', 'chưa xem'),
(77, 'CNTT2211028', 'chưa xem'),
(77, 'CNTT2211029', 'chưa xem'),
(77, 'CNTT2211030', 'chưa xem'),
(77, 'CNTT2211031', 'chưa xem'),
(77, 'CNTT2211035', 'chưa xem'),
(77, 'CNTT2211036', 'chưa xem'),
(77, 'CNTT2211037', 'chưa xem'),
(77, 'CNTT2211040', 'chưa xem'),
(77, 'CNTT2211045', 'chưa xem'),
(77, 'CNTT2211048', 'chưa xem'),
(77, 'CNTT2211050', 'chưa xem'),
(77, 'HTTT2211001', 'chưa xem'),
(77, 'HTTT2211002', 'chưa xem'),
(77, 'HTTT2211003', 'chưa xem'),
(77, 'HTTT2211004', 'chưa xem'),
(77, 'HTTT2211005', 'chưa xem'),
(77, 'HTTT2211006', 'chưa xem'),
(77, 'HTTT2211007', 'chưa xem'),
(77, 'HTTT2211008', 'chưa xem'),
(77, 'HTTT2211009', 'chưa xem'),
(77, 'HTTT2211010', 'chưa xem'),
(77, 'HTTT2211011', 'chưa xem'),
(77, 'HTTT2211012', 'chưa xem'),
(77, 'HTTT2211013', 'chưa xem'),
(77, 'HTTT2211014', 'chưa xem'),
(77, 'HTTT2211015', 'chưa xem'),
(77, 'HTTT2211016', 'chưa xem'),
(77, 'HTTT2211017', 'chưa xem'),
(77, 'HTTT2211018', 'chưa xem'),
(77, 'HTTT2211019', 'chưa xem'),
(77, 'HTTT2211020', 'chưa xem'),
(77, 'HTTT2211021', 'chưa xem'),
(77, 'HTTT2211022', 'chưa xem'),
(77, 'HTTT2211023', 'chưa xem'),
(77, 'HTTT2211024', 'chưa xem'),
(77, 'HTTT2211025', 'chưa xem'),
(77, 'HTTT2211026', 'chưa xem'),
(77, 'HTTT2211027', 'chưa xem'),
(77, 'HTTT2211028', 'chưa xem'),
(77, 'HTTT2211029', 'chưa xem'),
(77, 'HTTT2211030', 'chưa xem'),
(77, 'HTTT2211031', 'chưa xem'),
(77, 'KTPM2211001', 'chưa xem'),
(77, 'KTPM2211002', 'chưa xem'),
(77, 'KTPM2211003', 'chưa xem'),
(77, 'KTPM2211004', 'chưa xem'),
(77, 'KTPM2211005', 'chưa xem'),
(77, 'KTPM2211006', 'chưa xem'),
(77, 'KTPM2211007', 'chưa xem'),
(77, 'KTPM2211008', 'chưa xem'),
(77, 'KTPM2211009', 'chưa xem'),
(77, 'KTPM2211010', 'chưa xem'),
(77, 'KTPM2211011', 'chưa xem'),
(77, 'KTPM2211012', 'chưa xem'),
(77, 'KTPM2211013', 'chưa xem'),
(77, 'KTPM2211014', 'chưa xem'),
(77, 'KTPM2211015', 'chưa xem'),
(77, 'KTPM2211016', 'chưa xem'),
(77, 'KTPM2211017', 'chưa xem'),
(77, 'KTPM2211018', 'chưa xem'),
(77, 'KTPM2211019', 'chưa xem'),
(77, 'KTPM2211020', 'chưa xem'),
(77, 'KTPM2211021', 'chưa xem'),
(77, 'KTPM2211022', 'chưa xem'),
(77, 'KTPM2211023', 'chưa xem'),
(77, 'KTPM2211024', 'chưa xem'),
(77, 'KTPM2211025', 'chưa xem'),
(77, 'KTPM2211026', 'chưa xem'),
(77, 'KTPM2211027', 'chưa xem'),
(77, 'KTPM2211028', 'chưa xem'),
(77, 'KTPM2211029', 'chưa xem'),
(77, 'KTPM2211030', 'chưa xem'),
(77, 'KTPM2211031', 'chưa xem'),
(77, 'KTPM2211032', 'chưa xem'),
(77, 'KTPM2211033', 'chưa xem'),
(77, 'KTPM2211034', 'chưa xem'),
(77, 'KTPM2211035', 'chưa xem'),
(77, 'KTPM2211036', 'chưa xem'),
(77, 'KTPM2211037', 'chưa xem'),
(77, 'KTPM2211038', 'chưa xem');
INSERT INTO `trangthaithongbao` (`matb`, `manguoidung`, `trangthai`) VALUES
(77, 'KTPM2211039', 'chưa xem'),
(77, 'KTPM2211040', 'chưa xem'),
(77, 'KTPM2211041', 'chưa xem'),
(77, 'KTPM2211042', 'chưa xem'),
(77, 'KTPM2211043', 'chưa xem'),
(77, 'KTPM2211044', 'chưa xem'),
(77, 'KTPM2211045', 'chưa xem'),
(77, 'KTPM2211046', 'chưa xem'),
(78, 'CNTT2211001', 'chưa xem'),
(78, 'CNTT2211002', 'chưa xem'),
(78, 'CNTT2211003', 'chưa xem'),
(78, 'CNTT22110032', 'chưa xem'),
(78, 'CNTT2211004', 'chưa xem'),
(78, 'CNTT2211005', 'chưa xem'),
(78, 'CNTT2211006', 'chưa xem'),
(78, 'CNTT2211007', 'chưa xem'),
(78, 'CNTT2211008', 'chưa xem'),
(78, 'CNTT2211009', 'chưa xem'),
(78, 'CNTT2211010', 'chưa xem'),
(78, 'CNTT2211011', 'chưa xem'),
(78, 'CNTT2211012', 'chưa xem'),
(78, 'CNTT2211013', 'chưa xem'),
(78, 'CNTT2211014', 'chưa xem'),
(78, 'CNTT2211015', 'chưa xem'),
(78, 'CNTT2211016', 'chưa xem'),
(78, 'CNTT2211017', 'chưa xem'),
(78, 'CNTT2211018', 'chưa xem'),
(78, 'CNTT2211019', 'chưa xem'),
(78, 'CNTT2211020', 'chưa xem'),
(78, 'CNTT2211021', 'chưa xem'),
(78, 'CNTT2211022', 'chưa xem'),
(78, 'CNTT2211023', 'chưa xem'),
(78, 'CNTT2211024', 'chưa xem'),
(78, 'CNTT2211025', 'chưa xem'),
(78, 'CNTT2211026', 'chưa xem'),
(78, 'CNTT2211027', 'chưa xem'),
(78, 'CNTT2211028', 'chưa xem'),
(78, 'CNTT2211029', 'chưa xem'),
(78, 'CNTT2211030', 'chưa xem'),
(78, 'CNTT2211031', 'chưa xem'),
(78, 'CNTT2211035', 'chưa xem'),
(78, 'CNTT2211036', 'chưa xem'),
(78, 'CNTT2211037', 'chưa xem'),
(78, 'CNTT2211040', 'chưa xem'),
(78, 'CNTT2211045', 'chưa xem'),
(78, 'CNTT2211048', 'chưa xem'),
(78, 'CNTT2211050', 'chưa xem'),
(78, 'HTTT2211001', 'chưa xem'),
(78, 'HTTT2211002', 'chưa xem'),
(78, 'HTTT2211003', 'chưa xem'),
(78, 'HTTT2211004', 'chưa xem'),
(78, 'HTTT2211005', 'chưa xem'),
(78, 'HTTT2211006', 'chưa xem'),
(78, 'HTTT2211007', 'chưa xem'),
(78, 'HTTT2211008', 'chưa xem'),
(78, 'HTTT2211009', 'chưa xem'),
(78, 'HTTT2211010', 'chưa xem'),
(78, 'HTTT2211011', 'chưa xem'),
(78, 'HTTT2211012', 'chưa xem'),
(78, 'HTTT2211013', 'chưa xem'),
(78, 'HTTT2211014', 'chưa xem'),
(78, 'HTTT2211015', 'chưa xem'),
(78, 'HTTT2211016', 'chưa xem'),
(78, 'HTTT2211017', 'chưa xem'),
(78, 'HTTT2211018', 'chưa xem'),
(78, 'HTTT2211019', 'chưa xem'),
(78, 'HTTT2211020', 'chưa xem'),
(78, 'HTTT2211021', 'chưa xem'),
(78, 'HTTT2211022', 'chưa xem'),
(78, 'HTTT2211023', 'chưa xem'),
(78, 'HTTT2211024', 'chưa xem'),
(78, 'HTTT2211025', 'chưa xem'),
(78, 'HTTT2211026', 'chưa xem'),
(78, 'HTTT2211027', 'chưa xem'),
(78, 'HTTT2211028', 'chưa xem'),
(78, 'HTTT2211029', 'chưa xem'),
(78, 'HTTT2211030', 'chưa xem'),
(78, 'HTTT2211031', 'chưa xem'),
(78, 'KTPM2211001', 'chưa xem'),
(78, 'KTPM2211002', 'chưa xem'),
(78, 'KTPM2211003', 'chưa xem'),
(78, 'KTPM2211004', 'chưa xem'),
(78, 'KTPM2211005', 'chưa xem'),
(78, 'KTPM2211006', 'chưa xem'),
(78, 'KTPM2211007', 'chưa xem'),
(78, 'KTPM2211008', 'chưa xem'),
(78, 'KTPM2211009', 'chưa xem'),
(78, 'KTPM2211010', 'chưa xem'),
(78, 'KTPM2211011', 'chưa xem'),
(78, 'KTPM2211012', 'chưa xem'),
(78, 'KTPM2211013', 'chưa xem'),
(78, 'KTPM2211014', 'chưa xem'),
(78, 'KTPM2211015', 'chưa xem'),
(78, 'KTPM2211016', 'chưa xem'),
(78, 'KTPM2211017', 'chưa xem'),
(78, 'KTPM2211018', 'chưa xem'),
(78, 'KTPM2211019', 'chưa xem'),
(78, 'KTPM2211020', 'chưa xem'),
(78, 'KTPM2211021', 'chưa xem'),
(78, 'KTPM2211022', 'chưa xem'),
(78, 'KTPM2211023', 'chưa xem'),
(78, 'KTPM2211024', 'chưa xem'),
(78, 'KTPM2211025', 'chưa xem'),
(78, 'KTPM2211026', 'chưa xem'),
(78, 'KTPM2211027', 'chưa xem'),
(78, 'KTPM2211028', 'chưa xem'),
(78, 'KTPM2211029', 'chưa xem'),
(78, 'KTPM2211030', 'chưa xem'),
(78, 'KTPM2211031', 'chưa xem'),
(78, 'KTPM2211032', 'chưa xem'),
(78, 'KTPM2211033', 'chưa xem'),
(78, 'KTPM2211034', 'chưa xem'),
(78, 'KTPM2211035', 'chưa xem'),
(78, 'KTPM2211036', 'chưa xem'),
(78, 'KTPM2211037', 'chưa xem'),
(78, 'KTPM2211038', 'chưa xem'),
(78, 'KTPM2211039', 'chưa xem'),
(78, 'KTPM2211040', 'chưa xem'),
(78, 'KTPM2211041', 'chưa xem'),
(78, 'KTPM2211042', 'chưa xem'),
(78, 'KTPM2211043', 'chưa xem'),
(78, 'KTPM2211044', 'chưa xem'),
(78, 'KTPM2211045', 'chưa xem'),
(78, 'KTPM2211046', 'chưa xem');

--
-- Chỉ mục cho các bảng đã đổ
--

--
-- Chỉ mục cho bảng `cauhoi`
--
ALTER TABLE `cauhoi`
  ADD PRIMARY KEY (`macauhoi`),
  ADD KEY `FK_CAUHOI_NGUOIDUNG` (`nguoitao`),
  ADD KEY `FK_CAUHOI_CHUONG` (`machuong`),
  ADD KEY `FK_CAUHOI_MONHOC` (`mamonhoc`),
  ADD KEY `idx_madv` (`madv`);

--
-- Chỉ mục cho bảng `cautraloi`
--
ALTER TABLE `cautraloi`
  ADD PRIMARY KEY (`macautl`),
  ADD KEY `FK_CAUTRALOI_CAUHOI` (`macauhoi`);

--
-- Chỉ mục cho bảng `cham_tuluan`
--
ALTER TABLE `cham_tuluan`
  ADD PRIMARY KEY (`id`),
  ADD UNIQUE KEY `uk_makq_macauhoi` (`makq`,`macauhoi`);

--
-- Chỉ mục cho bảng `chitietdethi`
--
ALTER TABLE `chitietdethi`
  ADD PRIMARY KEY (`made`,`macauhoi`),
  ADD KEY `FK_CHITIETDETHI_CAUHOI` (`macauhoi`);

--
-- Chỉ mục cho bảng `chitietketqua`
--
ALTER TABLE `chitietketqua`
  ADD PRIMARY KEY (`makq`,`macauhoi`),
  ADD UNIQUE KEY `uniq_makq_macauhoi` (`makq`,`macauhoi`),
  ADD KEY `FK_CHITIETKETQUA_CAUTRALOI` (`dapanchon`),
  ADD KEY `idx_makq_thutu` (`makq`,`thutu`),
  ADD KEY `FK_CHITIETKETQUA_CAUHOI` (`macauhoi`);

--
-- Chỉ mục cho bảng `chitietnhom`
--
ALTER TABLE `chitietnhom`
  ADD PRIMARY KEY (`manhom`,`manguoidung`),
  ADD KEY `FK_CHITIETNHOM_NGUOIDUNG` (`manguoidung`);

--
-- Chỉ mục cho bảng `chitietquyen`
--
ALTER TABLE `chitietquyen`
  ADD PRIMARY KEY (`manhomquyen`,`chucnang`,`hanhdong`) USING BTREE,
  ADD KEY `hanhdong` (`chucnang`) USING BTREE;

--
-- Chỉ mục cho bảng `chitietthongbao`
--
ALTER TABLE `chitietthongbao`
  ADD PRIMARY KEY (`matb`,`manhom`),
  ADD KEY `FK_CHITIETTHONGBAO_NHOM` (`manhom`);

--
-- Chỉ mục cho bảng `chuong`
--
ALTER TABLE `chuong`
  ADD PRIMARY KEY (`machuong`),
  ADD KEY `FK_CHUONG_MONHOC` (`mamonhoc`);

--
-- Chỉ mục cho bảng `danhmucchucnang`
--
ALTER TABLE `danhmucchucnang`
  ADD PRIMARY KEY (`chucnang`) USING BTREE;

--
-- Chỉ mục cho bảng `dethi`
--
ALTER TABLE `dethi`
  ADD PRIMARY KEY (`made`),
  ADD KEY `fk_dethi_monhoc` (`monthi`);

--
-- Chỉ mục cho bảng `dethitudong`
--
ALTER TABLE `dethitudong`
  ADD PRIMARY KEY (`made`,`machuong`),
  ADD KEY `FK_DETHITUDONG_CHUONG` (`machuong`);

--
-- Chỉ mục cho bảng `doan_van`
--
ALTER TABLE `doan_van`
  ADD PRIMARY KEY (`madv`),
  ADD KEY `idx_monhoc` (`mamonhoc`),
  ADD KEY `idx_chuong` (`machuong`);

--
-- Chỉ mục cho bảng `giaodethi`
--
ALTER TABLE `giaodethi`
  ADD PRIMARY KEY (`made`,`manhom`),
  ADD KEY `FK_GIAODETHI_NHOM` (`manhom`);

--
-- Chỉ mục cho bảng `hinhanh_traloi_tuluan`
--
ALTER TABLE `hinhanh_traloi_tuluan`
  ADD PRIMARY KEY (`id`),
  ADD KEY `traloi_id` (`traloi_id`);

--
-- Chỉ mục cho bảng `hocky`
--
ALTER TABLE `hocky`
  ADD PRIMARY KEY (`mahocky`),
  ADD UNIQUE KEY `unique_hocky_per_year` (`manamhoc`,`sohocky`);

--
-- Chỉ mục cho bảng `ketqua`
--
ALTER TABLE `ketqua`
  ADD PRIMARY KEY (`made`,`manguoidung`),
  ADD UNIQUE KEY `stt` (`makq`) USING BTREE,
  ADD KEY `FK_KETQUA_NGUOIDUNG` (`manguoidung`);

--
-- Chỉ mục cho bảng `monhoc`
--
ALTER TABLE `monhoc`
  ADD PRIMARY KEY (`mamonhoc`);

--
-- Chỉ mục cho bảng `namhoc`
--
ALTER TABLE `namhoc`
  ADD PRIMARY KEY (`manamhoc`);

--
-- Chỉ mục cho bảng `nguoidung`
--
ALTER TABLE `nguoidung`
  ADD PRIMARY KEY (`id`),
  ADD KEY `FK_NGUOIDUNG_NHOMQUYEN` (`manhomquyen`);

--
-- Chỉ mục cho bảng `nhom`
--
ALTER TABLE `nhom`
  ADD PRIMARY KEY (`manhom`),
  ADD KEY `FK_NHOM_NGUOIDUNG` (`giangvien`),
  ADD KEY `FK_nhom_monhoc` (`mamonhoc`);

--
-- Chỉ mục cho bảng `nhomquyen`
--
ALTER TABLE `nhomquyen`
  ADD PRIMARY KEY (`manhomquyen`);

--
-- Chỉ mục cho bảng `phancong`
--
ALTER TABLE `phancong`
  ADD PRIMARY KEY (`mamonhoc`,`manguoidung`,`namhoc`,`hocky`),
  ADD KEY `fk_phancong_namhoc` (`namhoc`),
  ADD KEY `fk_phancong_hocky` (`hocky`);

--
-- Chỉ mục cho bảng `thongbao`
--
ALTER TABLE `thongbao`
  ADD PRIMARY KEY (`matb`),
  ADD KEY `FK_THONGBAO_NGUOIDUNG` (`nguoitao`);

--
-- Chỉ mục cho bảng `traloi_tuluan`
--
ALTER TABLE `traloi_tuluan`
  ADD PRIMARY KEY (`id`),
  ADD UNIQUE KEY `makq_macauhoi_unique` (`makq`,`macauhoi`);

--
-- Chỉ mục cho bảng `trangthaithongbao`
--
ALTER TABLE `trangthaithongbao`
  ADD PRIMARY KEY (`matb`,`manguoidung`),
  ADD KEY `manguoidung` (`manguoidung`);

--
-- AUTO_INCREMENT cho các bảng đã đổ
--

--
-- AUTO_INCREMENT cho bảng `cauhoi`
--
ALTER TABLE `cauhoi`
  MODIFY `macauhoi` int(11) NOT NULL AUTO_INCREMENT, AUTO_INCREMENT=256;

--
-- AUTO_INCREMENT cho bảng `cautraloi`
--
ALTER TABLE `cautraloi`
  MODIFY `macautl` int(11) NOT NULL AUTO_INCREMENT, AUTO_INCREMENT=1117;

--
-- AUTO_INCREMENT cho bảng `cham_tuluan`
--
ALTER TABLE `cham_tuluan`
  MODIFY `id` int(11) NOT NULL AUTO_INCREMENT, AUTO_INCREMENT=5;

--
-- AUTO_INCREMENT cho bảng `chuong`
--
ALTER TABLE `chuong`
  MODIFY `machuong` int(11) NOT NULL AUTO_INCREMENT, AUTO_INCREMENT=34;

--
-- AUTO_INCREMENT cho bảng `dethi`
--
ALTER TABLE `dethi`
  MODIFY `made` int(11) NOT NULL AUTO_INCREMENT, AUTO_INCREMENT=14;

--
-- AUTO_INCREMENT cho bảng `doan_van`
--
ALTER TABLE `doan_van`
  MODIFY `madv` int(11) NOT NULL AUTO_INCREMENT, AUTO_INCREMENT=93;

--
-- AUTO_INCREMENT cho bảng `hinhanh_traloi_tuluan`
--
ALTER TABLE `hinhanh_traloi_tuluan`
  MODIFY `id` int(11) NOT NULL AUTO_INCREMENT, AUTO_INCREMENT=6;

--
-- AUTO_INCREMENT cho bảng `hocky`
--
ALTER TABLE `hocky`
  MODIFY `mahocky` int(11) NOT NULL AUTO_INCREMENT, AUTO_INCREMENT=30;

--
-- AUTO_INCREMENT cho bảng `ketqua`
--
ALTER TABLE `ketqua`
  MODIFY `makq` int(11) NOT NULL AUTO_INCREMENT, AUTO_INCREMENT=11;

--
-- AUTO_INCREMENT cho bảng `namhoc`
--
ALTER TABLE `namhoc`
  MODIFY `manamhoc` int(11) NOT NULL AUTO_INCREMENT, AUTO_INCREMENT=19;

--
-- AUTO_INCREMENT cho bảng `nhom`
--
ALTER TABLE `nhom`
  MODIFY `manhom` int(11) NOT NULL AUTO_INCREMENT, AUTO_INCREMENT=12;

--
-- AUTO_INCREMENT cho bảng `nhomquyen`
--
ALTER TABLE `nhomquyen`
  MODIFY `manhomquyen` int(11) NOT NULL AUTO_INCREMENT, AUTO_INCREMENT=4;

--
-- AUTO_INCREMENT cho bảng `thongbao`
--
ALTER TABLE `thongbao`
  MODIFY `matb` int(11) NOT NULL AUTO_INCREMENT, AUTO_INCREMENT=79;

--
-- AUTO_INCREMENT cho bảng `traloi_tuluan`
--
ALTER TABLE `traloi_tuluan`
  MODIFY `id` int(11) NOT NULL AUTO_INCREMENT, AUTO_INCREMENT=17;

--
-- Các ràng buộc cho các bảng đã đổ
--

--
-- Các ràng buộc cho bảng `cauhoi`
--
ALTER TABLE `cauhoi`
  ADD CONSTRAINT `FK_CAUHOI_CHUONG` FOREIGN KEY (`machuong`) REFERENCES `chuong` (`machuong`) ON DELETE NO ACTION ON UPDATE NO ACTION,
  ADD CONSTRAINT `FK_CAUHOI_MONHOC` FOREIGN KEY (`mamonhoc`) REFERENCES `monhoc` (`mamonhoc`) ON DELETE NO ACTION ON UPDATE NO ACTION,
  ADD CONSTRAINT `cauhoi_ibfk_1` FOREIGN KEY (`madv`) REFERENCES `doan_van` (`madv`) ON DELETE SET NULL;

--
-- Các ràng buộc cho bảng `cautraloi`
--
ALTER TABLE `cautraloi`
  ADD CONSTRAINT `FK_CAUTRALOI_CAUHOI` FOREIGN KEY (`macauhoi`) REFERENCES `cauhoi` (`macauhoi`) ON DELETE NO ACTION ON UPDATE NO ACTION;

--
-- Các ràng buộc cho bảng `chitietdethi`
--
ALTER TABLE `chitietdethi`
  ADD CONSTRAINT `FK_CHITIETDETHI_CAUHOI` FOREIGN KEY (`macauhoi`) REFERENCES `cauhoi` (`macauhoi`) ON DELETE NO ACTION ON UPDATE NO ACTION,
  ADD CONSTRAINT `FK_CHITIETDETHI_DETHI` FOREIGN KEY (`made`) REFERENCES `dethi` (`made`) ON DELETE NO ACTION ON UPDATE NO ACTION;

--
-- Các ràng buộc cho bảng `chitietketqua`
--
ALTER TABLE `chitietketqua`
  ADD CONSTRAINT `FK_CHITIETKETQUA_CAUHOI` FOREIGN KEY (`macauhoi`) REFERENCES `cauhoi` (`macauhoi`) ON DELETE CASCADE ON UPDATE CASCADE,
  ADD CONSTRAINT `FK_CHITIETKETQUA_CAUTRALOI` FOREIGN KEY (`dapanchon`) REFERENCES `cautraloi` (`macautl`) ON DELETE NO ACTION ON UPDATE NO ACTION,
  ADD CONSTRAINT `FK_CHITIETKETQUA_KETQUA` FOREIGN KEY (`makq`) REFERENCES `ketqua` (`makq`) ON DELETE NO ACTION ON UPDATE NO ACTION;

--
-- Các ràng buộc cho bảng `chitietnhom`
--
ALTER TABLE `chitietnhom`
  ADD CONSTRAINT `FK_CHITIETNHOM_NHOM` FOREIGN KEY (`manhom`) REFERENCES `nhom` (`manhom`) ON DELETE NO ACTION ON UPDATE NO ACTION,
  ADD CONSTRAINT `FK_chitietnhom_nguoidung` FOREIGN KEY (`manguoidung`) REFERENCES `nguoidung` (`id`) ON DELETE CASCADE ON UPDATE CASCADE;

--
-- Các ràng buộc cho bảng `chitietquyen`
--
ALTER TABLE `chitietquyen`
  ADD CONSTRAINT `FK_CHITIETQUYEN_NHOMQUYEN` FOREIGN KEY (`manhomquyen`) REFERENCES `nhomquyen` (`manhomquyen`) ON DELETE NO ACTION ON UPDATE NO ACTION,
  ADD CONSTRAINT `chitietquyen_ibfk_1` FOREIGN KEY (`chucnang`) REFERENCES `danhmucchucnang` (`chucnang`);

--
-- Các ràng buộc cho bảng `chitietthongbao`
--
ALTER TABLE `chitietthongbao`
  ADD CONSTRAINT `FK_CHITIETTHONGBAO_NHOM` FOREIGN KEY (`manhom`) REFERENCES `nhom` (`manhom`) ON DELETE NO ACTION ON UPDATE NO ACTION,
  ADD CONSTRAINT `FK_CHITIETTHONGBAO_THONGBAO` FOREIGN KEY (`matb`) REFERENCES `thongbao` (`matb`) ON DELETE NO ACTION ON UPDATE NO ACTION;

--
-- Các ràng buộc cho bảng `chuong`
--
ALTER TABLE `chuong`
  ADD CONSTRAINT `FK_CHUONG_MONHOC` FOREIGN KEY (`mamonhoc`) REFERENCES `monhoc` (`mamonhoc`) ON DELETE NO ACTION ON UPDATE NO ACTION;

--
-- Các ràng buộc cho bảng `dethi`
--
ALTER TABLE `dethi`
  ADD CONSTRAINT `fk_dethi_monhoc` FOREIGN KEY (`monthi`) REFERENCES `monhoc` (`mamonhoc`) ON UPDATE CASCADE;

--
-- Các ràng buộc cho bảng `dethitudong`
--
ALTER TABLE `dethitudong`
  ADD CONSTRAINT `FK_DETHITUDONG_CHUONG` FOREIGN KEY (`machuong`) REFERENCES `chuong` (`machuong`) ON DELETE NO ACTION ON UPDATE NO ACTION,
  ADD CONSTRAINT `FK_DETHITUDONG_DETHI` FOREIGN KEY (`made`) REFERENCES `dethi` (`made`) ON DELETE NO ACTION ON UPDATE NO ACTION;

--
-- Các ràng buộc cho bảng `giaodethi`
--
ALTER TABLE `giaodethi`
  ADD CONSTRAINT `FK_GIAODETHI_DETHI` FOREIGN KEY (`made`) REFERENCES `dethi` (`made`) ON DELETE NO ACTION ON UPDATE NO ACTION,
  ADD CONSTRAINT `FK_GIAODETHI_NHOM` FOREIGN KEY (`manhom`) REFERENCES `nhom` (`manhom`) ON DELETE NO ACTION ON UPDATE NO ACTION;

--
-- Các ràng buộc cho bảng `hinhanh_traloi_tuluan`
--
ALTER TABLE `hinhanh_traloi_tuluan`
  ADD CONSTRAINT `hinhanh_traloi_tuluan_ibfk_1` FOREIGN KEY (`traloi_id`) REFERENCES `traloi_tuluan` (`id`);

--
-- Các ràng buộc cho bảng `hocky`
--
ALTER TABLE `hocky`
  ADD CONSTRAINT `fk_hocky_namhoc` FOREIGN KEY (`manamhoc`) REFERENCES `namhoc` (`manamhoc`) ON DELETE CASCADE ON UPDATE CASCADE,
  ADD CONSTRAINT `hocky_ibfk_1` FOREIGN KEY (`manamhoc`) REFERENCES `namhoc` (`manamhoc`) ON DELETE CASCADE;

--
-- Các ràng buộc cho bảng `ketqua`
--
ALTER TABLE `ketqua`
  ADD CONSTRAINT `FK_KETQUA_DETHI` FOREIGN KEY (`made`) REFERENCES `dethi` (`made`) ON DELETE NO ACTION ON UPDATE NO ACTION,
  ADD CONSTRAINT `FK_ketqua_nguoidung` FOREIGN KEY (`manguoidung`) REFERENCES `nguoidung` (`id`) ON DELETE NO ACTION ON UPDATE NO ACTION;

--
-- Các ràng buộc cho bảng `nguoidung`
--
ALTER TABLE `nguoidung`
  ADD CONSTRAINT `FK_NGUOIDUNG_NHOMQUYEN` FOREIGN KEY (`manhomquyen`) REFERENCES `nhomquyen` (`manhomquyen`) ON DELETE NO ACTION ON UPDATE NO ACTION;

--
-- Các ràng buộc cho bảng `nhom`
--
ALTER TABLE `nhom`
  ADD CONSTRAINT `FK_nhom_monhoc` FOREIGN KEY (`mamonhoc`) REFERENCES `monhoc` (`mamonhoc`) ON DELETE NO ACTION ON UPDATE NO ACTION;

--
-- Các ràng buộc cho bảng `phancong`
--
ALTER TABLE `phancong`
  ADD CONSTRAINT `fk_phancong_hocky` FOREIGN KEY (`hocky`) REFERENCES `hocky` (`mahocky`) ON DELETE CASCADE ON UPDATE CASCADE,
  ADD CONSTRAINT `fk_phancong_namhoc` FOREIGN KEY (`namhoc`) REFERENCES `namhoc` (`manamhoc`) ON DELETE CASCADE ON UPDATE CASCADE;

--
-- Các ràng buộc cho bảng `trangthaithongbao`
--
ALTER TABLE `trangthaithongbao`
  ADD CONSTRAINT `trangthaithongbao_ibfk_1` FOREIGN KEY (`matb`) REFERENCES `thongbao` (`matb`) ON DELETE CASCADE,
  ADD CONSTRAINT `trangthaithongbao_ibfk_2` FOREIGN KEY (`manguoidung`) REFERENCES `nguoidung` (`id`) ON DELETE CASCADE;
COMMIT;

/*!40101 SET CHARACTER_SET_CLIENT=@OLD_CHARACTER_SET_CLIENT */;
/*!40101 SET CHARACTER_SET_RESULTS=@OLD_CHARACTER_SET_RESULTS */;
/*!40101 SET COLLATION_CONNECTION=@OLD_COLLATION_CONNECTION */;
